node_id,source,content_type,green_category,active_green_categories,label,article_id,source_title,section_title,sample_id,llm_topic_name,word_count,text_preview,x,y,z
article_1__section_001__chunk_001,article_index,article_chunk,environmental_awareness,environmental_awareness,article_1,article_1,How Green is ‘Green’ Energy?,Abstract,,,,"Bioenergy: energy from materials derived from biological products (e. g., wood, algae) which are often burned to generate electricity. Concentrating solar power (CSP): the indirect type of solar energy which uses mirrors or lenses to con...",-5.480646133422852,11.023885726928711,14.4002103805542
article_1__section_002__chunk_001,article_index,article_chunk,environmental_awareness,environmental_awareness,article_1,article_1,How Green is ‘Green’ Energy?,Untitled section,,,,"Renewable energy is an important piece of the puzzle in meeting growing energy demands and mitigating climate change, but the potentially adverse effects of such technologies are often overlooked. Given that climate and ecology are inext...",-5.493381023406982,11.037452697753906,14.387042999267578
article_1__section_003__chunk_001,article_index,article_chunk,environmental_awareness,environmental_awareness,article_1,article_1,How Green is ‘Green’ Energy?,The Rise of Renewables,,,,"Growing human populations and rising levels of consumption have elevated energy demands, placing increasing burdens on the environmentparticularly on the global climate. In a transition to clean sources of energy, much energy growth will...",-5.48087215423584,11.024653434753418,14.399591445922852
article_1__section_003__chunk_002,article_index,article_chunk,environmental_awareness,environmental_awareness,article_1,article_1,How Green is ‘Green’ Energy?,The Rise of Renewables,,,,"Hydropower has the largest environmental impacts, mostly because of habitat loss and fragmentation caused by impoundment reservoirs and roads needed for dam construction and maintenance. Dams block animal migration and disrupt river flow...",-5.4863505363464355,11.030325889587402,14.393943786621094
article_1__section_004__chunk_001,article_index,article_chunk,environmental_awareness,environmental_awareness,article_1,article_1,How Green is ‘Green’ Energy?,Overall Trends in Renewable Energy,,,,"In 2016 the installed electricity generation capacity of hydropower was 1096 GW (Figure 1). Actual electricity generation, however, was estimated at only 4.1 PWh, much lower than the potential global annual generation of 52.0 PWh. This c...",-5.494441986083984,11.038187026977539,14.386041641235352
article_1__section_004__chunk_002,article_index,article_chunk,environmental_awareness,environmental_awareness,article_1,article_1,How Green is ‘Green’ Energy?,Overall Trends in Renewable Energy,,,,"For the first time, developing countries (including the 'BRICS' nations of Brazil, Russia, India, China, and South Africa) exceeded developed countries in investment, with China alone accounting for 32% of total global investment in rene...",-5.518837928771973,11.062518119812012,14.361727714538574
article_1__section_005__chunk_001,article_index,article_chunk,environmental_awareness,environmental_awareness,article_1,article_1,How Green is ‘Green’ Energy?,Hydropower: The Largest Renewable Energy Source,,,,"Carbon Emissions As of March 2014 some 3700 sizable (>1 MW) hydroelectric dams were either planned (83%) or under construction (17%) worldwide, with about nine-tenths of these being in developing nations. Despite being touted as a clean ...",-5.501297950744629,11.045329093933105,14.37889289855957
article_1__section_006__chunk_001,article_index,article_chunk,environmental_awareness,environmental_awareness,article_1,article_1,How Green is ‘Green’ Energy?,Impacts on Biodiversity,,,,"In many contexts, the largest impact caused by hydropower is the habitat lost to impoundment reservoirs. Globally, hydroelectric reservoirs cover an area of 340 000 km 2, nearly the size of Germany, replacing important lowland and riveri...",-5.5039238929748535,11.048376083374023,14.37584400177002
article_1__section_006__chunk_002,article_index,article_chunk,environmental_awareness,environmental_awareness,article_1,article_1,How Green is ‘Green’ Energy?,Impacts on Biodiversity,,,,"Dams along the Mekong and its tributaries create barriers that disrupt upstream spawning migration and the downstream drift of fish eggs and larvae, and threaten fisheries that provide likelihoods and food resources for many of the 65 mi...",-5.558443546295166,11.103312492370605,14.320878982543945
article_1__section_006__chunk_003,article_index,article_chunk,environmental_awareness,environmental_awareness,article_1,article_1,How Green is ‘Green’ Energy?,Impacts on Biodiversity,,,,Dams can also contribute to increased saltwater intrusion in river mouths by blocking the flow of sediment which helps to keep deltas above sea level. One of the few positive effects of hydroelectric development is that the impoundment o...,-5.519253253936768,11.063728332519531,14.360514640808105
article_1__section_007__chunk_001,article_index,article_chunk,environmental_awareness,environmental_awareness,article_1,article_1,How Green is ‘Green’ Energy?,Solar Energy: The Fastest Growing Renewable,,,,"Many different methods exist for converting sunlight to energy but, in general, solar power plants require large land areas and high water useparticularly to cool the steam turbine and clean solar panels and reflective surfaces. Other th...",-5.465127468109131,11.008744239807129,14.415441513061523
article_1__section_008__chunk_001,article_index,article_chunk,environmental_awareness,environmental_awareness,article_1,article_1,How Green is ‘Green’ Energy?,Wind Power: The Renewable with the Smallest Footprint?,,,,"As with solar energy, little is known about the potential impacts of wind energy development on biodiversity. Construction of wind farms can affect habitat quality, attract predators, and elevate the risk of fire. Roads built for access ...",-5.466255187988281,11.010051727294922,14.414141654968262
article_1__section_008__chunk_002,article_index,article_chunk,environmental_awareness,environmental_awareness,article_1,article_1,How Green is ‘Green’ Energy?,Wind Power: The Renewable with the Smallest Footprint?,,,,"California, which has the most wind turbines, is believed to have nearly half (46.4%) of all bird collisions in the USA (Box 2). A review of 33 wind farms across North America concluded that rotor diameter did not affect the mortality ra...",-5.48547887802124,11.029342651367188,14.394845962524414
article_1__section_009__chunk_001,article_index,article_chunk,environmental_awareness,environmental_awareness,article_1,article_1,How Green is ‘Green’ Energy?,Prescriptions for Sustainable Renewable Energy Growth,,,,"It is important to emphasize that research efforts on the three renewable energy sources examined here are uneven, with a particular gap in our understanding of solar energy and its impacts on biodiversity. However, based on this review,...",-5.5062432289123535,11.05015754699707,14.374168395996094
article_1__section_009__chunk_002,article_index,article_chunk,environmental_awareness,environmental_awareness,article_1,article_1,How Green is ‘Green’ Energy?,Prescriptions for Sustainable Renewable Energy Growth,,,,"Recent basin-scale assessments have been made for the Mekong River and the Amazon, incorporating projected changes in hydrology and sediment transport that would affect ecosystem productivity, rural livelihoods, and biodiversity along th...",-5.531923770904541,11.076008796691895,14.348313331604004
article_1__section_010__chunk_001,article_index,article_chunk,environmental_awareness,environmental_awareness,article_1,article_1,How Green is ‘Green’ Energy?,Concluding Remarks,,,,"Renewable energy, a vital component of our global climate change mitigation strategy, needs to be considered within the broader context of biodiversity and ecosystem protection. Our analysis of three major types of renewableshydro, solar...",-5.45920467376709,11.002974510192871,14.421340942382812
article_10__section_001__chunk_001,article_index,article_chunk,occupancy_based_control,"occupancy_based_control, appliance_energy_management, scheduling_optimization",article_10,article_10,Energy management of smart homes over fog-based IoT architecture,Abstract,,,,"Existing research studies on home automation systems mostly conserve energy by modeling the occupancy of users within home. Some others apply statistical approaches on the survey data about usage of appliances. Consequently, these resear...",0.7643074989318848,11.168221473693848,-9.553032875061035
article_10__section_002__chunk_001,article_index,article_chunk,occupancy_based_control,"occupancy_based_control, appliance_energy_management, scheduling_optimization",article_10,article_10,Energy management of smart homes over fog-based IoT architecture,Introduction,,,,"In the last decade, the proliferation of smart devices has remarkably improved and reshaped the lifestyles of their users. A home automation system (HAS) introduces smartness and intelligence within home appliances to automate various ho...",0.8054105639457703,11.147478103637695,-9.435505867004395
article_10__section_002__chunk_002,article_index,article_chunk,occupancy_based_control,"occupancy_based_control, appliance_energy_management, scheduling_optimization",article_10,article_10,Energy management of smart homes over fog-based IoT architecture,Introduction,,,,"This paper proposes a Markov-chain-based stochastic model to calculate user state transition probabilities which are then used to predict the energy demand in next few time slots. Initially, user daily life routines are acquired by condu...",0.8776594996452332,11.000646591186523,-9.399420738220215
article_10__section_002__chunk_003,article_index,article_chunk,occupancy_based_control,"occupancy_based_control, appliance_energy_management, scheduling_optimization",article_10,article_10,Energy management of smart homes over fog-based IoT architecture,Introduction,,,,"In Section 4, we introduce the proposed PF-PEC algorithm for energy conservation in smart homes. We present our fog-based IoT architecture for smart homes and the details of real-world testbed in Section 5. Section 6 presents the experim...",0.7063261866569519,11.206954956054688,-9.601449966430664
article_10__section_003__chunk_001,article_index,article_chunk,occupancy_based_control,"occupancy_based_control, appliance_energy_management, scheduling_optimization",article_10,article_10,Energy management of smart homes over fog-based IoT architecture,Markov chain for energy optimization,,,,Markov chain is a stochastic model in which the probability of each event in a sequence depends only on the state attained in the previous event. We provide more details of Markov chain in Section 3.1 where we discuss how we apply Markov...,0.9231739044189453,10.929126739501953,-9.312156677246094
article_10__section_004__chunk_001,article_index,article_chunk,occupancy_based_control,"occupancy_based_control, appliance_energy_management, scheduling_optimization",article_10,article_10,Energy management of smart homes over fog-based IoT architecture,Smart home energy management,,,,A smart home energy management solution is proposed in. It considers a detailed set of attributes related to energy management in a smart home. These attributes are then linked to each other by meaningful and useful relationships. A fuzz...,0.8416292071342468,11.055560111999512,-9.469273567199707
article_10__section_005__chunk_001,article_index,article_chunk,occupancy_based_control,"occupancy_based_control, appliance_energy_management, scheduling_optimization",article_10,article_10,Energy management of smart homes over fog-based IoT architecture,Feedback mechanism and new approaches for energy optimization,,,,The research in highlights the importance of information feedback for households' daily activities to improve the accuracy of energy consumption computations. This method gives direct feedback to households and the information is relevan...,0.8238910436630249,11.080667495727539,-9.513529777526855
article_10__section_006__chunk_001,article_index,article_chunk,occupancy_based_control,"occupancy_based_control, appliance_energy_management, scheduling_optimization",article_10,article_10,Energy management of smart homes over fog-based IoT architecture,Fog-based architectures and human-comfort-based energy optimization,,,,Many fog-based and federated-learning-based architectures have been proposed and utilized in many applications in the past few years due to the increasing interest in fog and edge computing. A novel four-tier architecture for load optimi...,0.8484506011009216,10.998213768005371,-9.484343528747559
article_10__section_007__chunk_001,article_index,article_chunk,occupancy_based_control,"occupancy_based_control, appliance_energy_management, scheduling_optimization",article_10,article_10,Energy management of smart homes over fog-based IoT architecture,Probabilistic model,,,,"We propose a Markov-Chain-based stochastic model which gives probabilities of user activities in a smart home. Moreover, the proposed model results in probabilities of consuming certain amount of power in specified time slots. This proba...",0.8824936151504517,10.94782829284668,-9.387653350830078
article_10__section_008__chunk_001,article_index,article_chunk,occupancy_based_control,"occupancy_based_control, appliance_energy_management, scheduling_optimization",article_10,article_10,Energy management of smart homes over fog-based IoT architecture,Computing user states probabilities,,,,"Initially, we conduct a survey to receive user activity patterns throughout the day. This survey acquires information about the number of shared and personal appliances at home. It serves as an initial knowledge to the model and is used ...",0.9193992018699646,10.950604438781738,-9.363645553588867
article_10__section_008__chunk_002,article_index,article_chunk,occupancy_based_control,"occupancy_based_control, appliance_energy_management, scheduling_optimization",article_10,article_10,Energy management of smart homes over fog-based IoT architecture,Computing user states probabilities,,,,"Fig. 1 shows the state diagram representing these activity states. It is clear from the diagram that each state is accessible from itself and all other states. Hereafter, unless clear from context, we use to denote the transition matrix ...",0.9402081966400146,10.940193176269531,-9.351861953735352
article_10__section_008__chunk_003,article_index,article_chunk,occupancy_based_control,"occupancy_based_control, appliance_energy_management, scheduling_optimization",article_10,article_10,Energy management of smart homes over fog-based IoT architecture,Computing user states probabilities,,,,"These appliances also do not include heating or cooling appliances. of different user activity states. Thus, an increase in number of users increases the sample space essentially. Power consumption depends on the activity states of the u...",0.9389160871505737,10.97551441192627,-9.388447761535645
article_10__section_008__chunk_004,article_index,article_chunk,occupancy_based_control,"occupancy_based_control, appliance_energy_management, scheduling_optimization",article_10,article_10,Energy management of smart homes over fog-based IoT architecture,Computing user states probabilities,,,,"The probability that all users are sleeping at time can be obtained as P all-asleep = ∏ u∈U P u 1 (t) (5 ) At least one user is hyper-active. The power consumption will be quite high when at least one user is hyper-active because, as not...",0.9147307276725769,10.91931438446045,-9.35068416595459
article_10__section_009__chunk_001,article_index,article_chunk,occupancy_based_control,"occupancy_based_control, appliance_energy_management, scheduling_optimization",article_10,article_10,Energy management of smart homes over fog-based IoT architecture,(t)).,,,,"The probability that all user are in non-hyper-active state can be computed as ∏ ∈ (1 - 3 ()). Thus, the probability that at least one user is in hyper-active state can be obtained as P 1+hyperactive = 1 - ∏ u∈U (1 -P u 3 (t))(6) At leas...",0.9755595326423645,10.923819541931152,-9.353315353393555
article_10__section_010__chunk_001,article_index,article_chunk,occupancy_based_control,"occupancy_based_control, appliance_energy_management, scheduling_optimization",article_10,article_10,Energy management of smart homes over fog-based IoT architecture,Algorithm 1: Energy Consumption Modeling Algorithm,,,,"Input: User Activity Patterns Output:, the probability of power consumption",0.8233809471130371,10.979293823242188,-9.480830192565918
article_10__section_011__chunk_001,article_index,article_chunk,occupancy_based_control,"occupancy_based_control, appliance_energy_management, scheduling_optimization",article_10,article_10,Energy management of smart homes over fog-based IoT architecture,Energy consumption modeling algorithm,,,,"In this section, we present our energy consumption modeling algorithm (see Algorithm 1) which leverages the model proposed in Section 3.1. The algorithm employs the probabilities computed in Eqs. (4)-(7) to estimate the energy consumptio...",0.8955552577972412,11.052959442138672,-9.403547286987305
article_10__section_011__chunk_002,article_index,article_chunk,occupancy_based_control,"occupancy_based_control, appliance_energy_management, scheduling_optimization",article_10,article_10,Energy management of smart homes over fog-based IoT architecture,Energy consumption modeling algorithm,,,,"In each iteration, for each, these probabilities are computed and stored in an array to be used when the while loop terminates. Specifically, the algorithm uses the stored probabilities for each and computes the average probability of ea...",0.8582103252410889,11.011165618896484,-9.383912086486816
article_10__section_012__chunk_001,article_index,article_chunk,occupancy_based_control,"occupancy_based_control, appliance_energy_management, scheduling_optimization",article_10,article_10,Energy management of smart homes over fog-based IoT architecture,Prediction and feedback based proactive energy management algorithm,,,,"In this Section, we present our PF-PEC algorithm that ensures reduction of appliances over-usage in a smart home during peak load hours, i.e., when electricity cost is typically higher than the normal rates. Considering an appliance acti...",0.7476367354393005,11.176191329956055,-9.562808990478516
article_10__section_013__chunk_001,article_index,article_chunk,occupancy_based_control,"occupancy_based_control, appliance_energy_management, scheduling_optimization",article_10,article_10,Energy management of smart homes over fog-based IoT architecture,Calibration of threshold ranges on a common scale,,,,"To propose a single energy saving algorithm for all home appliances, it is necessary to calibrate environmental parameters on a common scale. These parameters are measured in frequently used units, i.e. temperature is measured in degree ...",0.873396635055542,11.055571556091309,-9.474433898925781
article_10__section_014__chunk_001,article_index,article_chunk,occupancy_based_control,"occupancy_based_control, appliance_energy_management, scheduling_optimization",article_10,article_10,Energy management of smart homes over fog-based IoT architecture,PF-PEC algorithm operations,,,,"Algorithm 2 outlines the pseudocode of PF-PEC algorithm which is executed in peak load hours. Peak load hours are denoted using, and represents the probability of power consumption obtained from Algorithm 1. The parameter is initialized ...",0.656524121761322,11.263201713562012,-9.62564754486084
article_10__section_014__chunk_002,article_index,article_chunk,occupancy_based_control,"occupancy_based_control, appliance_energy_management, scheduling_optimization",article_10,article_10,Energy management of smart homes over fog-based IoT architecture,PF-PEC algorithm operations,,,,"Another advantage of enabling feedback in the system is achieving higher accuracy of the produced results. One drawback of this feedback however, is that the system has to perform more number of computations. A visual description of this...",0.673488974571228,11.244558334350586,-9.626758575439453
article_10__section_015__chunk_001,article_index,article_chunk,occupancy_based_control,"occupancy_based_control, appliance_energy_management, scheduling_optimization",article_10,article_10,Energy management of smart homes over fog-based IoT architecture,Our proposed fog-based architecture and a real-world testbed for smart homes,,,,"In this section, we provide architectural details of the smart home that we use as a test bed. A fog based IoT architecture for smart homes is presented to realize the implementation of proposed energy optimization algorithms in a smart ...",0.9984426498413086,10.923140525817871,-9.445230484008789
article_10__section_016__chunk_001,article_index,article_chunk,occupancy_based_control,"occupancy_based_control, appliance_energy_management, scheduling_optimization",article_10,article_10,Energy management of smart homes over fog-based IoT architecture,Sensing and data acquisition,,,,Sensor modules are designed for data acquisition that resides multiple sensors. The microcontroller used in these modules contains 8kB of RAM and 16 channel 12 bit ADCs which makes it suitable for sensing modules. For wireless connectivi...,0.9652695655822754,11.084142684936523,-9.42440128326416
article_10__section_017__chunk_001,article_index,article_chunk,occupancy_based_control,"occupancy_based_control, appliance_energy_management, scheduling_optimization",article_10,article_10,Energy management of smart homes over fog-based IoT architecture,Actuation,,,,"To enable smart actuation of appliances, an actuation module is designed to replace existing switch outlets in conventional and smart homes. The specifications of microcontroller used in actuation module are similar to that of sensor mod...",0.9698867797851562,11.109142303466797,-9.396661758422852
article_10__section_018__chunk_001,article_index,article_chunk,occupancy_based_control,"occupancy_based_control, appliance_energy_management, scheduling_optimization",article_10,article_10,Energy management of smart homes over fog-based IoT architecture,IoT fog node,,,,A large number of sensing and actuation modules are mostly installed in a smart home. To maintain the connectivity of each module with IoT cloud can be expensive in terms of resources. There is a need of IoT fog node that can maintain co...,0.8658349514007568,11.078372955322266,-9.480446815490723
article_10__section_018__chunk_002,article_index,article_chunk,occupancy_based_control,"occupancy_based_control, appliance_energy_management, scheduling_optimization",article_10,article_10,Energy management of smart homes over fog-based IoT architecture,IoT fog node,,,,"Other services including Secure Shell (SSH), Secure File Transfer Protocol (SFTP), Web and Android APIs are implemented to access the fog node for configuration purposes. The proposed fog node is implemented using Raspberry Pi 4, shown i...",0.9618418216705322,11.018672943115234,-9.565226554870605
article_10__section_019__chunk_001,article_index,article_chunk,occupancy_based_control,"occupancy_based_control, appliance_energy_management, scheduling_optimization",article_10,article_10,Energy management of smart homes over fog-based IoT architecture,IoT cloud,,,,"Our smart home architecture includes customized implementation of IoT cloud whose functional diagram is shown in Fig. 5. The IoT cloud is equipped with multiple services and plug-ins to facilitate interaction with fog node, users and dev...",0.9256864786148071,11.087631225585938,-9.479612350463867
article_10__section_020__chunk_001,article_index,article_chunk,occupancy_based_control,"occupancy_based_control, appliance_energy_management, scheduling_optimization",article_10,article_10,Energy management of smart homes over fog-based IoT architecture,Real-world scenario to operate the test bed,,,,"The experiments are conducted on a real-world smart home system. We leverage the proposed system architecture presented in this section to implement a smart home system. A fog node, two sensor nodes and one actuation module is used in th...",0.9129830598831177,11.014164924621582,-9.449044227600098
article_10__section_021__chunk_001,article_index,article_chunk,occupancy_based_control,"occupancy_based_control, appliance_energy_management, scheduling_optimization",article_10,article_10,Energy management of smart homes over fog-based IoT architecture,Experiments and results,,,,"In this Section, the performance analysis of proposed algorithms is presented. Firstly, the prediction results of energy consumption estimation model (Algorithm 1) are discussed followed by the evaluation of proposed PF-PEC (Algorithm 2)...",0.7074475288391113,11.21078872680664,-9.569217681884766
article_10__section_021__chunk_002,article_index,article_chunk,occupancy_based_control,"occupancy_based_control, appliance_energy_management, scheduling_optimization",article_10,article_10,Energy management of smart homes over fog-based IoT architecture,Experiments and results,,,,"0.01-0.03, has the highest probability. Similarly, for other time slots, the results obtained from our energy consumption prediction model in terms of KWh ranges and their corresponding probabilities fairly match with that of actual ener...",0.8689935207366943,11.051097869873047,-9.442267417907715
article_10__section_021__chunk_003,article_index,article_chunk,occupancy_based_control,"occupancy_based_control, appliance_energy_management, scheduling_optimization",article_10,article_10,Energy management of smart homes over fog-based IoT architecture,Experiments and results,,,,It shows that the highest probability events in 3a and 3b have more chances to correctly predict the actual energy usage which in turn means that the actual energy consumed have more chances of falling in the KWh range of highest probabi...,0.7865356206893921,11.121109962463379,-9.510790824890137
article_10__section_021__chunk_004,article_index,article_chunk,occupancy_based_control,"occupancy_based_control, appliance_energy_management, scheduling_optimization",article_10,article_10,Energy management of smart homes over fog-based IoT architecture,Experiments and results,,,,It shows the daily time period for which both lights and a fan remained in on-state. These results validate that the PF-PEC algorithm further reduces energy consumption of a smart home. Fig. 9 graphically demonstrates these energy consum...,0.6342781782150269,11.28543472290039,-9.648947715759277
article_10__section_021__chunk_005,article_index,article_chunk,occupancy_based_control,"occupancy_based_control, appliance_energy_management, scheduling_optimization",article_10,article_10,Energy management of smart homes over fog-based IoT architecture,Experiments and results,,,,"On the contrary, PF-PEC provides the energy conservation up to 36% while achieving the human comfort threshold of 0.5 as per the ASHRAE standard. Therefore, the M-CHESS algorithm though flexibly change the human comfort range to attain m...",0.6355898976325989,11.283010482788086,-9.66418743133545
article_10__section_022__chunk_001,article_index,article_chunk,occupancy_based_control,"occupancy_based_control, appliance_energy_management, scheduling_optimization",article_10,article_10,Energy management of smart homes over fog-based IoT architecture,Conclusion,,,,The paper presents energy management and optimization techniques to minimize energy consumption in smart dwellings. A Markov chain model is proposed to compute probabilities of power consumption in different time slots. This data set is ...,0.813819169998169,11.070436477661133,-9.438560485839844
article_11__section_001__chunk_001,article_index,article_chunk,occupancy_based_control,"occupancy_based_control, appliance_energy_management, environmental_awareness",article_11,article_11,Electric Energy Management in the Smart Home,Abstract,,,,"Smart homes hold the potential for increasing energy efficiency, decreasing costs of energy use, decreasing the carbon footprint by including renewable resources, and transforming the role of the occupant. At the crux of the smart home i...",-4.735863208770752,5.343031883239746,2.1427667140960693
article_11__section_002__chunk_001,article_index,article_chunk,occupancy_based_control,"occupancy_based_control, appliance_energy_management, environmental_awareness",article_11,article_11,Electric Energy Management in the Smart Home,I. INTRODUCTION,,,,"smart home may be defined as a well-designed structure with sufficient access to assets, communication, controls, data, and information technologies for enhancing the occupants' quality of life through comfort, convenience, reduced costs...",-4.611749649047852,5.219231605529785,2.0189871788024902
article_11__section_003__chunk_001,article_index,article_chunk,occupancy_based_control,"occupancy_based_control, appliance_energy_management, environmental_awareness",article_11,article_11,Electric Energy Management in the Smart Home,US MONTHLY INCOME AND COMMUNICATIONS EXPENDITURES FOR 1980 AND 2008,,,,This information may indicate that consumers are not averse to significantly changing their spending habits with the advent of new technologies. According to the US Bureau of Labor Statistics the average homeowner spent approximately 11%...,-4.713090419769287,5.320248603820801,2.1206610202789307
article_11__section_004__chunk_001,article_index,article_chunk,occupancy_based_control,"occupancy_based_control, appliance_energy_management, environmental_awareness",article_11,article_11,Electric Energy Management in the Smart Home,A. What is a Smart Home?,,,,A home is already a well-designed connector for power transfer between the electricity grid and energy-consuming appliances. A smart home also functions as a switchboard for data flow among appliances and participants such as the enduser...,-4.68020486831665,5.2864837646484375,2.0864176750183105
article_11__section_005__chunk_001,article_index,article_chunk,occupancy_based_control,"occupancy_based_control, appliance_energy_management, environmental_awareness",article_11,article_11,Electric Energy Management in the Smart Home,B. Economic feasibility and likelihood of widespread adoption,,,,Several market and technology trends are expected to accelerate the development of cost-effective AHEM systems that enable smart homes. These include: • Implementation of smart grids and continued growth in home offices will expand marke...,-4.692955017089844,5.299115180969238,2.10099720954895
article_11__section_006__chunk_001,article_index,article_chunk,occupancy_based_control,"occupancy_based_control, appliance_energy_management, environmental_awareness",article_11,article_11,Electric Energy Management in the Smart Home,C. Smart Home Energy Management,,,,Large-scale demonstration efforts have thus far approached smart home research with a strong utility focus and less homeowner focus. Currently the incentive for homeowner participation is limited to relatively small financial gain via ut...,-4.62156867980957,5.227012634277344,2.0266776084899902
article_11__section_007__chunk_001,article_index,article_chunk,occupancy_based_control,"occupancy_based_control, appliance_energy_management, environmental_awareness",article_11,article_11,Electric Energy Management in the Smart Home,III. ASSETS AND CONTROLS,,,,"In smart homes, many loads can be considered as assets that can participate in the efficient use of electric energy: thermal loads, electric vehicles, and smart appliances. By intelligently controlling their behavior in either a reactive...",-4.6279401779174805,5.237400531768799,2.0370166301727295
article_11__section_007__chunk_002,article_index,article_chunk,occupancy_based_control,"occupancy_based_control, appliance_energy_management, environmental_awareness",article_11,article_11,Electric Energy Management in the Smart Home,III. ASSETS AND CONTROLS,,,,"Adapting the charging schedule according to grid supply conditions offers additional possibilities, as described in section IV. The utility of such distributed storage may be improved when used together with distributed generationsources...",-4.591388702392578,5.201395511627197,2.000997304916382
article_11__section_007__chunk_003,article_index,article_chunk,occupancy_based_control,"occupancy_based_control, appliance_energy_management, environmental_awareness",article_11,article_11,Electric Energy Management in the Smart Home,III. ASSETS AND CONTROLS,,,,"The starting time can be postponed by several hours, with no impact on the user as long as the cycle is over when the user requested it initially. A similar strategy can be used to control freezer and refrigerator cycle so as to reduce p...",-4.606349468231201,5.215671062469482,2.0153002738952637
article_11__section_007__chunk_004,article_index,article_chunk,occupancy_based_control,"occupancy_based_control, appliance_energy_management, environmental_awareness",article_11,article_11,Electric Energy Management in the Smart Home,III. ASSETS AND CONTROLS,,,,"Analogously, smart homes may span the spectrum from the simple addition of discrete features -such as smart appliances or remotely controllable lighting and thermostats -to an automatically controlled, highly coordinated self-learning sy...",-4.585343837738037,5.196413040161133,1.9960590600967407
article_11__section_008__chunk_001,article_index,article_chunk,occupancy_based_control,"occupancy_based_control, appliance_energy_management, environmental_awareness",article_11,article_11,Electric Energy Management in the Smart Home,A. Utility-Side Enabling Technologies,,,,"One of the most pressing issues for a utility company is the management of peak demand. From electricity generation to delivery, the electricity grid is designed to serve consumers during peak demand conditions; however for most of the t...",-4.750035285949707,5.357948303222656,2.157519817352295
article_11__section_008__chunk_002,article_index,article_chunk,occupancy_based_control,"occupancy_based_control, appliance_energy_management, environmental_awareness",article_11,article_11,Electric Energy Management in the Smart Home,A. Utility-Side Enabling Technologies,,,,"5). Motivating residential customers to modify energy consumption habits is a difficult task that often has shown unexpected consequences. These will be discussed in more detail in section V, but here the authors will outline the existin...",-4.725683689117432,5.333232402801514,2.13283371925354
article_11__section_009__chunk_001,article_index,article_chunk,occupancy_based_control,"occupancy_based_control, appliance_energy_management, environmental_awareness",article_11,article_11,Electric Energy Management in the Smart Home,1) Rates,,,,"One tool that is traditionally used to influence demand of any commodity is its cost. For electricity utilities, each rate structure imposes specific requirements on the metering system to be implemented. Inclining-block, time-of-use (TO...",-4.735395431518555,5.343631267547607,2.1432507038116455
article_11__section_010__chunk_001,article_index,article_chunk,occupancy_based_control,"occupancy_based_control, appliance_energy_management, environmental_awareness",article_11,article_11,Electric Energy Management in the Smart Home,2) Demand Response,,,,"In addition to rate structures, utilities may employ other strategies, such as DR, to mitigate peak load conditions. DR refers to a group of technologies and mechanisms that enable load curtailment or shifting in response to supply condi...",-4.696578025817871,5.304619312286377,2.1042122840881348
article_11__section_010__chunk_002,article_index,article_chunk,occupancy_based_control,"occupancy_based_control, appliance_energy_management, environmental_awareness",article_11,article_11,Electric Energy Management in the Smart Home,2) Demand Response,,,,"This peak counters the purpose of a DR event, due to all the curtailed devices restarting their operation at the same time. Strategies such as cascading the beginning and end of the DR event for end-users can be used to mitigate this eff...",-4.6183953285217285,5.226868629455566,2.026463270187378
article_11__section_011__chunk_001,article_index,article_chunk,occupancy_based_control,"occupancy_based_control, appliance_energy_management, environmental_awareness",article_11,article_11,Electric Energy Management in the Smart Home,3) Smart Meters,,,,The above-described technologies rely on an enabling technology whose acceptance and implementation is accelerating: the smart meter (shown in Fig. 1). A smart meter provides the information and communication infrastructure to communicat...,-4.701026439666748,5.308852672576904,2.10847806930542
article_11__section_012__chunk_001,article_index,article_chunk,occupancy_based_control,"occupancy_based_control, appliance_energy_management, environmental_awareness",article_11,article_11,Electric Energy Management in the Smart Home,B. Customer-Side Enabling Technologies,,,,"Customer-side enabling technologies can rarely exist on their own merits. They usually require at least one utility side enabling technology to predate them. For example, a smart appliance is of lesser use without a dynamic rate structur...",-4.705724716186523,5.3133625984191895,2.112989902496338
article_11__section_013__chunk_001,article_index,article_chunk,occupancy_based_control,"occupancy_based_control, appliance_energy_management, environmental_awareness",article_11,article_11,Electric Energy Management in the Smart Home,1) Smart Loads,,,,Smart appliances are currently a fledging technology. A smart appliance is an end-use device that is connected to a HAN and may be able to automatically or remotely respond to signals from the utility or other sub-systems in the smart ho...,-4.7151336669921875,5.323159694671631,2.1227827072143555
article_11__section_014__chunk_001,article_index,article_chunk,occupancy_based_control,"occupancy_based_control, appliance_energy_management, environmental_awareness",article_11,article_11,Electric Energy Management in the Smart Home,2) Customer Portal,,,,"The information collected by the smart meter may be of high value to the consumer, as it can help increase awareness of energy consumption. To make this information accessible This report is available at no cost from the National Renewab...",-4.689694881439209,5.297351360321045,2.0969643592834473
article_11__section_015__chunk_001,article_index,article_chunk,occupancy_based_control,"occupancy_based_control, appliance_energy_management, environmental_awareness",article_11,article_11,Electric Energy Management in the Smart Home,C. Policy and Standards,,,,"Changes to energy policies and available subsidies for retrofitting existing homes with smart appliances as well as building new homes with smart technologies are viewed as non-technological enablers. In the US, the Energy Policy Act of ...",-4.615719318389893,5.22294282913208,2.022634983062744
article_11__section_016__chunk_001,article_index,article_chunk,occupancy_based_control,"occupancy_based_control, appliance_energy_management, environmental_awareness",article_11,article_11,Electric Energy Management in the Smart Home,V. CONSUMER BEHAVIOR,,,,"The impact of technological advancement is acknowledged as an important enabler for the expansion of smart homes, an integral part of the equation is influencing the behavior of the occupant vis-à-vis energy usage with information and ed...",-4.658214569091797,5.265854835510254,2.0656025409698486
article_11__section_016__chunk_002,article_index,article_chunk,occupancy_based_control,"occupancy_based_control, appliance_energy_management, environmental_awareness",article_11,article_11,Electric Energy Management in the Smart Home,V. CONSUMER BEHAVIOR,,,,"This seemingly subtle difference in recruitment can profoundly affect the results. Opt-in studies have shown relatively consistent effects of feedback. For example, three opt-in studies have shown overall energy savings of 6% to 10% -. I...",-4.707363605499268,5.314831256866455,2.114461660385132
article_11__section_016__chunk_003,article_index,article_chunk,occupancy_based_control,"occupancy_based_control, appliance_energy_management, environmental_awareness",article_11,article_11,Electric Energy Management in the Smart Home,V. CONSUMER BEHAVIOR,,,,The results in indicate that This report is available at no cost from the National Renewable Energy Laboratory (NREL) at www.nrel.gov/publications. the effect of feedback wanes over time. Reductions in energy consumption of 8% were seen ...,-4.7056732177734375,5.313004493713379,2.1127307415008545
article_11__section_016__chunk_004,article_index,article_chunk,occupancy_based_control,"occupancy_based_control, appliance_energy_management, environmental_awareness",article_11,article_11,Electric Energy Management in the Smart Home,V. CONSUMER BEHAVIOR,,,,"Studies of the rebound effect for residential space heating show that energy savings fall short of expectations by 10 to 30%. In particular, in lower income homes, families convert some of their new energy efficiency into greater comfort...",-4.677689075469971,5.285194396972656,2.084855079650879
article_11__section_017__chunk_001,article_index,article_chunk,occupancy_based_control,"occupancy_based_control, appliance_energy_management, environmental_awareness",article_11,article_11,Electric Energy Management in the Smart Home,VI. CONCLUSION,,,,Smart homes rely on numerous enabling technologies in both the electricity grid and consumer electronics. Standardization and maturity of the technologies in each of these realms is required if smart homes are to be pervasive. Given that...,-4.665534019470215,5.27312707901001,2.0728297233581543
article_2__section_001__chunk_001,article_index,article_chunk,lighting_efficiency,"lighting_efficiency, occupancy_based_control, appliance_energy_management, environmental_awareness, scheduling_optimization",article_2,article_2,State of the art of smart homes,Abstract,,,,In this paper we present a review of the state of the art of smart homes. We will first look at the research work related to smart homes from various view points; first in the view point of specific techniques such as smart homes that ut...,-3.393953561782837,15.062070846557617,-2.1179637908935547
article_2__section_002__chunk_001,article_index,article_chunk,lighting_efficiency,"lighting_efficiency, occupancy_based_control, appliance_energy_management, environmental_awareness, scheduling_optimization",article_2,article_2,State of the art of smart homes,Introduction,,,,"Humans interact with the environment that surrounds them, in numerous ways. They perceive the environmental conditions and act, react or adjust accordingly. If the environment can be made to reciprocate this behavior and respond to human...",-3.4511351585388184,15.00484561920166,-2.06164288520813
article_2__section_002__chunk_002,article_index,article_chunk,lighting_efficiency,"lighting_efficiency, occupancy_based_control, appliance_energy_management, environmental_awareness, scheduling_optimization",article_2,article_2,State of the art of smart homes,Introduction,,,,"The second category of smart homes aims at storing and retrieving of multi-media captured within the smart home, in different levels from photos to experiences. One might argue that the issue of privacy of such type of information collec...",-3.480663776397705,14.97534465789795,-2.0326719284057617
article_2__section_002__chunk_003,article_index,article_chunk,lighting_efficiency,"lighting_efficiency, occupancy_based_control, appliance_energy_management, environmental_awareness, scheduling_optimization",article_2,article_2,State of the art of smart homes,Introduction,,,,Thereafter we will look at specific applications of smart homes. First in Section 5 we will look at smart homes applications for eldercare and childcare. Then in Section 6 we look at the energy efficient smart homes and Section 7 investi...,-3.4187099933624268,15.037309646606445,-2.0946450233459473
article_2__section_003__chunk_001,article_index,article_chunk,lighting_efficiency,"lighting_efficiency, occupancy_based_control, appliance_energy_management, environmental_awareness, scheduling_optimization",article_2,article_2,State of the art of smart homes,Video-based techniques in smart homes,,,,"Video is highly prospective as an input modality for smart homes, due to its non-intrusive nature and rich information content. However, its use in a home-like environment has been sometimes questioned and argued about, due to privacy co...",-3.4411768913269043,15.014778137207031,-2.0709919929504395
article_2__section_004__chunk_001,article_index,article_chunk,lighting_efficiency,"lighting_efficiency, occupancy_based_control, appliance_energy_management, environmental_awareness, scheduling_optimization",article_2,article_2,State of the art of smart homes,Video sensor-based event recognition,,,,In the paper the authors use a statebased approach to recognize events and actions. The state diagram in Fig. 1 shows the transitions between states defined for a tracked human in the image sequence. Table 1 summarizes the rules for the ...,-3.4087178707122803,15.047245025634766,-2.100898504257202
article_2__section_005__chunk_001,article_index,article_chunk,lighting_efficiency,"lighting_efficiency, occupancy_based_control, appliance_energy_management, environmental_awareness, scheduling_optimization",article_2,article_2,State of the art of smart homes,Performance evaluation of tracking using video sensors,,,,"Although tracking is an intermediate step in any activity detection system, there is no immediate method for evaluation. In the paper the authors use 20 image sequences for evaluating the performance of tracking. The results are compared...",-3.432616710662842,15.023316383361816,-2.073777437210083
article_2__section_006__chunk_001,article_index,article_chunk,lighting_efficiency,"lighting_efficiency, occupancy_based_control, appliance_energy_management, environmental_awareness, scheduling_optimization",article_2,article_2,State of the art of smart homes,Detection of unusual events and actions,,,,"It is possible that actions or events that are important to be recorded, but not specified by the rules, take place. For example, there can be a situation where a person trying to block the camera. In the paper the authors keep an index ...",-3.47727108001709,14.97855281829834,-2.032811403274536
article_2__section_007__chunk_001,article_index,article_chunk,lighting_efficiency,"lighting_efficiency, occupancy_based_control, appliance_energy_management, environmental_awareness, scheduling_optimization",article_2,article_2,State of the art of smart homes,Audio-based techniques in smart homes,,,,Video sensor based event detection approach has some shortfalls like it fails to cover the entire room and also event non-detection due to occlusion. Hence some authors have proposed audio sensor based methods for actions detection. In h...,-3.4363510608673096,15.0195894241333,-2.0748355388641357
article_2__section_007__chunk_002,article_index,article_chunk,lighting_efficiency,"lighting_efficiency, occupancy_based_control, appliance_energy_management, environmental_awareness, scheduling_optimization",article_2,article_2,State of the art of smart homes,Audio-based techniques in smart homes,,,,"A home is an environment with a number of rooms that are connected to each other, directly or indirectly. The degree of connectivity can change with opening and closing of doors. These conditions make sound source localization a prerequi...",-3.4339981079101562,15.022014617919922,-2.0783894062042236
article_2__section_008__chunk_001,article_index,article_chunk,lighting_efficiency,"lighting_efficiency, occupancy_based_control, appliance_energy_management, environmental_awareness, scheduling_optimization",article_2,article_2,State of the art of smart homes,Multimodal-based techniques in smart homes,,,,In their paper addressed a scenario where a robot tracks and follows a human using multimodal techniques. The use of multimodality is to improve the accuracy of detection and tracking. A neural network is utilized to learn the skin and n...,-3.448960542678833,15.007027626037598,-2.0622951984405518
article_2__section_009__chunk_001,article_index,article_chunk,lighting_efficiency,"lighting_efficiency, occupancy_based_control, appliance_energy_management, environmental_awareness, scheduling_optimization",article_2,article_2,State of the art of smart homes,Smart homes for eldercare,,,,Smart homes for eldercare applications are growing at a very fast phase in all parts of the world. One main requirement of such applications is the human detection and activity classification. The necessity for the development of human d...,-3.461606025695801,14.994359970092773,-2.050729990005493
article_2__section_009__chunk_002,article_index,article_chunk,lighting_efficiency,"lighting_efficiency, occupancy_based_control, appliance_energy_management, environmental_awareness, scheduling_optimization",article_2,article_2,State of the art of smart homes,Smart homes for eldercare,,,,"However, alternative methods such as Radio Frequency Identification (RFID) tags, optical tags and Infra-red based motion sensors have been used where image acquisition and analysis is not possible due to issues such as privacy, disk spac...",-3.494661808013916,14.96127700805664,-2.0178542137145996
article_2__section_010__chunk_001,article_index,article_chunk,lighting_efficiency,"lighting_efficiency, occupancy_based_control, appliance_energy_management, environmental_awareness, scheduling_optimization",article_2,article_2,State of the art of smart homes,Smart homes for energy efficiency,,,,In recent days we can find there are a growing number of new research proposals and findings in related to new and alternative energy technologies. However there are many easy and cheap ways to reduce energy use at our homes by efficient...,-3.4176340103149414,15.03846549987793,-2.09381365776062
article_2__section_011__chunk_001,article_index,article_chunk,lighting_efficiency,"lighting_efficiency, occupancy_based_control, appliance_energy_management, environmental_awareness, scheduling_optimization",article_2,article_2,State of the art of smart homes,Multimedia retrieval for ubiquitous environments,,,,"Automated capture of experiences taking place at home is interesting owing to a number of reasons. Home is an environment where a variety of important events and experiences take place. Some of these, such as the first footsteps of a chi...",-3.4586527347564697,14.99732780456543,-2.053380012512207
article_2__section_012__chunk_001,article_index,article_chunk,lighting_efficiency,"lighting_efficiency, occupancy_based_control, appliance_energy_management, environmental_awareness, scheduling_optimization",article_2,article_2,State of the art of smart homes,Motivation,,,,"Investigation in to automated retrieval of experiences at home can be useful in several other aspects, in addition to the significances mentioned above. This topic encompasses the general research areas of multimedia retrieval and ubiqui...",-3.3854620456695557,15.070612907409668,-2.127030372619629
article_2__section_013__chunk_001,article_index,article_chunk,lighting_efficiency,"lighting_efficiency, occupancy_based_control, appliance_energy_management, environmental_awareness, scheduling_optimization",article_2,article_2,State of the art of smart homes,Related research,,,,Research on multimedia retrieval for smart homes and other smart environments has become possible due to the recent developments in storage technologies facilitating recording large amounts of data. There are several ongoing projects tha...,-3.387005090713501,15.068989753723145,-2.1256237030029297
article_2__section_014__chunk_001,article_index,article_chunk,lighting_efficiency,"lighting_efficiency, occupancy_based_control, appliance_energy_management, environmental_awareness, scheduling_optimization",article_2,article_2,State of the art of smart homes,Conclusions,,,,In this paper we looked at the research work related to smart homes from various view points; first in the view point of specific techniques and then in the last 3 sections in the view point of specific applications. Specifically we look...,-3.387787342071533,15.068375587463379,-2.1246755123138428
article_3__section_001__chunk_001,article_index,article_chunk,environmental_awareness,environmental_awareness,article_3,article_3,Understanding User Perception and Intention to Use Smart Homes for Energy Efficiency: A Survey,Abstract,,,,"Smart Home technology is increasingly seen as a solution for improving household energy efficiency. However, its energy-saving potential depends largely on how consumers use the system. To explore how user perception and intention to use...",4.08274507522583,8.646539688110352,1.7554072141647339
article_3__section_002__chunk_001,article_index,article_chunk,environmental_awareness,environmental_awareness,article_3,article_3,Understanding User Perception and Intention to Use Smart Homes for Energy Efficiency: A Survey,Introduction,,,,"Mitigating climate change requires deep and rapid reductions in energy-related emissions, particularly in the residential building sector, which accounts for roughly 21% of global greenhouse gas emissions. Improving energy efficiency in ...",4.456242084503174,8.800653457641602,1.9328341484069824
article_3__section_002__chunk_002,article_index,article_chunk,environmental_awareness,environmental_awareness,article_3,article_3,Understanding User Perception and Intention to Use Smart Homes for Energy Efficiency: A Survey,Introduction,,,,"Using survey data from 363 Smart Home users, we apply a partial least squares structural equation model (PLS-SEM), complemented by a random forest algorithm, to uncover both linear and non-linear drivers of energy-efficient smart home be...",4.169764518737793,8.743696212768555,1.8280751705169678
article_3__section_003__chunk_001,article_index,article_chunk,environmental_awareness,environmental_awareness,article_3,article_3,Understanding User Perception and Intention to Use Smart Homes for Energy Efficiency: A Survey,"Key theories connecting perception, actual behavior, and behavioral intentions",,,,Motivations for using smart homes for energy management and behavior change can be better understood through the established behavioral theories. We conduct a comprehensive literature review to identify theories and models that help expl...,4.067136764526367,8.659615516662598,1.78989839553833
article_3__section_003__chunk_002,article_index,article_chunk,environmental_awareness,environmental_awareness,article_3,article_3,Understanding User Perception and Intention to Use Smart Homes for Energy Efficiency: A Survey,"Key theories connecting perception, actual behavior, and behavioral intentions",,,,"When combined with TPB, NAM enhances the analysis of environmental behaviors by adding depth to the understanding of how personal values and social responsibilities influence behavior. This combined approach has proven effective in expla...",4.104730606079102,8.656132698059082,1.753228783607483
article_3__section_004__chunk_001,article_index,article_chunk,environmental_awareness,environmental_awareness,article_3,article_3,Understanding User Perception and Intention to Use Smart Homes for Energy Efficiency: A Survey,Research model,,,,"In this section, we present a research model based on TPB and NAM (Figure 1). The model examines the factors that influence the behavioral intention (BI) to use Smart Home systems for energy efficiency. We present the research hypotheses...",4.148098468780518,8.695260047912598,1.7985330820083618
article_3__section_005__chunk_001,article_index,article_chunk,environmental_awareness,environmental_awareness,article_3,article_3,Understanding User Perception and Intention to Use Smart Homes for Energy Efficiency: A Survey,Attitude (AT),,,,The user's attitude represents a person's evaluation of a particular behavior and the feelings they have when performing the behavior. It includes the consideration of potential benefits that the person believes are linked to the behavio...,4.3350419998168945,8.840555191040039,1.802223801612854
article_3__section_006__chunk_001,article_index,article_chunk,environmental_awareness,environmental_awareness,article_3,article_3,Understanding User Perception and Intention to Use Smart Homes for Energy Efficiency: A Survey,Perceived Behavioral Control (PBC),,,,Perceived behavioral control is defined as the individual's perception of their ability to perform a behavior successfully and is similar to the concept of self-efficacy. A user's control beliefs shape their perceived behavioral control....,4.254119396209717,8.80168628692627,1.813623070716858
article_3__section_007__chunk_001,article_index,article_chunk,environmental_awareness,environmental_awareness,article_3,article_3,Understanding User Perception and Intention to Use Smart Homes for Energy Efficiency: A Survey,Subjective Norm (SN),,,,"Subjective norm describes the influence or social pressure that individuals perceive from their immediate environment, especially close family members or friends, regarding a behavior. Social norms, as well as personal ethical standpoint...",4.38154935836792,8.860252380371094,1.8752127885818481
article_3__section_008__chunk_001,article_index,article_chunk,environmental_awareness,environmental_awareness,article_3,article_3,Understanding User Perception and Intention to Use Smart Homes for Energy Efficiency: A Survey,Awareness of Consequences (AC),,,,Awareness of consequences refers to an individual's perception of how their behavior affects others and the environment. People are more likely to act pro-environmentally if they understand the impact of their actions. Research shows tha...,4.364253520965576,8.872745513916016,1.791642665863037
article_3__section_009__chunk_001,article_index,article_chunk,environmental_awareness,environmental_awareness,article_3,article_3,Understanding User Perception and Intention to Use Smart Homes for Energy Efficiency: A Survey,Ascription of Responsibility (AR),,,,Ascription of responsibility refers to someone's belief that they are personally responsible for the outcomes of their behavior. People who see themselves as responsible for environmentally-related issues are more likely to support pro-e...,4.355768203735352,8.886552810668945,1.815843105316162
article_3__section_010__chunk_001,article_index,article_chunk,environmental_awareness,environmental_awareness,article_3,article_3,Understanding User Perception and Intention to Use Smart Homes for Energy Efficiency: A Survey,Personal Norms (PN),,,,Personal norms refer to an individual's internal sense of moral obligation to act in a certain way. The moral obligation can act as a motivation to engage in pro-environmental behaviors. Research shows that personal norms influence pro-e...,4.049378871917725,8.619612693786621,1.725005030632019
article_3__section_011__chunk_001,article_index,article_chunk,environmental_awareness,environmental_awareness,article_3,article_3,Understanding User Perception and Intention to Use Smart Homes for Energy Efficiency: A Survey,Past Behavior (PB),,,,"Past behavior refers to actions taken in previous similar situations. Previous studies include past behavior in TPB frameworks as a predictor of behavioral intention and actual behavior. In some cases, past behavior is the strongest pred...",4.225894927978516,8.82347297668457,1.8949038982391357
article_3__section_012__chunk_001,article_index,article_chunk,environmental_awareness,environmental_awareness,article_3,article_3,Understanding User Perception and Intention to Use Smart Homes for Energy Efficiency: A Survey,Data collection and survey design,,,,We develop a questionnaire based on the proposed research model and the findings from the literature review (see Appendix B). The online survey was conducted using LimeSurvey software. The target group were people who currently use Smart...,4.505440711975098,8.874512672424316,2.116903066635132
article_3__section_012__chunk_002,article_index,article_chunk,environmental_awareness,environmental_awareness,article_3,article_3,Understanding User Perception and Intention to Use Smart Homes for Energy Efficiency: A Survey,Data collection and survey design,,,,"Furthermore, only responses with all answers were considered for the analysis. We also examined whether participants showed straight-lining behavior across items within the latent variable scales to identify potential careless responses....",4.349518299102783,8.753140449523926,2.031418800354004
article_3__section_013__chunk_001,article_index,article_chunk,environmental_awareness,environmental_awareness,article_3,article_3,Understanding User Perception and Intention to Use Smart Homes for Energy Efficiency: A Survey,Hybrid approach of structural equation modeling and random forest analysis,,,,"Structural equation modeling (SEM) is a common technique used in behavioral research to identify causal relationships between latent or measured variables. It has been applied in various contexts, including psychology, environment, and i...",4.032812118530273,8.625033378601074,1.8154206275939941
article_3__section_013__chunk_002,article_index,article_chunk,environmental_awareness,environmental_awareness,article_3,article_3,Understanding User Perception and Intention to Use Smart Homes for Energy Efficiency: A Survey,Hybrid approach of structural equation modeling and random forest analysis,,,,"SEM is used to test the hypothesized influence of independent variables on the dependent variable, while the machine learning part evaluates the relative strength of these effects. Standard machine learning algorithms are typically not s...",4.0511345863342285,8.645530700683594,1.8006725311279297
article_3__section_014__chunk_001,article_index,article_chunk,environmental_awareness,environmental_awareness,article_3,article_3,Understanding User Perception and Intention to Use Smart Homes for Energy Efficiency: A Survey,Model specification,,,,"Structural equation modeling We use the SEMinR package to estimate the SEM using the PLS-SEM method. The analysis is conducted in two steps: evaluating the measurement model and the structural model. First, the measurement model is defin...",4.094725131988525,8.719079971313477,1.8333858251571655
article_3__section_014__chunk_002,article_index,article_chunk,environmental_awareness,environmental_awareness,article_3,article_3,Understanding User Perception and Intention to Use Smart Homes for Energy Efficiency: A Survey,Model specification,,,,"Values above 0.5 are considered acceptable. Discriminant validity, which examines how distinct constructs are from each other, is assessed using the heterotrait-monotrait ratio (HTMT) of correlations. The HTMT compares the average correl...",4.437719821929932,8.750659942626953,1.8555781841278076
article_3__section_015__chunk_001,article_index,article_chunk,environmental_awareness,environmental_awareness,article_3,article_3,Understanding User Perception and Intention to Use Smart Homes for Energy Efficiency: A Survey,Random Forest analysis,,,,"We use the significant variables from the SEM results to conduct a random forest analysis and explore non-linear relationships with behavioral intention. We conduct the analysis in R using the randomForest package, which implements Breim...",4.039951801300049,8.675215721130371,1.7991697788238525
article_3__section_016__chunk_001,article_index,article_chunk,environmental_awareness,environmental_awareness,article_3,article_3,Understanding User Perception and Intention to Use Smart Homes for Energy Efficiency: A Survey,Key demographics and descriptive statistics of respondents,,,,"Among 363 observations, most of the survey participants are male (94%). The age of the participants is approximately normally distributed with the biggest group within the middle-aged category of 35-44 years (30%), followed by the age gr...",4.549834251403809,8.917899131774902,2.079977035522461
article_3__section_016__chunk_002,article_index,article_chunk,environmental_awareness,environmental_awareness,article_3,article_3,Understanding User Perception and Intention to Use Smart Homes for Energy Efficiency: A Survey,Key demographics and descriptive statistics of respondents,,,,"Recent users who have been using their SH for less than a year make up around 17%, whereas 6% have only started less than six months ago. The SH systems Home Assistant, Homematic IP, OpenHAB, HomeKit, ioBroker, and KNX, as well as produc...",4.455181121826172,8.919952392578125,2.020216941833496
article_3__section_017__chunk_001,article_index,article_chunk,environmental_awareness,environmental_awareness,article_3,article_3,Understanding User Perception and Intention to Use Smart Homes for Energy Efficiency: A Survey,Assessment of Measurement Model,,,,"The indicator loadings for all items are now above the recommended threshold of 0.708 which provides acceptable indicator reliability, see Table 1. Cronbach's alpha and rhoA show overall good results for the internal consistency reliabil...",4.536075592041016,8.664271354675293,1.8732028007507324
article_3__section_018__chunk_001,article_index,article_chunk,environmental_awareness,environmental_awareness,article_3,article_3,Understanding User Perception and Intention to Use Smart Homes for Energy Efficiency: A Survey,Assessment of Structural Model,,,,"After confirming the reliability and validity of the measurement model, we inspect the collinearity of the structural model. All variance inflation factor (VIF) values are below the threshold of three. This suggests that there are no col...",4.456402778625488,8.801819801330566,1.8316158056259155
article_3__section_019__chunk_001,article_index,article_chunk,environmental_awareness,environmental_awareness,article_3,article_3,Understanding User Perception and Intention to Use Smart Homes for Energy Efficiency: A Survey,Moderation analysis,,,,"The moderating effect of Past Behavior on the constructs Attitude, Subjective Norm, Perceived Behavioral Control, and Personal Norms is investigated by first introducing interaction terms for each combination. Subsequently, the measureme...",4.2574920654296875,8.739663124084473,1.883530616760254
article_3__section_019__chunk_002,article_index,article_chunk,environmental_awareness,environmental_awareness,article_3,article_3,Understanding User Perception and Intention to Use Smart Homes for Energy Efficiency: A Survey,Moderation analysis,,,,"Furthermore, this model also rejects the effect from Perceived Behavioral Control to Behavioral Intention which emphasizes the result of the minimal effect in the assessment of the previous structural model. Hence, Past Behavior moderate...",4.189388275146484,8.767232894897461,1.8241978883743286
article_3__section_019__chunk_003,article_index,article_chunk,environmental_awareness,environmental_awareness,article_3,article_3,Understanding User Perception and Intention to Use Smart Homes for Energy Efficiency: A Survey,Moderation analysis,,,,"For higher values of Past Behavior, the relationship between Personal Norms and Behavioral Intention decreases by the size of the interaction term (i.e., 0.38 -0.13 = 0.25). Vice versa, lower values of Past Behavior result in an increase...",4.186200141906738,8.761027336120605,1.8303112983703613
article_3__section_020__chunk_001,article_index,article_chunk,environmental_awareness,environmental_awareness,article_3,article_3,Understanding User Perception and Intention to Use Smart Homes for Energy Efficiency: A Survey,"Survey insights: half report energy savings with smart home, many seek financial incentives",,,,"Survey participants were asked about their energy bills, energy consumption, and which smart home features they believe could encourage more energy-efficient behavior at home. About half (50.1%) of respondents reported noticing cost savi...",4.48439884185791,8.922409057617188,2.0356295108795166
article_3__section_021__chunk_001,article_index,article_chunk,environmental_awareness,environmental_awareness,article_3,article_3,Understanding User Perception and Intention to Use Smart Homes for Energy Efficiency: A Survey,Interpretation of results,,,,"The results of the SEM indicate that Personal Norms have the strongest influence on the intention to use smart homes for energy efficiency. Moreover, the positive effect of Awareness of Consequences on Ascription of Responsibility, follo...",4.21641731262207,8.778426170349121,1.855742335319519
article_3__section_021__chunk_002,article_index,article_chunk,environmental_awareness,environmental_awareness,article_3,article_3,Understanding User Perception and Intention to Use Smart Homes for Energy Efficiency: A Survey,Interpretation of results,,,,"This is reinforced by the item-level random forest results, which identify AR2 (Ascription of Responsibility) as the most important indicator, followed by PN3, PN1, and PN2 (Personal Norms). Each of these items emphasizes an individual's...",4.26142692565918,8.905452728271484,1.7921653985977173
article_3__section_022__chunk_001,article_index,article_chunk,environmental_awareness,environmental_awareness,article_3,article_3,Understanding User Perception and Intention to Use Smart Homes for Energy Efficiency: A Survey,Implications,,,,"Based on the results, we draw three implications.",4.342873573303223,8.844307899475098,1.8434836864471436
article_3__section_023__chunk_001,article_index,article_chunk,environmental_awareness,environmental_awareness,article_3,article_3,Understanding User Perception and Intention to Use Smart Homes for Energy Efficiency: A Survey,(i) Pro-environmental intentions and behavior,,,,Strengthening public awareness of climate change and the role of household energy consumption can enhance proenvironmental intentions and behaviours. Framing smart home technologies as tools for energy efficiency -rather than mere conven...,4.386257648468018,8.817671775817871,1.9048980474472046
article_3__section_024__chunk_001,article_index,article_chunk,environmental_awareness,environmental_awareness,article_3,article_3,Understanding User Perception and Intention to Use Smart Homes for Energy Efficiency: A Survey,(iii) User-centric smart home design,,,,"As end-users are central to achieving household energy savings, the design of smart homes must prioritise usability and adaptability. Systems should deliver information that is both easy to interpret and contextually relevant, enabling u...",4.390206813812256,8.797224044799805,1.9247636795043945
article_3__section_025__chunk_001,article_index,article_chunk,environmental_awareness,environmental_awareness,article_3,article_3,Understanding User Perception and Intention to Use Smart Homes for Energy Efficiency: A Survey,(iii) Systems-level approach,,,,"Maximising the energy efficiency potential of smart homes requires a more holistic systems perspective. Outcomes are shaped not only by user behaviour but also by a complex interplay of structural, environmental, and socio-technical fact...",4.352811336517334,8.775838851928711,1.8480896949768066
article_3__section_026__chunk_001,article_index,article_chunk,environmental_awareness,environmental_awareness,article_3,article_3,Understanding User Perception and Intention to Use Smart Homes for Energy Efficiency: A Survey,Recommendations,,,,"Drawing on the findings of this study, we propose a set of recommendations aimed at increasing the effectiveness and adoption of smart home systems for energy efficiency. (",4.325833320617676,8.759045600891113,1.838027000427246
article_3__section_027__chunk_001,article_index,article_chunk,environmental_awareness,environmental_awareness,article_3,article_3,Understanding User Perception and Intention to Use Smart Homes for Energy Efficiency: A Survey,1) Leveraging personal norms rather than control beliefs,,,,"The results suggest that personal norms, such as a sense of responsibility for reducing environmental impact, are stronger predictors of behavioral intention than perceived control. While technical usability remains essential, its influe...",4.335458278656006,8.888702392578125,1.833381175994873
article_3__section_027__chunk_002,article_index,article_chunk,environmental_awareness,environmental_awareness,article_3,article_3,Understanding User Perception and Intention to Use Smart Homes for Energy Efficiency: A Survey,1) Leveraging personal norms rather than control beliefs,,,,"Given the strong correlation between electricity price and carbon intensity, shifting consumption to low-price periods can also reduce emissions by aligning usage with off-peak, low-carbon hours. Smart home systems are increasingly capab...",4.389353275299072,8.873067855834961,1.8944603204727173
article_3__section_028__chunk_001,article_index,article_chunk,environmental_awareness,environmental_awareness,article_3,article_3,Understanding User Perception and Intention to Use Smart Homes for Energy Efficiency: A Survey,(5) Implementing policy mechanisms to financially reward household energy savings,,,,"Survey participants consistently ranked financial incentives, such as tax credits or rebates, as key motivators for engaging in energy-efficient behavior. Policymakers can harness this by developing programs that reward measurable reduct...",4.4120965003967285,8.822928428649902,1.924041748046875
article_3__section_029__chunk_001,article_index,article_chunk,environmental_awareness,environmental_awareness,article_3,article_3,Understanding User Perception and Intention to Use Smart Homes for Energy Efficiency: A Survey,Limitations and future research,,,,"This study has several limitations. First, survey participants provided only self-reported behavior. Although quality checks were implemented, it cannot be guaranteed that all respondents were actual smart home users or that all response...",4.42838191986084,8.861433982849121,1.941379427909851
article_3__section_030__chunk_001,article_index,article_chunk,environmental_awareness,environmental_awareness,article_3,article_3,Understanding User Perception and Intention to Use Smart Homes for Energy Efficiency: A Survey,Conclusions,,,,"This study provides empirical evidence that personal norms, shaped by environmental awareness and a sense of responsibility, are the strongest predictors of users' behavioral intention to use smart homes for energy efficiency. Subjective...",4.329396724700928,8.883493423461914,1.9053999185562134
article_3__section_030__chunk_002,article_index,article_chunk,environmental_awareness,environmental_awareness,article_3,article_3,Understanding User Perception and Intention to Use Smart Homes for Energy Efficiency: A Survey,Conclusions,,,,☐Other:_____ 7. Why did you decide to install a smart home system in your home? Please allocate points (0-100) to the listed options depending on their importance to you. All points together must equal 100. Only integer values may be ent...,4.650733470916748,8.828495979309082,2.0932679176330566
article_3__section_030__chunk_003,article_index,article_chunk,environmental_awareness,environmental_awareness,article_3,article_3,Understanding User Perception and Intention to Use Smart Homes for Energy Efficiency: A Survey,Conclusions,,,,[Attitude AT3] Very unsafe Unsafe Somewhat unsafe Neutra l Somewha t safe Safe Very safe I think that using my smart home for energy management is/would be... ☐ ☐ ☐ ☐ ☐ ☐ ☐ Please indicate how you would rate the following statement. [Att...,4.67274808883667,8.838896751403809,2.1098475456237793
article_3__section_030__chunk_004,article_index,article_chunk,environmental_awareness,environmental_awareness,article_3,article_3,Understanding User Perception and Intention to Use Smart Homes for Energy Efficiency: A Survey,Conclusions,,,,People who are important to me are trying to reduce their energy consumption. ☐ ☐ ☐ ☐ ☐ ☐ ☐ People who are important to me would approve of me trying to reduce my energy consumption. ☐ ☐ ☐ ☐ ☐ ☐ ☐ People who are important to me are tryin...,4.593090057373047,8.875822067260742,2.071913242340088
article_3__section_030__chunk_005,article_index,article_chunk,environmental_awareness,environmental_awareness,article_3,article_3,Understanding User Perception and Intention to Use Smart Homes for Energy Efficiency: A Survey,Conclusions,,,,☐ ☐ ☐ ☐ ☐ ☐ ☐ I am aware of the importance to reduce energy consumption for environmental reasons. ☐ ☐ ☐ ☐ ☐ ☐ ☐ I am concerned about climate change and its consequences. ☐ ☐ ☐ ☐ ☐ ☐ ☐ Please indicate how much you agree or disagree with ...,4.6961517333984375,8.864178657531738,2.1620044708251953
article_3__section_030__chunk_006,article_index,article_chunk,environmental_awareness,environmental_awareness,article_3,article_3,Understanding User Perception and Intention to Use Smart Homes for Energy Efficiency: A Survey,Conclusions,,,,[Behavioral Intention BI1-5] Strongly disagree Disagree Somewhat disagree Neither agree nor disagre e Somewha t agree Agree Strongly agree I want to continue or start to use my smart home to manage my energy consumption in the foreseeabl...,4.526195049285889,8.793436050415039,1.9932074546813965
article_3__section_030__chunk_007,article_index,article_chunk,environmental_awareness,environmental_awareness,article_3,article_3,Understanding User Perception and Intention to Use Smart Homes for Energy Efficiency: A Survey,Conclusions,,,,"☐ ☐ ☐ ☐ ☐ ☐ ☐ ☐ How likely or unlikely is it that the following smart home services would motivate you to reduce your energy consumption? If you are already using the service, please mark the box on the very right (""Already in use""). Ver...",4.73899507522583,8.890190124511719,2.17618989944458
article_3__section_030__chunk_008,article_index,article_chunk,environmental_awareness,environmental_awareness,article_3,article_3,Understanding User Perception and Intention to Use Smart Homes for Energy Efficiency: A Survey,Conclusions,,,,☐18-24 ☐25-34 ☐35-44 ☐45-54 ☐55-64 ☐65+ What is your gender? ☐Female ☐Male ☐Non-binary/other What is the highest level of education you have completed? ☐Elementary School ☐Middle School ☐High School ☐Bachelor's Degree ☐Master's Degree ☐D...,4.676743984222412,8.898895263671875,2.14517879486084
article_4__section_001__chunk_001,article_index,article_chunk,lighting_efficiency,"lighting_efficiency, occupancy_based_control, hvac_optimization, appliance_energy_management, environmental_awareness, scheduling_optimization, standby_reduction",article_4,article_4,Smart home energy management systems in internet of things networks for green cities demands and services,Abstract,,,,"Today, 44% of global energy has been derived from fossil fuel, which currently poses a threat to inhabitants and well-being of the environment. In a recent investigation of the global demand for energy consumption across various energy c...",-7.958685874938965,7.810957908630371,5.59848165512085
article_4__section_002__chunk_001,article_index,article_chunk,lighting_efficiency,"lighting_efficiency, occupancy_based_control, hvac_optimization, appliance_energy_management, environmental_awareness, scheduling_optimization, standby_reduction",article_4,article_4,Smart home energy management systems in internet of things networks for green cities demands and services,Introduction,,,,The global energy crisis has for decades been one of the significant challenges that pose a threat to the global economy and a healthy living environment. A recent report published in 2020 by Energy Outlook shows the increase of 2.9% glo...,-7.948664665222168,7.772321701049805,5.637730121612549
article_4__section_002__chunk_002,article_index,article_chunk,lighting_efficiency,"lighting_efficiency, occupancy_based_control, hvac_optimization, appliance_energy_management, environmental_awareness, scheduling_optimization, standby_reduction",article_4,article_4,Smart home energy management systems in internet of things networks for green cities demands and services,Introduction,,,,"Similarly, the increase of energy demand within industry also lost momentum. Despite the current technological advancement, the non-combusted energy demand particularly in the industry as a feedstock in petrochemicals has not decline. Th...",-7.978296756744385,7.806623458862305,5.608914375305176
article_4__section_002__chunk_003,article_index,article_chunk,lighting_efficiency,"lighting_efficiency, occupancy_based_control, hvac_optimization, appliance_energy_management, environmental_awareness, scheduling_optimization, standby_reduction",article_4,article_4,Smart home energy management systems in internet of things networks for green cities demands and services,Introduction,,,,"While a large number of review studies have been published on SHEM, only a few discussed extensively on issues and challenges faced in current literature, with little emphasis on scope of the literature research limitation. This study, h...",-7.925564289093018,7.951555252075195,4.935122013092041
article_4__section_003__chunk_001,article_index,article_chunk,lighting_efficiency,"lighting_efficiency, occupancy_based_control, hvac_optimization, appliance_energy_management, environmental_awareness, scheduling_optimization, standby_reduction",article_4,article_4,Smart home energy management systems in internet of things networks for green cities demands and services,Energy generation and smart grid,,,,"Modern technological advancement has positively impacted our lifestyle and, at the same time, led to the progress of environmental concern that poses a threat to the inhabitants. Over the decades, the increase in environmental degradatio...",-7.945113182067871,7.76482629776001,5.645954132080078
article_4__section_003__chunk_002,article_index,article_chunk,lighting_efficiency,"lighting_efficiency, occupancy_based_control, hvac_optimization, appliance_energy_management, environmental_awareness, scheduling_optimization, standby_reduction",article_4,article_4,Smart home energy management systems in internet of things networks for green cities demands and services,Energy generation and smart grid,,,,"Implementation of automated controls in home and appliances can provide an interface to interact with energy provider to limit energy usage on certain appliance when grid is under stress from peak energy demand, or reschedule demand to u...",-7.973873615264893,7.765392780303955,5.600015640258789
article_4__section_004__chunk_001,article_index,article_chunk,lighting_efficiency,"lighting_efficiency, occupancy_based_control, hvac_optimization, appliance_energy_management, environmental_awareness, scheduling_optimization, standby_reduction",article_4,article_4,Smart home energy management systems in internet of things networks for green cities demands and services,Energy generation technology,,,,"Demand for energy generation sources and technology has increased significantly over the years throughout the world to satisfy consumer energy demand. Energy generation sources and technology have changed over time, and some are often us...",-8.033015251159668,7.827343940734863,5.56130313873291
article_4__section_005__chunk_001,article_index,article_chunk,lighting_efficiency,"lighting_efficiency, occupancy_based_control, hvac_optimization, appliance_energy_management, environmental_awareness, scheduling_optimization, standby_reduction",article_4,article_4,Smart home energy management systems in internet of things networks for green cities demands and services,Fossil fuel,,,,"Fossil fuel (coal crude oil and natural gas), accounted for an estimated 44% of global energy source utilization as shown in Fig. 5. Coal and natural gas account for 28% and 27% of global fossil-fuel utilization, respectively, as reporte...",-7.989237308502197,7.824272632598877,5.63294792175293
article_4__section_006__chunk_001,article_index,article_chunk,lighting_efficiency,"lighting_efficiency, occupancy_based_control, hvac_optimization, appliance_energy_management, environmental_awareness, scheduling_optimization, standby_reduction",article_4,article_4,Smart home energy management systems in internet of things networks for green cities demands and services,Nuclear energy,,,,"Nuclear energy originated primarily from the use of Uranium through the fission generation process that forms heat in a nuclear energy station. This enables reactor to heat up the water around the fuel rods, which will then have built in...",-7.984659671783447,7.820967197418213,5.589133262634277
article_4__section_007__chunk_001,article_index,article_chunk,lighting_efficiency,"lighting_efficiency, occupancy_based_control, hvac_optimization, appliance_energy_management, environmental_awareness, scheduling_optimization, standby_reduction",article_4,article_4,Smart home energy management systems in internet of things networks for green cities demands and services,Renewable energy,,,,"Renewable energy sources, RES, is the natural process of generating energy restored by means of the earth. This includes energy generated from solar, biomass, and wind, hydroelectric and geothermal. However, the most popular sources of r...",-8.031845092773438,7.7586469650268555,5.554830551147461
article_4__section_008__chunk_001,article_index,article_chunk,lighting_efficiency,"lighting_efficiency, occupancy_based_control, hvac_optimization, appliance_energy_management, environmental_awareness, scheduling_optimization, standby_reduction",article_4,article_4,Smart home energy management systems in internet of things networks for green cities demands and services,Wind,,,,"Wind energy generation has a long history, apparently originated from Chinese for agricultural irrigation four decades ago. Warm air is the major driving factor to spin large propeller of the turbine, which drive the generator to generat...",-7.982034683227539,7.808053493499756,5.600751876831055
article_4__section_009__chunk_001,article_index,article_chunk,lighting_efficiency,"lighting_efficiency, occupancy_based_control, hvac_optimization, appliance_energy_management, environmental_awareness, scheduling_optimization, standby_reduction",article_4,article_4,Smart home energy management systems in internet of things networks for green cities demands and services,Solar,,,,"Sun is another source from which to tap energy using solar cells approach, which transforms light directly into energy. During 1974 energy crisis, the sun was used to heat water panels and solar furnace to tap sun energy into mirrors to ...",-8.001996994018555,7.815539836883545,5.600033283233643
article_4__section_010__chunk_001,article_index,article_chunk,lighting_efficiency,"lighting_efficiency, occupancy_based_control, hvac_optimization, appliance_energy_management, environmental_awareness, scheduling_optimization, standby_reduction",article_4,article_4,Smart home energy management systems in internet of things networks for green cities demands and services,SHEMS review analysis,,,,SHEMS provide advanced IoT technological framework with the potential to transform a traditional home into a smart energy-aware environment to manage the energy resources and demand to reduce excess energy consumption and bills without c...,-7.977965831756592,8.016324043273926,4.847640037536621
article_4__section_010__chunk_002,article_index,article_chunk,lighting_efficiency,"lighting_efficiency, occupancy_based_control, hvac_optimization, appliance_energy_management, environmental_awareness, scheduling_optimization, standby_reduction",article_4,article_4,Smart home energy management systems in internet of things networks for green cities demands and services,SHEMS review analysis,,,,"However, majority of SHEMS literature presented in Table 1 greatly rely on occupants fixed schedule activities to derive learning model on occupants' behaviour towards energy demand and utilization. Studies in Qurat ul et al. (2018 2020)...",-7.972170829772949,8.015748023986816,4.889782905578613
article_4__section_010__chunk_003,article_index,article_chunk,lighting_efficiency,"lighting_efficiency, occupancy_based_control, hvac_optimization, appliance_energy_management, environmental_awareness, scheduling_optimization, standby_reduction",article_4,article_4,Smart home energy management systems in internet of things networks for green cities demands and services,SHEMS review analysis,,,,Passive infrared using sensor fusion techniques were proposed in and to keep track of occupants movement in the space to control occupants demand on HVAC and lighting to avoid excess energy consumption. Carbon Dioxide CO 2 Sensors were u...,-7.928741931915283,7.970490455627441,4.894919395446777
article_4__section_011__chunk_001,article_index,article_chunk,lighting_efficiency,"lighting_efficiency, occupancy_based_control, hvac_optimization, appliance_energy_management, environmental_awareness, scheduling_optimization, standby_reduction",article_4,article_4,Smart home energy management systems in internet of things networks for green cities demands and services,SHEMS literature quality assessment,,,,"Current literature in the smart home energy management system uses different technique to handle lighting, HVAC, entertainment, kitchen, and other electric home appliance. These techniques are presented in Table 3. To evaluate the level ...",-7.953413486480713,8.006864547729492,4.863918304443359
article_4__section_012__chunk_001,article_index,article_chunk,lighting_efficiency,"lighting_efficiency, occupancy_based_control, hvac_optimization, appliance_energy_management, environmental_awareness, scheduling_optimization, standby_reduction",article_4,article_4,Smart home energy management systems in internet of things networks for green cities demands and services,Overview of smart home energy management market,,,,Today the world is in the era of information technology; transforming traditional homes into Smart homes filled with advanced smart networked-based electronic appliances (see Fig. 6). This innovation allows the resident to control severa...,-7.8502912521362305,7.64546537399292,5.855064868927002
article_4__section_012__chunk_002,article_index,article_chunk,lighting_efficiency,"lighting_efficiency, occupancy_based_control, hvac_optimization, appliance_energy_management, environmental_awareness, scheduling_optimization, standby_reduction",article_4,article_4,Smart home energy management systems in internet of things networks for green cities demands and services,Overview of smart home energy management market,,,,"Ltd., Sony Corporation, and Mitsubishi Electric Corporation. These major market players adopt acquisition strategies that include partnership collaborations to maintain their position in the global market, and product launches to build t...",-7.831848621368408,7.624749183654785,5.878816604614258
article_4__section_012__chunk_003,article_index,article_chunk,lighting_efficiency,"lighting_efficiency, occupancy_based_control, hvac_optimization, appliance_energy_management, environmental_awareness, scheduling_optimization, standby_reduction",article_4,article_4,Smart home energy management systems in internet of things networks for green cities demands and services,Overview of smart home energy management market,,,,"In 2019, the majority of these industries acquired technology developers of the Wiz Wi-Fi lighting control system. This helps to expand the leadership position and maintain the position in competition with the regional supplier and contr...",-7.852960586547852,7.646104335784912,5.859757900238037
article_4__section_012__chunk_004,article_index,article_chunk,lighting_efficiency,"lighting_efficiency, occupancy_based_control, hvac_optimization, appliance_energy_management, environmental_awareness, scheduling_optimization, standby_reduction",article_4,article_4,Smart home energy management systems in internet of things networks for green cities demands and services,Overview of smart home energy management market,,,,This innovative technology has the potential to revolutionize the digital security market industry eliminating the burden of security access card management and maintenance through the provision of smart access security control via mobil...,-7.857479572296143,7.646088600158691,5.855137825012207
article_4__section_012__chunk_005,article_index,article_chunk,lighting_efficiency,"lighting_efficiency, occupancy_based_control, hvac_optimization, appliance_energy_management, environmental_awareness, scheduling_optimization, standby_reduction",article_4,article_4,Smart home energy management systems in internet of things networks for green cities demands and services,Overview of smart home energy management market,,,,"The major driving factor for share growth is the ongoing demand for building automation and the efficiency of the products. The major market player for smart HVAC control includes Jonson (US), Siemens (Germany) and Honeywell (US). Challe...",-7.845231056213379,7.645552158355713,5.871438980102539
article_4__section_012__chunk_006,article_index,article_chunk,lighting_efficiency,"lighting_efficiency, occupancy_based_control, hvac_optimization, appliance_energy_management, environmental_awareness, scheduling_optimization, standby_reduction",article_4,article_4,Smart home energy management systems in internet of things networks for green cities demands and services,Overview of smart home energy management market,,,,This is one of the major factors that the Chinese government has adopted to reduce the spread of Corona virus to medical personal. Today there is increased demand for smart mechanical healthcare assistant agents to monitor and assist pat...,-7.878998756408691,7.6701459884643555,5.82969331741333
article_4__section_012__chunk_007,article_index,article_chunk,lighting_efficiency,"lighting_efficiency, occupancy_based_control, hvac_optimization, appliance_energy_management, environmental_awareness, scheduling_optimization, standby_reduction",article_4,article_4,Smart home energy management systems in internet of things networks for green cities demands and services,Overview of smart home energy management market,,,,"A recent study shows smart healthcare system has become a prime target of worldwide cyber-attack in recent years. These applications are designed without security considerations. Therefore, smart healthcare research must focus on modelli...",-7.8038649559021,7.582535266876221,5.930486679077148
article_4__section_012__chunk_008,article_index,article_chunk,lighting_efficiency,"lighting_efficiency, occupancy_based_control, hvac_optimization, appliance_energy_management, environmental_awareness, scheduling_optimization, standby_reduction",article_4,article_4,Smart home energy management systems in internet of things networks for green cities demands and services,Overview of smart home energy management market,,,,"An increase in individual income and the nation's economy is a key factor influencing individual lifestyle change. The technology mainly monitors resident fitness such as bedtime, nutrition, hygiene, and total burned calories. Additional...",-7.854516506195068,7.6408209800720215,5.857835292816162
article_4__section_013__chunk_001,article_index,article_chunk,lighting_efficiency,"lighting_efficiency, occupancy_based_control, hvac_optimization, appliance_energy_management, environmental_awareness, scheduling_optimization, standby_reduction",article_4,article_4,Smart home energy management systems in internet of things networks for green cities demands and services,SHEMS products,,,,A smart home energy management system is the platform that handles mutual communication between energy providers and consumers as well as manages energy consumption by smart home appliances. The platform provides functions such as checki...,-7.972086429595947,8.017085075378418,4.852360248565674
article_4__section_013__chunk_002,article_index,article_chunk,lighting_efficiency,"lighting_efficiency, occupancy_based_control, hvac_optimization, appliance_energy_management, environmental_awareness, scheduling_optimization, standby_reduction",article_4,article_4,Smart home energy management systems in internet of things networks for green cities demands and services,SHEMS products,,,,"To boost the market opportunity of the POP, smart button should feature techniques that can establish communication with other smart furniture to learn the sleep schedule of the resident so that everything goes automatically without havi...",-7.969066143035889,8.016327857971191,4.847449779510498
article_4__section_013__chunk_003,article_index,article_chunk,lighting_efficiency,"lighting_efficiency, occupancy_based_control, hvac_optimization, appliance_energy_management, environmental_awareness, scheduling_optimization, standby_reduction",article_4,article_4,Smart home energy management systems in internet of things networks for green cities demands and services,SHEMS products,,,,Keen Home: is SHEMS that offers ventilation regulation and is efficient in place that is not frequently used in the house. The device is very easy to be installed on the wall to regulate the room temperature by creating zone within the h...,-7.959325313568115,8.009478569030762,4.850502967834473
article_4__section_014__chunk_001,article_index,article_chunk,lighting_efficiency,"lighting_efficiency, occupancy_based_control, hvac_optimization, appliance_energy_management, environmental_awareness, scheduling_optimization, standby_reduction",article_4,article_4,Smart home energy management systems in internet of things networks for green cities demands and services,Research opportunity,,,,"Improve occupants' thermal comfort through smart sensing and intelligent control: The thermal comfort satisfaction of occupants is one of the primary goals of the SHEMS. However, recent researches are constantly and extensively focusing ...",-7.95231819152832,7.991210460662842,4.891490936279297
article_4__section_015__chunk_001,article_index,article_chunk,lighting_efficiency,"lighting_efficiency, occupancy_based_control, hvac_optimization, appliance_energy_management, environmental_awareness, scheduling_optimization, standby_reduction",article_4,article_4,Smart home energy management systems in internet of things networks for green cities demands and services,Standard pricing scheme:,,,,Another research opportunity in the smart home energy management system is the introduction of an energy pricing scheme based on energy demand from customers and the ability of distribution centres to satisfy their order to reduce irregu...,-7.929500579833984,7.759307861328125,5.657780647277832
article_4__section_016__chunk_001,article_index,article_chunk,lighting_efficiency,"lighting_efficiency, occupancy_based_control, hvac_optimization, appliance_energy_management, environmental_awareness, scheduling_optimization, standby_reduction",article_4,article_4,Smart home energy management systems in internet of things networks for green cities demands and services,Lighting system:,,,,"Research has made a tremendous contribution in the lighting system to ensure feasible and efficient energy consumption which include smart lighting technology improved lumen, dimmers, and LEDs. However, today, lighting system is one of c...",-7.887717247009277,7.743779182434082,5.655089378356934
article_4__section_016__chunk_002,article_index,article_chunk,lighting_efficiency,"lighting_efficiency, occupancy_based_control, hvac_optimization, appliance_energy_management, environmental_awareness, scheduling_optimization, standby_reduction",article_4,article_4,Smart home energy management systems in internet of things networks for green cities demands and services,Lighting system:,,,,"Privacy: Another challenge is privacy; for example, smart metre connected with smart appliance responsible for tracking resident behaviour patterns, vital body signs such blood pressure, heart rate, body temperature, drug overdose, muscl...",-7.904468059539795,7.758758544921875,5.696499347686768
article_4__section_016__chunk_003,article_index,article_chunk,lighting_efficiency,"lighting_efficiency, occupancy_based_control, hvac_optimization, appliance_energy_management, environmental_awareness, scheduling_optimization, standby_reduction",article_4,article_4,Smart home energy management systems in internet of things networks for green cities demands and services,Lighting system:,,,,"Interoperability: Current smart home energy management systems provide a resident with limited functionalities; for example, smart light system cannot communicate with the HVAC system or smart access control to ensure the security of res...",-7.963123321533203,7.777439594268799,5.680051803588867
article_4__section_017__chunk_001,article_index,article_chunk,lighting_efficiency,"lighting_efficiency, occupancy_based_control, hvac_optimization, appliance_energy_management, environmental_awareness, scheduling_optimization, standby_reduction",article_4,article_4,Smart home energy management systems in internet of things networks for green cities demands and services,Conclusion,,,,"Today, global energy demand is increasing faster than the expected annual rate, which is driven by an increasing number of world population, production industries, transportation, building, and many other sectors. Study shows building se...",-8.005131721496582,7.833498954772949,5.5735859870910645
article_4__section_017__chunk_002,article_index,article_chunk,lighting_efficiency,"lighting_efficiency, occupancy_based_control, hvac_optimization, appliance_energy_management, environmental_awareness, scheduling_optimization, standby_reduction",article_4,article_4,Smart home energy management systems in internet of things networks for green cities demands and services,Conclusion,,,,"The review analysis of a large number of literature have reached the certain level of smartness proving automatic prediction of occupant's behaviour towards energy consumption, implementing occupants fixed occupants schedules, real-time ...",-7.917835712432861,7.954919815063477,4.928531169891357
article_5__section_001__chunk_001,article_index,article_chunk,lighting_efficiency,"lighting_efficiency, occupancy_based_control, hvac_optimization, appliance_energy_management, environmental_awareness, scheduling_optimization, standby_reduction",article_5,article_5,What People Think About Green Smart Homes,Abstract,,,,"Current technological trends have enabled several smart spaces in our daily environments. A typical example is the home, which is becoming more and more populated by connected objects and sensors. In this way, even people who are not pro...",-3.097198963165283,-3.1542983055114746,-1.4978147745132446
article_5__section_002__chunk_001,article_index,article_chunk,lighting_efficiency,"lighting_efficiency, occupancy_based_control, hvac_optimization, appliance_energy_management, environmental_awareness, scheduling_optimization, standby_reduction",article_5,article_5,What People Think About Green Smart Homes,Introduction,,,,"Current technological trends indicate an exponential growth in the number of connected objects and sensors, which populate more and more people's daily environments. This opens up new possibilities where even non-professional software de...",-3.1078708171844482,-3.164926290512085,-1.5084161758422852
article_5__section_003__chunk_001,article_index,article_chunk,lighting_efficiency,"lighting_efficiency, occupancy_based_control, hvac_optimization, appliance_energy_management, environmental_awareness, scheduling_optimization, standby_reduction",article_5,article_5,What People Think About Green Smart Homes,End-User Questionnaire,,,,A first questionnaire was submitted to a general population of potential end users of a green smart home to investigate their attitudes towards current technologies for home automation and their potential to enhance energy consumption. T...,-3.1076648235321045,-3.164815664291382,-1.5082370042800903
article_5__section_003__chunk_002,article_index,article_chunk,lighting_efficiency,"lighting_efficiency, occupancy_based_control, hvac_optimization, appliance_energy_management, environmental_awareness, scheduling_optimization, standby_reduction",article_5,article_5,What People Think About Green Smart Homes,End-User Questionnaire,,,,"Use of smart devices. Out of the 111 users who responded to the survey, 63 owned at least 1 smart device. Specifically, 49 possessed up to 3 devices, 10 up to 10, and 4 more than 10 appliances. For those who answered positively about hav...",-3.079634428024292,-3.1367440223693848,-1.4801580905914307
article_5__section_004__chunk_001,article_index,article_chunk,lighting_efficiency,"lighting_efficiency, occupancy_based_control, hvac_optimization, appliance_energy_management, environmental_awareness, scheduling_optimization, standby_reduction",article_5,article_5,What People Think About Green Smart Homes,Use of automations.,,,,The questionnaire presented a set of follow-up questions to the 26 participants who used smart home automations in the past. The first question aimed to know which tools were used for the creation of automations. Virtual assistants are t...,-3.1167261600494385,-3.173778772354126,-1.5173194408416748
article_5__section_005__chunk_001,article_index,article_chunk,lighting_efficiency,"lighting_efficiency, occupancy_based_control, hvac_optimization, appliance_energy_management, environmental_awareness, scheduling_optimization, standby_reduction",article_5,article_5,What People Think About Green Smart Homes,Environmental aspects.,,,,Questions included in the fourth section of the questionnaire were answered by all 111 participants. The primary objective of the first question was to get a general idea of the population's level of concern about the environment and its...,-3.0783448219299316,-3.135425329208374,-1.4788832664489746
article_5__section_005__chunk_002,article_index,article_chunk,lighting_efficiency,"lighting_efficiency, occupancy_based_control, hvac_optimization, appliance_energy_management, environmental_awareness, scheduling_optimization, standby_reduction",article_5,article_5,What People Think About Green Smart Homes,Environmental aspects.,,,,"The remainder is divided into having neutral interest (11%), not being very interested (7%), and expressing no interest whatsoever (2%). The last questions of the section delved into the participant's experience with issues associated wi...",-3.0946624279022217,-3.1517693996429443,-1.4952079057693481
article_5__section_006__chunk_001,article_index,article_chunk,lighting_efficiency,"lighting_efficiency, occupancy_based_control, hvac_optimization, appliance_energy_management, environmental_awareness, scheduling_optimization, standby_reduction",article_5,article_5,What People Think About Green Smart Homes,Amateurs Questionnaire,,,,"For the second questionnaire, we explored green smart homes by asking the opinion of technical users with amateur experience in managing smart environments and creating automations. In this questionnaire, we investigated the main aspects...",-3.1019890308380127,-3.158827066421509,-1.502183198928833
article_5__section_007__chunk_001,article_index,article_chunk,lighting_efficiency,"lighting_efficiency, occupancy_based_control, hvac_optimization, appliance_energy_management, environmental_awareness, scheduling_optimization, standby_reduction",article_5,article_5,What People Think About Green Smart Homes,General data.,,,,"The online survey recruited 36 participants, spanning ages from 32 to 70 years, with a mean age of 47 years (SD=8.86). In terms of programming experience, participants have different levels of expertise. Specifically, 7 respondents had n...",-3.1410093307495117,-3.198105573654175,-1.5414738655090332
article_5__section_007__chunk_002,article_index,article_chunk,lighting_efficiency,"lighting_efficiency, occupancy_based_control, hvac_optimization, appliance_energy_management, environmental_awareness, scheduling_optimization, standby_reduction",article_5,article_5,What People Think About Green Smart Homes,General data.,,,,"Closely follows automations usage (24 occurrences, 36.36%), but users also reported using proprietary devices apps (e.g., Shelly app) with 14 occurrences (21.21%). The analysis reveals that participants engage in automation for a range o...",-3.0973105430603027,-3.154390811920166,-1.4978053569793701
article_5__section_008__chunk_001,article_index,article_chunk,lighting_efficiency,"lighting_efficiency, occupancy_based_control, hvac_optimization, appliance_energy_management, environmental_awareness, scheduling_optimization, standby_reduction",article_5,article_5,What People Think About Green Smart Homes,Energy saving automations.,,,,"The feedback concerning energy saving automations reveals the following key themes. Heating and cooling efficiency: many users leverage automations to fine-tune their heating and cooling systems, with a focus on minimizing energy consump...",-3.083233118057251,-3.1402833461761475,-1.483752965927124
article_5__section_009__chunk_001,article_index,article_chunk,lighting_efficiency,"lighting_efficiency, occupancy_based_control, hvac_optimization, appliance_energy_management, environmental_awareness, scheduling_optimization, standby_reduction",article_5,article_5,What People Think About Green Smart Homes,Smart homes and automation systems.,,,,"Concerning the feedback about the domestic spaces landscape, we identified the following recurrent themes. Usability and user experience: the received comments emphasize the importance of matching the expressive power of these systems wi...",-3.0756170749664307,-3.1327197551727295,-1.4761383533477783
article_5__section_010__chunk_001,article_index,article_chunk,lighting_efficiency,"lighting_efficiency, occupancy_based_control, hvac_optimization, appliance_energy_management, environmental_awareness, scheduling_optimization, standby_reduction",article_5,article_5,What People Think About Green Smart Homes,Conclusions and Future Work,,,,"From the first survey it emerged that end users' knowledge and skills are not yet aligned with those requested by current solutions for smart homes. Most users are not even aware of the possibilities provided by current technologies, esp...",-3.0923845767974854,-3.149487257003784,-1.4928463697433472
article_6__section_001__chunk_001,article_index,article_chunk,environmental_awareness,environmental_awareness,article_6,article_6,"The role of environmental awareness, renewable energy, and green innovation in shaping climate change perceptions",Abstract,,,,"Globally, pollution is deteriorating the climate with air and water pollution, harboring more pathogens and parasites that affect the agriculture sector, food quality, and human life. The study aims to examine how pollution deteriorates ...",-3.7483415603637695,17.01791763305664,8.40038013458252
article_6__section_002__chunk_001,article_index,article_chunk,environmental_awareness,environmental_awareness,article_6,article_6,"The role of environmental awareness, renewable energy, and green innovation in shaping climate change perceptions",Untitled section,,,,"enterprises (SMEs) play a critical role in economic growth, innovation, and employment generation, particularly in developing economies (Ayyagari, Beck, & Demirguc-Kunt, 2007; Alam, Du, Rahman, Yazdifar, & Abbasi, 2022). However, SMEs al...",-3.948168992996216,16.9979305267334,8.435155868530273
article_6__section_002__chunk_002,article_index,article_chunk,environmental_awareness,environmental_awareness,article_6,article_6,"The role of environmental awareness, renewable energy, and green innovation in shaping climate change perceptions",Untitled section,,,,"Similarly, green innovation adoption (GIA) is essential for sustainable transformation, though barriers such as financial constraints, technological limitations, and cultural resistance persist (Horbach, Rammer, & Rennings, 2012; Takalo ...",-3.7428855895996094,17.050050735473633,8.358272552490234
article_6__section_002__chunk_003,article_index,article_chunk,environmental_awareness,environmental_awareness,article_6,article_6,"The role of environmental awareness, renewable energy, and green innovation in shaping climate change perceptions",Untitled section,,,,"Within this framework, environmental awareness reflects values, perceived severity of climate change represents beliefs, and renewable energy adoption and green innovation adoption represent behavioral norms. This theoretical grounding e...",-3.6990296840667725,16.990768432617188,8.315388679504395
article_6__section_003__chunk_001,article_index,article_chunk,environmental_awareness,environmental_awareness,article_6,article_6,"The role of environmental awareness, renewable energy, and green innovation in shaping climate change perceptions",Value-belief-norm theory,,,,"The value-belief-norm (VBN) theory explains that values shape pro-environmental behavior through beliefs and personal norms. By identifying value orientations, egoistic, altruistic, and biospheric, it shows how recognizing environmental ...",-3.800332546234131,17.052614212036133,8.380922317504883
article_6__section_004__chunk_001,article_index,article_chunk,environmental_awareness,environmental_awareness,article_6,article_6,"The role of environmental awareness, renewable energy, and green innovation in shaping climate change perceptions",Perceived severity of climate change,,,,"In China's SME manufacturing sector, the perceived severity of climate change (PSCC) is evident in global warming, extreme weather, and their cascading effects on ecosystems, food security, and human health (Duku, Alho, Leemans, & Groot,...",-3.7370147705078125,16.95926284790039,8.354413986206055
article_6__section_005__chunk_001,article_index,article_chunk,environmental_awareness,environmental_awareness,article_6,article_6,"The role of environmental awareness, renewable energy, and green innovation in shaping climate change perceptions",Renewable energy,,,,"Severe climate change is largely driven by fossil fuel-based energy, which generates 80% of global greenhouse gas emissions Scientific Reports | (2025) 15:40933 Green innovation adaptions Industrialization and reliance on conventional en...",-3.751559257507324,17.055158615112305,8.417649269104004
article_6__section_006__chunk_001,article_index,article_chunk,environmental_awareness,environmental_awareness,article_6,article_6,"The role of environmental awareness, renewable energy, and green innovation in shaping climate change perceptions",Environmental awareness and perceived severity of climate change,,,,"Environmental awareness is crucial for addressing climate change and environmental degradation. Issues such as biodiversity threats, hazardous waste mismanagement, water wastage, greenhouse gas emissions, population growth, and resource ...",-3.7171900272369385,16.999114990234375,8.379131317138672
article_6__section_007__chunk_001,article_index,article_chunk,environmental_awareness,environmental_awareness,article_6,article_6,"The role of environmental awareness, renewable energy, and green innovation in shaping climate change perceptions",Environmental awareness and renewable energy adaptation,,,,EA supports actions that protect the environment and individuals' behaviors and motivates them to adopt practices that preserve the planet. Value-Belief-Norm theory further emphasizes the importance of EA in fostering a better world for ...,-3.7940926551818848,17.02397346496582,8.453421592712402
article_6__section_008__chunk_001,article_index,article_chunk,environmental_awareness,environmental_awareness,article_6,article_6,"The role of environmental awareness, renewable energy, and green innovation in shaping climate change perceptions",Renewable energy adaption and perceived severity of climate change,,,,"Over the past few decades, increased industrialization and manufacturing have led to significant environmental changes. The main causes of climate change and environmental degradation are the exploitation of natural resources, increased ...",-3.7600958347320557,16.98389434814453,8.37794017791748
article_6__section_008__chunk_002,article_index,article_chunk,environmental_awareness,environmental_awareness,article_6,article_6,"The role of environmental awareness, renewable energy, and green innovation in shaping climate change perceptions",Renewable energy adaption and perceived severity of climate change,,,,People aware of REA solutions might believe these solutions are effective in combating climate change and fostering a sense of progress and hope. REA can diminish the perceived severity of climate change by instilling a sense of control ...,-3.653477430343628,16.89468002319336,8.367049217224121
article_6__section_009__chunk_001,article_index,article_chunk,environmental_awareness,environmental_awareness,article_6,article_6,"The role of environmental awareness, renewable energy, and green innovation in shaping climate change perceptions",Renewable energy adaptation as a mediator,,,,According to Fu et al. EA is the initial step in helping individuals address environmental concerns. further argues that EA comprises environmental knowledge that explores its issues and the need to adhere to potential solutions. In this...,-3.7461259365081787,17.01029396057129,8.380468368530273
article_6__section_010__chunk_001,article_index,article_chunk,environmental_awareness,environmental_awareness,article_6,article_6,"The role of environmental awareness, renewable energy, and green innovation in shaping climate change perceptions",Green innovation adoption as a moderator,,,,"Nowadays, people are becoming increasingly aware of their practices and their influence on the climate, motivating them to change their ways and reduce environmental problems. This growing environmental awareness can be disseminated thro...",-3.7800216674804688,17.0256290435791,8.434003829956055
article_6__section_011__chunk_001,article_index,article_chunk,environmental_awareness,environmental_awareness,article_6,article_6,"The role of environmental awareness, renewable energy, and green innovation in shaping climate change perceptions",H5: Green innovation adoption positively relates to the renewable energy adoption,,,,H5a: Green innovation adaptation moderates the relationship between environmental awareness and renewable energy adaptation,-3.6488840579986572,17.003036499023438,8.478228569030762
article_6__section_012__chunk_001,article_index,article_chunk,environmental_awareness,environmental_awareness,article_6,article_6,"The role of environmental awareness, renewable energy, and green innovation in shaping climate change perceptions",Mapping variables and hypothesized paths to VBN theory components,,,,"Consistent with the Value-Belief-Norm (VBN) model, the conceptual framework for this study categorizes variables and hypothesized pathways into one of three basic mechanisms that are central to the VBN theory: values, beliefs, and norms ...",-3.8387272357940674,17.165966033935547,8.526045799255371
article_6__section_013__chunk_001,article_index,article_chunk,environmental_awareness,environmental_awareness,article_6,article_6,"The role of environmental awareness, renewable energy, and green innovation in shaping climate change perceptions",Beliefs,,,,Perceived Severity of Climate Change (PSCC): PSCC is the belief element that projects the degree to which decision-makers see climate change as posing a threat to natural or human systems. H1: In line with the VBN proposition that values...,-3.697523832321167,16.95293426513672,8.314176559448242
article_6__section_014__chunk_001,article_index,article_chunk,environmental_awareness,environmental_awareness,article_6,article_6,"The role of environmental awareness, renewable energy, and green innovation in shaping climate change perceptions",Norms,,,,"The behaviors are conceptualized as behavioral norms, REA, and GIA specific pro-environmental actions derived from activated personal obligations to take action against environmental harm. REA involves a shift from high-carbon forms of e...",-3.7860629558563232,17.07752799987793,8.389949798583984
article_6__section_015__chunk_001,article_index,article_chunk,environmental_awareness,environmental_awareness,article_6,article_6,"The role of environmental awareness, renewable energy, and green innovation in shaping climate change perceptions",VBN pathway: The proposed hypotheses follow this direction of causal assumptions,,,,"H1: Increased self-efficacy can decrease perceived threat severity, which in turn reduces preventive raising confidence beliefs, such that EA values are negatively related to PSCC. H2: EA (values) increase REA (norms) by increasing moral...",-3.8031864166259766,17.14784049987793,8.542027473449707
article_6__section_016__chunk_001,article_index,article_chunk,environmental_awareness,environmental_awareness,article_6,article_6,"The role of environmental awareness, renewable energy, and green innovation in shaping climate change perceptions",Context selection,,,,"Jiangsu Province was selected as the study's setting due to its high density of SMEs, robust innovation system, and strong governmental support for environmentally sustainable industrial development. The province is considered one of Chi...",-3.7634904384613037,17.1268253326416,8.505151748657227
article_6__section_017__chunk_001,article_index,article_chunk,environmental_awareness,environmental_awareness,article_6,article_6,"The role of environmental awareness, renewable energy, and green innovation in shaping climate change perceptions",Construct operationalization,,,,The environmental awareness was measured through 5 items adapted from the study by. The green innovation accessed through 6 items from the study of. The perceived severity of climate change was measured through 6 items adapted from. Rene...,-3.7088921070098877,16.98655128479004,8.36209487915039
article_6__section_018__chunk_001,article_index,article_chunk,environmental_awareness,environmental_awareness,article_6,article_6,"The role of environmental awareness, renewable energy, and green innovation in shaping climate change perceptions",Sampling and data collection,,,,"The study employs a deductive approach, which is highly suitable in the positivist paradigm, thereby enabling the formulation of hypotheses and testing at an acceptable probability level of expected results. The SME manufacturing firms w...",-3.882129669189453,17.074291229248047,8.51220989227295
article_6__section_019__chunk_001,article_index,article_chunk,environmental_awareness,environmental_awareness,article_6,article_6,"The role of environmental awareness, renewable energy, and green innovation in shaping climate change perceptions",Analysis methods,,,,"The interplay of constructs was determined using partial least squares-structured equation modeling, and data interpretations were made through SmartPLS. PLS-SEM is a flexible statistical technique that is used to analyze data that are n...",-3.688718318939209,17.091354370117188,8.258264541625977
article_6__section_020__chunk_001,article_index,article_chunk,environmental_awareness,environmental_awareness,article_6,article_6,"The role of environmental awareness, renewable energy, and green innovation in shaping climate change perceptions",Common method bias (CMB),,,,"The first use of the Harman one-factor approach and CMB was tested. This study shows that the 41-item measurement model had eight apparent factors. However, the single-factor variance of the highest account was 32.07%, as indicated by Po...",-3.8632678985595703,17.100847244262695,8.432012557983398
article_6__section_021__chunk_001,article_index,article_chunk,environmental_awareness,environmental_awareness,article_6,article_6,"The role of environmental awareness, renewable energy, and green innovation in shaping climate change perceptions",Convergent validity and reliability analysis,,,,"The study was conducted in two distinct stages for data analysis. Initially, we employed a measurement model using a covariance-based approach for structural equation modeling (SEM) with Smart-PLS 4. The data analysis involved the evalua...",-3.8012936115264893,17.078094482421875,8.442780494689941
article_6__section_022__chunk_001,article_index,article_chunk,environmental_awareness,environmental_awareness,article_6,article_6,"The role of environmental awareness, renewable energy, and green innovation in shaping climate change perceptions",Discriminant validity,,,,"To measure the four variables, established valid scales were utilized to estimate the outcomes for EA, GIA, PSCC, and REA. Discriminant validity is confirmed when the square root of the AVEs equals the corresponding correlation coefficie...",-3.8325865268707275,17.02007484436035,8.44053840637207
article_6__section_023__chunk_001,article_index,article_chunk,environmental_awareness,environmental_awareness,article_6,article_6,"The role of environmental awareness, renewable energy, and green innovation in shaping climate change perceptions",Path model analysis,,,,"The structural model was validated through PLS-SEM on 5,000 bootstraps. The fit index of the model was also in line with those recommended in 59, (SRMR = 0.049, which is less than the average threshold of around 0.08). The PSCC and the R...",-3.6402015686035156,16.96902084350586,8.294390678405762
article_6__section_023__chunk_002,article_index,article_chunk,environmental_awareness,environmental_awareness,article_6,article_6,"The role of environmental awareness, renewable energy, and green innovation in shaping climate change perceptions",Path model analysis,,,,"Small to large effect sizes (f 2) supported the model stability. Table 7 and Fig. 2 show the mediating and moderating relationships of latent constructs, employing bootstrapping with 5,000 resamples and a 95% confidence interval (CI). Co...",-3.6126046180725098,16.960569381713867,8.305242538452148
article_6__section_024__chunk_001,article_index,article_chunk,environmental_awareness,environmental_awareness,article_6,article_6,"The role of environmental awareness, renewable energy, and green innovation in shaping climate change perceptions","Discussion, conclusion, and limitation Discussion",,,,"The purposes of this study are to investigate the impacts of environmental awareness, renewable energy adoption, and green innovation adoption on Chinese SMEs' perceptions of climate change severity, based on the Value-Belief-Norm theory...",-3.7570574283599854,16.972959518432617,8.370259284973145
article_6__section_024__chunk_002,article_index,article_chunk,environmental_awareness,environmental_awareness,article_6,article_6,"The role of environmental awareness, renewable energy, and green innovation in shaping climate change perceptions","Discussion, conclusion, and limitation Discussion",,,,Renewable energy is negatively correlated with the perception of climate change severity among SMEs in China. These findings suggest that SMEs implementing renewable energy are more likely to take proactive steps to address climate chang...,-3.8845767974853516,16.934385299682617,8.334951400756836
article_6__section_024__chunk_003,article_index,article_chunk,environmental_awareness,environmental_awareness,article_6,article_6,"The role of environmental awareness, renewable energy, and green innovation in shaping climate change perceptions","Discussion, conclusion, and limitation Discussion",,,,"In terms of VBN, innovation advances the transformation from values to norms through technological and managerial capacity. This illustrates that organizational pro-environmental values are a product of structural capacities. The result ...",-3.750434637069702,16.930091857910156,8.302212715148926
article_6__section_025__chunk_001,article_index,article_chunk,environmental_awareness,environmental_awareness,article_6,article_6,"The role of environmental awareness, renewable energy, and green innovation in shaping climate change perceptions",Conclusion,,,,"Chinese manufacturing SMEs are influenced by the perceived severity of climate change, environmental awareness, the adoption of renewable energy, and green innovation. The Value-Belief-Norm theory explains how values and beliefs influenc...",-3.811269521713257,17.045143127441406,8.43382740020752
article_6__section_025__chunk_002,article_index,article_chunk,environmental_awareness,environmental_awareness,article_6,article_6,"The role of environmental awareness, renewable energy, and green innovation in shaping climate change perceptions",Conclusion,,,,"The findings highlight the complex processes linking environmental awareness to renewable energy adoption, green innovation, and perceptions of climate change in SMEs in China. In conclusion, environmental awareness has a significant imp...",-3.835944414138794,17.047317504882812,8.444023132324219
article_6__section_026__chunk_001,article_index,article_chunk,environmental_awareness,environmental_awareness,article_6,article_6,"The role of environmental awareness, renewable energy, and green innovation in shaping climate change perceptions",Limitations & future recommendations,,,,"Although this study adds valuable insights in the context of Chinese SMEs, the transferability of its findings to other contexts needs to be undertaken with caution. The empirical model is based on the VBN theory, which suggests that the...",-3.77632474899292,17.051546096801758,8.321646690368652
article_6__section_026__chunk_002,article_index,article_chunk,environmental_awareness,environmental_awareness,article_6,article_6,"The role of environmental awareness, renewable energy, and green innovation in shaping climate change perceptions",Limitations & future recommendations,,,,"Combining these approaches would yield a more comprehensive and temporally sensitive understanding of the conditions that shape pro-environmental behavior in this vital SME sector. This study provides valuable insights, but it has severa...",-3.88362979888916,16.960779190063477,8.349054336547852
article_6__section_027__chunk_001,article_index,article_chunk,environmental_awareness,environmental_awareness,article_6,article_6,"The role of environmental awareness, renewable energy, and green innovation in shaping climate change perceptions",Theoretical Implications,,,,"This study significantly advances both theory and practice by integrating the perceived severity of climate change, environmental awareness, renewable energy adaptation, and green innovation adoption with the VBN theory in the context of...",-3.816828966140747,17.056821823120117,8.399572372436523
article_6__section_028__chunk_001,article_index,article_chunk,environmental_awareness,environmental_awareness,article_6,article_6,"The role of environmental awareness, renewable energy, and green innovation in shaping climate change perceptions",Practical & managerial contribution,,,,"The study is practically significant for Chinese manufacturing SMEs as it outlines a path for enhancing sustainability through environmental awareness, renewable energy, and green innovation. It emphasizes the critical role of environmen...",-3.9331254959106445,16.906721115112305,8.492341995239258
article_6__section_029__chunk_001,article_index,article_chunk,environmental_awareness,environmental_awareness,article_6,article_6,"The role of environmental awareness, renewable energy, and green innovation in shaping climate change perceptions",For policy makers,,,,"The study advocates for education programs to focus on increasing environmental awareness, as well as the provision of subsidies for renewable energy sources, tax rebates, and low-interest green loans. The research also argues for sector...",-3.777247428894043,17.06389617919922,8.41390323638916
article_6__section_030__chunk_001,article_index,article_chunk,environmental_awareness,environmental_awareness,article_6,article_6,"The role of environmental awareness, renewable energy, and green innovation in shaping climate change perceptions",For SME managers,,,,"The study suggests that internal sustainability task forces be formed, that climate risk assessments be integrated into strategic planning, and that collaboration with government and NGOs be tapped for technical and financial support. Th...",-4.020927429199219,16.95673370361328,8.54483699798584
article_7__section_001__chunk_001,article_index,article_chunk,occupancy_based_control,"occupancy_based_control, appliance_energy_management, scheduling_optimization",article_7,article_7,Using consumer behavior data to reduce energy consumption in smart homes,Abstract,,,,This paper discusses how usage patterns and preferences of inhabitants can be learned efficiently to allow smart homes to autonomously achieve energy savings. We propose a frequent sequential pattern mining algorithm suitable for real-li...,-5.025381088256836,4.357296466827393,-5.913881778717041
article_7__section_002__chunk_001,article_index,article_chunk,occupancy_based_control,"occupancy_based_control, appliance_energy_management, scheduling_optimization",article_7,article_7,Using consumer behavior data to reduce energy consumption in smart homes,INTRODUCTION,,,,"King defines a smart home as a ""dwelling incorporating a communications network that connects the key electrical appliances and services, and allows them to be remotely controlled, monitored or accessed"". The definition goes on by statin...",-5.0161848068237305,4.347998142242432,-5.922974586486816
article_7__section_003__chunk_001,article_index,article_chunk,occupancy_based_control,"occupancy_based_control, appliance_energy_management, scheduling_optimization",article_7,article_7,Using consumer behavior data to reduce energy consumption in smart homes,A. Pattern mining for smart homes,,,,"A suitable algorithm allows a smart home to learn its inhabitants' usage patterns autonomously. The Apriori algorithm was originally designed with the goal of association rule mining in mind, as described by Agrawal & Srikant. In the sma...",-4.926245212554932,4.25796365737915,-6.012908935546875
article_7__section_004__chunk_001,article_index,article_chunk,occupancy_based_control,"occupancy_based_control, appliance_energy_management, scheduling_optimization",article_7,article_7,Using consumer behavior data to reduce energy consumption in smart homes,B. Smart home technology,,,,"digitalSTROM products provide connectivity to electrical devices in the home over the existing power cables. This includes every lamp, light switch, blinds and any plugged in device. This network of devices is connected through a server ...",-5.025871276855469,4.358001708984375,-5.9132256507873535
article_7__section_005__chunk_001,article_index,article_chunk,occupancy_based_control,"occupancy_based_control, appliance_energy_management, scheduling_optimization",article_7,article_7,Using consumer behavior data to reduce energy consumption in smart homes,C. Criteria used for choosing pattern mining algorithms,,,,The choice of the pattern mining algorithms used in this work was influenced by the following criteria: • The algorithm has to be able to find patterns in data. To be more precise it has to find both frequent sequential patterns and peri...,-4.9979681968688965,4.329635143280029,-5.941375732421875
article_7__section_006__chunk_001,article_index,article_chunk,occupancy_based_control,"occupancy_based_control, appliance_energy_management, scheduling_optimization",article_7,article_7,Using consumer behavior data to reduce energy consumption in smart homes,D. Training data set,,,,"The historical training dataset used contains 33 homes with 3521 devices, which are related to 4,331,443 events and 6829 unique scenes. These events extend over a period between 08/12/2002 and 25/06/2014. There are several types of elect...",-5.015361785888672,4.34721040725708,-5.923839569091797
article_7__section_007__chunk_001,article_index,article_chunk,occupancy_based_control,"occupancy_based_control, appliance_energy_management, scheduling_optimization",article_7,article_7,Using consumer behavior data to reduce energy consumption in smart homes,A. Window Sliding with De-Duplication (WSDD),,,,"A new algorithm for mining patterns from smart home events was designed. The algorithm is based on the idea of socalled open and overlapping patterns. It follows a brute force approach, namely find all possible frequent patterns by slidi...",-5.00205135345459,4.33360481262207,-5.937308311462402
article_7__section_008__chunk_001,article_index,article_chunk,occupancy_based_control,"occupancy_based_control, appliance_energy_management, scheduling_optimization",article_7,article_7,Using consumer behavior data to reduce energy consumption in smart homes,B. Algorithm comparison,,,,"To compare the WSDD algorithm with the two well-known sequential pattern mining algorithms BIDE+ and PrefixSpan, an interface to the open-source Java framework SPMF by Fournier-Viger et al. was implemented. It became obvious very soon th...",-5.039008140563965,4.370625019073486,-5.900365829467773
article_7__section_008__chunk_002,article_index,article_chunk,occupancy_based_control,"occupancy_based_control, appliance_energy_management, scheduling_optimization",article_7,article_7,Using consumer behavior data to reduce energy consumption in smart homes,B. Algorithm comparison,,,,"2. In addition to the run time benchmarks, the same four algorithms were compared regarding their memory consumption. The memory consumption was measured with the ""MemoryLogger"", which is provided as part of the SPMF framework and with P...",-5.001162052154541,4.332798957824707,-5.938359260559082
article_7__section_008__chunk_003,article_index,article_chunk,occupancy_based_control,"occupancy_based_control, appliance_energy_management, scheduling_optimization",article_7,article_7,Using consumer behavior data to reduce energy consumption in smart homes,B. Algorithm comparison,,,,"DESIGN OF THE Because not all frequent energy savings, we defined som relevant behavior patterns. To ensure that a relevant energy, it must be composed of (1) A relevant pattern mu lower energy usage (events). For a detailed (2) The patt...",-4.991513729095459,4.3231425285339355,-5.948050498962402
article_7__section_009__chunk_001,article_index,article_chunk,occupancy_based_control,"occupancy_based_control, appliance_energy_management, scheduling_optimization",article_7,article_7,Using consumer behavior data to reduce energy consumption in smart homes,A. Architecture,,,,We proceeded to build a rec WSDD algorithm we designed recommender system develope Fig. 3 and can be divided in thr • The storage of the asso • The event stream of th the smart home • The matching algorith s and/or the less the minimum y...,-5.030354022979736,4.361933708190918,-5.9091033935546875
article_7__section_009__chunk_002,article_index,article_chunk,occupancy_based_control,"occupancy_based_control, appliance_energy_management, scheduling_optimization",article_7,article_7,Using consumer behavior data to reduce energy consumption in smart homes,A. Architecture,,,,The matching algorithm is the core recommender system. It matches the rule stream. The most common existing rule mat RETE by Forgy. We use a determi machine (FSM) approach as depicted in Fig the order of the events better than RETE. A th...,-5.006217956542969,4.337932586669922,-5.933195114135742
article_7__section_010__chunk_001,article_index,article_chunk,occupancy_based_control,"occupancy_based_control, appliance_energy_management, scheduling_optimization",article_7,article_7,Using consumer behavior data to reduce energy consumption in smart homes,B. Implementation,,,,The recommender system was implem based Microsoft® Azure VM (Virtual Mach set up with Ubuntu 14.04. The smart homes event data is parsed fro the digitalSTROM system. The files are up installed on the digitalSTROM infrastructure made acce...,-5.047945976257324,4.380789756774902,-5.891063213348389
article_7__section_011__chunk_001,article_index,article_chunk,occupancy_based_control,"occupancy_based_control, appliance_energy_management, scheduling_optimization",article_7,article_7,Using consumer behavior data to reduce energy consumption in smart homes,B. Phase 2,,,,The aim of the second phase of the evaluation was to increase the ratio of answered recommendations and the ratio of useful recommendations compared to the first phase. The analysis of the data collected during phase 1 was used to adapt ...,-4.99463415145874,4.326354026794434,-5.944713592529297
article_7__section_012__chunk_001,article_index,article_chunk,occupancy_based_control,"occupancy_based_control, appliance_energy_management, scheduling_optimization",article_7,article_7,Using consumer behavior data to reduce energy consumption in smart homes,VI. CONCLUSION AND FUTURE WORK,,,,"The proposed algorithm, called WSSD, outperforms existing algorithms both in run-time as well as in memory usage. Even though WSDD allows the mining of wildcarded patterns, their use does not show any significant improvement over non-wil...",-5.074140548706055,4.405619144439697,-5.865320682525635
article_8__section_001__chunk_001,article_index,article_chunk,environmental_awareness,environmental_awareness,article_8,article_8,Energy and GHG saving potentials of sufficiency measures -- a synthesis for Germany,Abstract,,,,"The sixth assessment report of the Intergovernmental Panel on Climate Change (IPCC) emphasises the potential of demand-side measures, such as sufficiency, for mitigating climate change. Although quantified potentials of various sufficien...",-1.2272276878356934,1.1430484056472778,-6.668948173522949
article_8__section_002__chunk_001,article_index,article_chunk,environmental_awareness,environmental_awareness,article_8,article_8,Energy and GHG saving potentials of sufficiency measures -- a synthesis for Germany,Untitled section,,,,"1. Introduction 1.1. The role and status of energy sufficiency (policy) As the climate crisis intensifies and efforts to combat climate change need to be increased, demand-side options and particularly those that go beyond green growth h...",-1.2866348028182983,1.1423429250717163,-6.662800312042236
article_8__section_002__chunk_002,article_index,article_chunk,environmental_awareness,environmental_awareness,article_8,article_8,Energy and GHG saving potentials of sufficiency measures -- a synthesis for Germany,Untitled section,,,,"For example, strategies such as the expansion of renewable energy or negative emission technologies may inadvertently lead to increased resource demand or inequalities in access to these resources because of high systemic costs. Reducing...",-1.2783927917480469,1.1662412881851196,-6.632175445556641
article_8__section_003__chunk_001,article_index,article_chunk,environmental_awareness,environmental_awareness,article_8,article_8,Energy and GHG saving potentials of sufficiency measures -- a synthesis for Germany,Sufficiency potentials in the existing literature,,,,"In this article, we focus on the saving potentials of energy sufficiency expressed as greenhouse gas (GHG) emission and energy savings. There is a range of studies (peer-reviewed and grey) that has explored these saving potentials for di...",-1.2721070051193237,1.1400933265686035,-6.6536712646484375
article_8__section_003__chunk_002,article_index,article_chunk,environmental_awareness,environmental_awareness,article_8,article_8,Energy and GHG saving potentials of sufficiency measures -- a synthesis for Germany,Sufficiency potentials in the existing literature,,,,"They model a 43% reduction in GHG emissions in the scenario with lifestyle changes compared to a baseline scenario. More than 20% of this reduction can be attributed to behavioural change/sufficiency. At the next level down, there are al...",-1.2670406103134155,1.1935991048812866,-6.58570671081543
article_8__section_003__chunk_003,article_index,article_chunk,environmental_awareness,environmental_awareness,article_8,article_8,Energy and GHG saving potentials of sufficiency measures -- a synthesis for Germany,Sufficiency potentials in the existing literature,,,,"modelled different green consumption and sufficiency options for Europe using a consumption-based perspective, also for different sectors, and compared them. They similarly accorded a mobility measure the highest saving potential: only b...",-1.1607723236083984,1.2090848684310913,-6.675990581512451
article_8__section_003__chunk_004,article_index,article_chunk,environmental_awareness,environmental_awareness,article_8,article_8,Energy and GHG saving potentials of sufficiency measures -- a synthesis for Germany,Sufficiency potentials in the existing literature,,,,"Thus, as shown in the subchapter on existing potentials above, the research gap is not primarily about the lack of quantifications of sufficiency saving potentials, but rather its identification, structuring, harmonisation and synthesis....",-1.1872978210449219,1.1405962705612183,-6.625521659851074
article_8__section_004__chunk_001,article_index,article_chunk,environmental_awareness,environmental_awareness,article_8,article_8,Energy and GHG saving potentials of sufficiency measures -- a synthesis for Germany,Material and Methods,,,,"For this analysis, we performed a systematic literature review on energy sufficiency saving potentials. Our national case study focuses on Germany. In parallel, we conceptualised a database structure to curate the data and make the poten...",-1.1589452028274536,1.2397325038909912,-6.547621726989746
article_8__section_005__chunk_001,article_index,article_chunk,environmental_awareness,environmental_awareness,article_8,article_8,Energy and GHG saving potentials of sufficiency measures -- a synthesis for Germany,Systematic literature review,,,,"We conducted a systematic literature review in the Web of Science Core Collection and in Google Scholar on May 25, 2023 in English and in German. From our research experience, we know that, at least in Germany, many applied research proj...",-1.2952390909194946,1.0937849283218384,-6.58185338973999
article_8__section_005__chunk_002,article_index,article_chunk,environmental_awareness,environmental_awareness,article_8,article_8,Energy and GHG saving potentials of sufficiency measures -- a synthesis for Germany,Systematic literature review,,,,"This led to 430 papers from the systematic literature search and 85 additional papers, see Figure 3. After removing duplicates and one paper published before 2013, we screened the abstracts of 425 papers. The majority (84%) were excluded...",-1.2911438941955566,1.0942268371582031,-6.571207523345947
article_8__section_006__chunk_001,article_index,article_chunk,environmental_awareness,environmental_awareness,article_8,article_8,Energy and GHG saving potentials of sufficiency measures -- a synthesis for Germany,Design of the database,,,,"There is no comparable data collection available, so we structured the Sufficiency Potential Database from scratch. Every energy or GHG saving measure fills one row. Besides the name of the measure and its energy and/or GHG saving potent...",-1.14283287525177,1.2177671194076538,-6.620321750640869
article_8__section_006__chunk_002,article_index,article_chunk,environmental_awareness,environmental_awareness,article_8,article_8,Energy and GHG saving potentials of sufficiency measures -- a synthesis for Germany,Design of the database,,,,The clustering was done sector-by-sector by screening all entries and deductively attributing clusters. We attributed a higher-level cluster (e. g. heat consumption) and a cluster (e. g. living space or heating behaviour) to each potenti...,-1.16399085521698,1.2598931789398193,-6.590005397796631
article_8__section_007__chunk_001,article_index,article_chunk,environmental_awareness,environmental_awareness,article_8,article_8,Energy and GHG saving potentials of sufficiency measures -- a synthesis for Germany,Filling of the database and conversion steps,,,,"All authors of this study filled the database with saving potentials from the identified 47 studiesper measure either energy or GHG savings or both, depending on the availability. All of the entries to the database were reviewed by a sec...",-1.1916321516036987,1.160789132118225,-6.634759902954102
article_8__section_007__chunk_002,article_index,article_chunk,environmental_awareness,environmental_awareness,article_8,article_8,Energy and GHG saving potentials of sufficiency measures -- a synthesis for Germany,Filling of the database and conversion steps,,,,"Although this version of the database has a national focus on Germany, it can serve as a blueprint for collections for other countries or be extended to other countries in the future. The structure of the database also provides guidance ...",-1.1728957891464233,1.1314040422439575,-6.6154351234436035
article_8__section_008__chunk_001,article_index,article_chunk,environmental_awareness,environmental_awareness,article_8,article_8,Energy and GHG saving potentials of sufficiency measures -- a synthesis for Germany,Gap analysis,,,,"The Sufficiency Potential Database was analysed to identify gaps in the quantification of individual measures, e. g. to recommend foci to modellers for future analysis. As a reference, we used the European Sufficiency Policy Database, an...",-1.1428664922714233,1.1279315948486328,-6.6914849281311035
article_8__section_008__chunk_002,article_index,article_chunk,environmental_awareness,environmental_awareness,article_8,article_8,Energy and GHG saving potentials of sufficiency measures -- a synthesis for Germany,Gap analysis,,,,"The quantified entries in the Potential Database lack this level of granularity, particularly for public transport. Future quantifications could disaggregate the savings further and explore savings from measures like reducing parking, ca...",-1.1625853776931763,1.1039457321166992,-6.688241481781006
article_8__section_009__chunk_001,article_index,article_chunk,environmental_awareness,environmental_awareness,article_8,article_8,Energy and GHG saving potentials of sufficiency measures -- a synthesis for Germany,Presentation of results,,,,"We summarise the saving potentials from a sectoral perspective and create corresponding figures. In doing so, we combine various distinguishing features: We always show the time scale and as a second factor, either the type of potential ...",-1.1156764030456543,1.2845743894577026,-6.678692817687988
article_8__section_010__chunk_001,article_index,article_chunk,environmental_awareness,environmental_awareness,article_8,article_8,Energy and GHG saving potentials of sufficiency measures -- a synthesis for Germany,Overview of database entries,,,,"Based on the literature review, the Sufficiency Potential Database (see Supplementary Information) was filled with findings from 47 literature sources. It contains 303 entries, 209 of which have a narrow scope (see definition in chapter ...",-1.1875572204589844,1.1850237846374512,-6.655328750610352
article_8__section_010__chunk_002,article_index,article_chunk,environmental_awareness,environmental_awareness,article_8,article_8,Energy and GHG saving potentials of sufficiency measures -- a synthesis for Germany,Overview of database entries,,,,GHG saving potentials are helpful for discussions on the policy level. Modellers need energy savings to integrate the sufficiency potentials into their models or rather activity levels like heated floor area or travelled kilometres. The ...,-1.2499068975448608,1.2126067876815796,-6.716945648193359
article_8__section_010__chunk_003,article_index,article_chunk,environmental_awareness,environmental_awareness,article_8,article_8,Energy and GHG saving potentials of sufficiency measures -- a synthesis for Germany,Overview of database entries,,,,"This characteristic results in a high variability of saving potentials due to different underlying assumptions. In contrast, realised potentials (quantified on the basis of ex-post evaluations) account for only 4% (nine entries), six of ...",-1.1757668256759644,1.1926357746124268,-6.662032127380371
article_8__section_011__chunk_001,article_index,article_chunk,environmental_awareness,environmental_awareness,article_8,article_8,Energy and GHG saving potentials of sufficiency measures -- a synthesis for Germany,Sectoral saving potentials,,,,This chapter presents the sectoral saving potentials. Chapter 2.5 provides explanations of how the results are presented in the figures. The five cross-sectoral saving potentials are not discussed in the following; the corresponding figu...,-1.1471792459487915,1.2446624040603638,-6.585628509521484
article_8__section_012__chunk_001,article_index,article_chunk,environmental_awareness,environmental_awareness,article_8,article_8,Energy and GHG saving potentials of sufficiency measures -- a synthesis for Germany,Building sector,,,,"Energy-saving quantifications for the building sector rely exclusively on a territorial (non-LCA (life cycle assessment)) approach and comprise theoretical potentials. The database includes 62 entries for energy reduction measures, predo...",-1.2388547658920288,1.1977405548095703,-6.624372482299805
article_8__section_012__chunk_002,article_index,article_chunk,environmental_awareness,environmental_awareness,article_8,article_8,Energy and GHG saving potentials of sufficiency measures -- a synthesis for Germany,Building sector,,,,"For the living space cluster, ambition levels vary, ranging from the reduction to 60 m2 for twoperson households by) mentioned above, to a 20% decrease in per capita floor area by 2050 (-17.5 Mt CO 2-eq./a) to zero net addition of floor ...",-1.1913422346115112,1.246343731880188,-6.567967414855957
article_8__section_013__chunk_001,article_index,article_chunk,environmental_awareness,environmental_awareness,article_8,article_8,Energy and GHG saving potentials of sufficiency measures -- a synthesis for Germany,Mobility sector,,,,"The mobility sector includes a multitude of GHG saving potentials (40 measures), see Figure 5. Most of them can be ascribed to the higher-level cluster motorised individual transport. Five of the measures are calculated via consumption-b...",-1.2593994140625,1.2792319059371948,-6.541745185852051
article_8__section_014__chunk_001,article_index,article_chunk,environmental_awareness,environmental_awareness,article_8,article_8,Energy and GHG saving potentials of sufficiency measures -- a synthesis for Germany,Industry / production sector,,,,"Energy savings in the industry / production sector range between 0.5 and 31 TWh. Five measures use a territorial approach, while two employ LCA methods, see Figure 12. Quantifications are either retrospective or for long-term horizons. S...",-1.2695896625518799,1.2064948081970215,-6.644669532775879
article_8__section_015__chunk_001,article_index,article_chunk,environmental_awareness,environmental_awareness,article_8,article_8,Energy and GHG saving potentials of sufficiency measures -- a synthesis for Germany,Land-use and food sector,,,,"The database includes 32 entries of GHG saving measures in the land-use and food sector. Energy saving does not play a role in this sector and all entries are theoretical potentials. In terms of methodology, a few studies are based on LC...",-1.3497847318649292,1.3171968460083008,-6.60162353515625
article_8__section_016__chunk_001,article_index,article_chunk,environmental_awareness,environmental_awareness,article_8,article_8,Energy and GHG saving potentials of sufficiency measures -- a synthesis for Germany,Discussion of results,,,,"Through the literature review, we have identified the existing saving potentials for different sectors and clusters scattered throughout the literature. We then systematised these findings in one place and made them comparable by harmoni...",-1.1203887462615967,1.2555828094482422,-6.561689853668213
article_8__section_016__chunk_002,article_index,article_chunk,environmental_awareness,environmental_awareness,article_8,article_8,Energy and GHG saving potentials of sufficiency measures -- a synthesis for Germany,Discussion of results,,,,"This is not surprising because sufficiency does not play a large role in current politics) and, as a result, there are not many implemented measures that can be evaluated. This underscores the importance of evaluating existing sufficienc...",-1.135451316833496,1.1177645921707153,-6.675980567932129
article_8__section_016__chunk_003,article_index,article_chunk,environmental_awareness,environmental_awareness,article_8,article_8,Energy and GHG saving potentials of sufficiency measures -- a synthesis for Germany,Discussion of results,,,,Most of the literature sources that led to entries in the Sufficiency Potential Database were known by the authors or their networks or added through snowball sampling. This is due to the fact that the term sufficiency is often not expli...,-1.24532151222229,1.1021134853363037,-6.613031387329102
article_8__section_017__chunk_001,article_index,article_chunk,environmental_awareness,environmental_awareness,article_8,article_8,Energy and GHG saving potentials of sufficiency measures -- a synthesis for Germany,Conclusions,,,,"We have established a novel, openly available database with sufficiency saving potentials for GHG emissions and energy consumption for Germany. The literature review which fed the database led to 47 relevant sources from which we extract...",-1.1900355815887451,1.1643753051757812,-6.5950541496276855
article_8__section_017__chunk_002,article_index,article_chunk,environmental_awareness,environmental_awareness,article_8,article_8,Energy and GHG saving potentials of sufficiency measures -- a synthesis for Germany,Conclusions,,,,"Moreover, the saving measure itself (for sufficiency mainly the change of activity levels) needs to be described in detail. More open and transparent data provision or a standard for metadata on studies including saving potentials would ...",-1.2144664525985718,1.2326741218566895,-6.533141613006592
article_9__section_001__chunk_001,article_index,article_chunk,occupancy_based_control,"occupancy_based_control, hvac_optimization, appliance_energy_management, scheduling_optimization",article_9,article_9,Estimating electricity saving-potential in small offices using adaptive thermal comfort,Abstract,,,,"Small office buildings below 10,000 square feet account for approximately 75% of the total number of office buildings in the United States. Unlike large office buildings, small office buildings usually use packaged HVAC systems for envir...",-0.6806339621543884,-6.208871841430664,11.762613296508789
article_9__section_002__chunk_001,article_index,article_chunk,occupancy_based_control,"occupancy_based_control, hvac_optimization, appliance_energy_management, scheduling_optimization",article_9,article_9,Estimating electricity saving-potential in small offices using adaptive thermal comfort,Introduction,,,,"In the United States, more than 73% of electricity is consumed by buildings. Electricity used for space cooling in buildings reached 392 billion kWh in 2020, which accounted for approximately 10% of overall electricity consumption. Among...",-0.6963597536087036,-6.224733352661133,11.779354095458984
article_9__section_002__chunk_002,article_index,article_chunk,occupancy_based_control,"occupancy_based_control, hvac_optimization, appliance_energy_management, scheduling_optimization",article_9,article_9,Estimating electricity saving-potential in small offices using adaptive thermal comfort,Introduction,,,,"The empirical rules to set cooling temperature follow a model developed in the 1960s that derived from male test subjects only, which causes the intrinsic mismatch in providing comfort to all occupants. In addition to discomfort, accordi...",-0.671517550945282,-6.199819087982178,11.754323959350586
article_9__section_003__chunk_001,article_index,article_chunk,occupancy_based_control,"occupancy_based_control, hvac_optimization, appliance_energy_management, scheduling_optimization",article_9,article_9,Estimating electricity saving-potential in small offices using adaptive thermal comfort,Occupancy-decoupled operation,,,,Programmable thermostats are the most prevailing devices to control HVAC operation in small and medium-sized offices. Those devices adjust the temperature according to a series of settings to be triggered by the time of the day and day o...,-0.702427864074707,-6.2301106452941895,11.784573554992676
article_9__section_004__chunk_001,article_index,article_chunk,occupancy_based_control,"occupancy_based_control, hvac_optimization, appliance_energy_management, scheduling_optimization",article_9,article_9,Estimating electricity saving-potential in small offices using adaptive thermal comfort,Unused free cooling resources,,,,Most climate zones in the United States offer the opportunity to utilize natural ventilation as free cooling for various lengths of time. The fresh outdoor air at the pleasant temperature and humidity level not only improves indoor air q...,-0.6445798277854919,-6.172980785369873,11.727686882019043
article_9__section_005__chunk_001,article_index,article_chunk,occupancy_based_control,"occupancy_based_control, hvac_optimization, appliance_energy_management, scheduling_optimization",article_9,article_9,Estimating electricity saving-potential in small offices using adaptive thermal comfort,Overall Framework,,,,"For each prototype building model at each climate, we will evaluate the energy-saving potentials with individual or combined measures. As illustrated in Figure 1, we use the DOE prototype small office model as the baseline and create the...",-0.6086886525154114,-6.137029647827148,11.6917724609375
article_9__section_006__chunk_001,article_index,article_chunk,occupancy_based_control,"occupancy_based_control, hvac_optimization, appliance_energy_management, scheduling_optimization",article_9,article_9,Estimating electricity saving-potential in small offices using adaptive thermal comfort,Prototype Building Model,,,,The models of small office buildings to quantify cooling energy savings are based on the U.S. Department of Energy commercial benchmark models developed by DOE national labs. These benchmark models serve as a consistent baseline to compa...,-0.655552089214325,-6.183938980102539,11.73868179321289
article_9__section_007__chunk_001,article_index,article_chunk,occupancy_based_control,"occupancy_based_control, hvac_optimization, appliance_energy_management, scheduling_optimization",article_9,article_9,Estimating electricity saving-potential in small offices using adaptive thermal comfort,Climate zone,,,,"The climate zone designation is based on the climate zone map used by the International Energy Conservation Code (IECC) and the American Society of Heating, Refrigerating and Air-Conditioning Engineers (ASHRAE). This climate zone map was...",-0.7183891534805298,-6.246919631958008,11.80165958404541
article_9__section_008__chunk_001,article_index,article_chunk,occupancy_based_control,"occupancy_based_control, hvac_optimization, appliance_energy_management, scheduling_optimization",article_9,article_9,Estimating electricity saving-potential in small offices using adaptive thermal comfort,Adaptive Thermal Comfort Model,,,,The adaptive thermal comfort model was developed through a data-driven approach from the ASHRAE Global Thermal Comfort Database. The adaptive comfort model relates the zone operative temperature setpoint to the recent history of outdoor ...,-0.6550638675689697,-6.183496952056885,11.738272666931152
article_9__section_008__chunk_002,article_index,article_chunk,occupancy_based_control,"occupancy_based_control, hvac_optimization, appliance_energy_management, scheduling_optimization",article_9,article_9,Estimating electricity saving-potential in small offices using adaptive thermal comfort,Adaptive Thermal Comfort Model,,,,It is calculated as the equation shown below 90% upper line = 0.31 prevailing mean outdoor temperature + 20.3°C The Adaptive-90 is strictly bounded between 23.4°C and 30.6°C. This upper line is only used in this section to demonstrate ad...,-0.6955380439758301,-6.223884105682373,11.778505325317383
article_9__section_008__chunk_003,article_index,article_chunk,occupancy_based_control,"occupancy_based_control, hvac_optimization, appliance_energy_management, scheduling_optimization",article_9,article_9,Estimating electricity saving-potential in small offices using adaptive thermal comfort,Adaptive Thermal Comfort Model,,,,This cooling energy savings include both compressor energy savings and fan energy savings.,-0.6765943169593811,-6.204951763153076,11.759679794311523
article_9__section_009__chunk_001,article_index,article_chunk,occupancy_based_control,"occupancy_based_control, hvac_optimization, appliance_energy_management, scheduling_optimization",article_9,article_9,Estimating electricity saving-potential in small offices using adaptive thermal comfort,Occupancy-based HVAC and Plug Load Control,,,,The occupancy input is based on the realistic schedule for office space developed at Lawrence Berkeley National Laboratory (LBNL) by incorporating real data collection and stochastic modeling methods. It is also the result of the Interna...,-0.6659721732139587,-6.194255828857422,11.748936653137207
article_9__section_010__chunk_001,article_index,article_chunk,occupancy_based_control,"occupancy_based_control, hvac_optimization, appliance_energy_management, scheduling_optimization",article_9,article_9,Estimating electricity saving-potential in small offices using adaptive thermal comfort,Passive Cooling Strategies (Night Purge),,,,We implement a strategy for precooling a building at night using outdoor air. This strategy can consist of running the system fans with the outdoor air dampers open when outdoor conditions are favorable for a precooling strategy. The zon...,-0.6919591426849365,-6.220396041870117,11.775309562683105
article_9__section_011__chunk_001,article_index,article_chunk,occupancy_based_control,"occupancy_based_control, hvac_optimization, appliance_energy_management, scheduling_optimization",article_9,article_9,Estimating electricity saving-potential in small offices using adaptive thermal comfort,Combined Measures,,,,"Combining the three optimization strategies above, buildings can achieve the highest energy savings. As shown in Figure 9, the standard small office in climate zone 4A reduces annual electricity consumption by 12.4%, implementing adaptiv...",-0.6736658811569214,-6.202042102813721,11.75668716430664
article_9__section_012__chunk_001,article_index,article_chunk,occupancy_based_control,"occupancy_based_control, hvac_optimization, appliance_energy_management, scheduling_optimization",article_9,article_9,Estimating electricity saving-potential in small offices using adaptive thermal comfort,Comparison between Different Climates,,,,"Among the three measures, the effect of the ""night purge"" strategy is fairly limited, saving only about 0.1% to 1% per year. As shown in Figure 10 (c), the most effective climate zone for night purge is 3C (ocean), which is warm during t...",-0.6466623544692993,-6.175058364868164,11.729782104492188
article_9__section_013__chunk_001,article_index,article_chunk,occupancy_based_control,"occupancy_based_control, hvac_optimization, appliance_energy_management, scheduling_optimization",article_9,article_9,Estimating electricity saving-potential in small offices using adaptive thermal comfort,Conclusion,,,,"The U.S. commercial buildings have substantial energy-saving potential if the building control could address varying occupancy, occupant's thermal preference, and utilizing free cooling. This study quantifies the energy savings in small ...",-0.6648293137550354,-6.193155765533447,11.747736930847168
article_9__section_013__chunk_002,article_index,article_chunk,occupancy_based_control,"occupancy_based_control, hvac_optimization, appliance_energy_management, scheduling_optimization",article_9,article_9,Estimating electricity saving-potential in small offices using adaptive thermal comfort,Conclusion,,,,"The electricity-saving percentages show a decreasing trend from hot to cold climate. For climate zones with similar numbers of cooling degree days and heating degree days, the dry subzones achieve the highest energy savings. Enabled by b...",-0.6463973522186279,-6.174740791320801,11.729351043701172
rule__T_OUTLIER_S0001,rule_index,green_rule,occupancy_based_control,occupancy_based_control,T_OUTLIER_S0001,,,,T_OUTLIER_S0001,presence_based_automation,,Green category: occupancy_based_control Topic: presence_based_automation Rule: IF You enter an area from Location THEN Resume programmed schedule using Honeywell Total Connect Comfort.,9.599566459655762,3.2524161338806152,9.424753189086914
rule__T_OUTLIER_S0002,rule_index,green_rule,occupancy_based_control,occupancy_based_control,T_OUTLIER_S0002,,,,T_OUTLIER_S0002,presence_based_automation,,Green category: occupancy_based_control Topic: presence_based_automation Rule: IF You enter an area from Location THEN Resume normal programmed schedule using Honeywell Total Connect Comfort.,9.628766059875488,3.2991349697113037,9.379151344299316
rule__T_OUTLIER_S0003,rule_index,green_rule,occupancy_based_control,occupancy_based_control,T_OUTLIER_S0003,,,,T_OUTLIER_S0003,presence_based_automation,,Green category: occupancy_based_control Topic: presence_based_automation Rule: IF Motion has been detected from Netatmo Security THEN Turn on using D-Link Smart Plug.,10.069466590881348,2.471742868423462,9.579720497131348
rule__T_OUTLIER_S0005,rule_index,green_rule,occupancy_based_control,occupancy_based_control,T_OUTLIER_S0005,,,,T_OUTLIER_S0005,presence_based_automation,,Green category: occupancy_based_control Topic: presence_based_automation Rule: IF tado° switches to Home Mode from tado Air Conditioning THEN Turn lights on using LIFX.,8.914512634277344,2.1192498207092285,10.98431396484375
rule__T_OUTLIER_S0006,rule_index,green_rule,occupancy_based_control,occupancy_based_control,T_OUTLIER_S0006,,,,T_OUTLIER_S0006,presence_based_automation,,Green category: occupancy_based_control Topic: presence_based_automation Rule: IF New motion event from Nest Cam THEN Turn light on using Emberlight.,10.17972469329834,2.5111799240112305,9.443063735961914
rule__T_OUTLIER_S0007,rule_index,green_rule,occupancy_based_control,occupancy_based_control,T_OUTLIER_S0007,,,,T_OUTLIER_S0007,presence_based_automation,,Green category: occupancy_based_control Topic: presence_based_automation Rule: IF Every day at from Date & Time THEN Set the thermostat to schedule using Hive Active Heating.,9.768363952636719,3.625476837158203,9.96922492980957
rule__T_OUTLIER_S0010,rule_index,green_rule,occupancy_based_control,occupancy_based_control,T_OUTLIER_S0010,,,,T_OUTLIER_S0010,presence_based_automation,,Green category: occupancy_based_control Topic: presence_based_automation Rule: IF Smart Home/Away from ecobee THEN Turn off using WeMo Light Switch.,9.976597785949707,2.752495050430298,9.389540672302246
rule__T_OUTLIER_S0011,rule_index,green_rule,occupancy_based_control,occupancy_based_control,T_OUTLIER_S0011,,,,T_OUTLIER_S0011,presence_based_automation,,Green category: occupancy_based_control Topic: presence_based_automation Rule: IF Smart Home/Away from ecobee THEN Turn on lights using Philips Hue.,11.06679630279541,2.9568231105804443,9.737462997436523
rule__T_OUTLIER_S0014,rule_index,green_rule,occupancy_based_control,occupancy_based_control,T_OUTLIER_S0014,,,,T_OUTLIER_S0014,presence_based_automation,,Green category: occupancy_based_control Topic: presence_based_automation Rule: IF New sound or motion event from Nest Cam THEN Turn on lights using Philips Hue.,10.981042861938477,2.8820645809173584,9.700586318969727
rule__T_OUTLIER_S0017,rule_index,green_rule,occupancy_based_control,occupancy_based_control,T_OUTLIER_S0017,,,,T_OUTLIER_S0017,presence_based_automation,,Green category: occupancy_based_control Topic: presence_based_automation Rule: IF Temperature is too high from Wireless Tag THEN Turn on fan for 15 minutes using Nest Thermostat.,9.617842674255371,1.425518274307251,9.423359870910645
rule__T_OUTLIER_S0018,rule_index,green_rule,occupancy_based_control,occupancy_based_control,T_OUTLIER_S0018,,,,T_OUTLIER_S0018,presence_based_automation,,Green category: occupancy_based_control Topic: presence_based_automation Rule: IF Temperature drops below from Wink: Spotter THEN Set temperature using Nest Thermostat.,9.704867362976074,2.0146396160125732,9.504793167114258
rule__T_OUTLIER_S0019,rule_index,green_rule,occupancy_based_control,occupancy_based_control,T_OUTLIER_S0019,,,,T_OUTLIER_S0019,presence_based_automation,,Green category: occupancy_based_control Topic: presence_based_automation Rule: IF Temperature drops below from Wink: Spotter THEN Set hold until next transition using ecobee.,9.720327377319336,2.5227410793304443,9.567863464355469
rule__T_OUTLIER_S0022,rule_index,green_rule,occupancy_based_control,occupancy_based_control,T_OUTLIER_S0022,,,,T_OUTLIER_S0022,presence_based_automation,,Green category: occupancy_based_control Topic: presence_based_automation Rule: IF Action Button Pressed from LaMetric Time THEN Toggle lights on/off using Philips Hue.,11.076794624328613,2.984269857406616,9.77128791809082
rule__T_OUTLIER_S0024,rule_index,green_rule,occupancy_based_control,occupancy_based_control,T_OUTLIER_S0024,,,,T_OUTLIER_S0024,presence_based_automation,,Green category: occupancy_based_control Topic: presence_based_automation Rule: IF Action Button Pressed from LaMetric Time THEN Set temperature using Nest Thermostat.,9.737034797668457,2.051219940185547,9.516108512878418
rule__T_OUTLIER_S0026,rule_index,green_rule,occupancy_based_control,occupancy_based_control,T_OUTLIER_S0026,,,,T_OUTLIER_S0026,presence_based_automation,,Green category: occupancy_based_control Topic: presence_based_automation Rule: IF Current condition changes to from Weather Underground THEN Breathe lights using LIFX.,10.682430267333984,3.4327304363250732,10.06287670135498
rule__T_OUTLIER_S0027,rule_index,green_rule,occupancy_based_control,occupancy_based_control,T_OUTLIER_S0027,,,,T_OUTLIER_S0027,presence_based_automation,,Green category: occupancy_based_control Topic: presence_based_automation Rule: IF You enter an area from Location THEN Turn light on using Leeo.,10.106955528259277,3.3508949279785156,9.437128067016602
rule__T_OUTLIER_S0029,rule_index,green_rule,occupancy_based_control,occupancy_based_control,T_OUTLIER_S0029,,,,T_OUTLIER_S0029,presence_based_automation,,Green category: occupancy_based_control Topic: presence_based_automation Rule: IF New motion event from Nest Cam THEN Turn device ON using SkylinkNet.,10.07437801361084,2.4963202476501465,9.499955177307129
rule__T_OUTLIER_S0031,rule_index,green_rule,occupancy_based_control,occupancy_based_control,T_OUTLIER_S0031,,,,T_OUTLIER_S0031,presence_based_automation,,Green category: occupancy_based_control Topic: presence_based_automation Rule: IF You exit an area from Location THEN Turn off using WeMo Lighting.,9.995933532714844,3.272763967514038,9.106563568115234
rule__T_OUTLIER_S0033,rule_index,green_rule,occupancy_based_control,occupancy_based_control,T_OUTLIER_S0033,,,,T_OUTLIER_S0033,presence_based_automation,,Green category: occupancy_based_control Topic: presence_based_automation Rule: IF Vehicle leaves a place from Zubie THEN Switch off using SmartThings.,9.877179145812988,2.866004467010498,9.430647850036621
rule__T_OUTLIER_S0034,rule_index,green_rule,occupancy_based_control,occupancy_based_control,T_OUTLIER_S0034,,,,T_OUTLIER_S0034,presence_based_automation,,Green category: occupancy_based_control Topic: presence_based_automation Rule: IF tado° switches to Away Mode from tado Heating THEN Turn off using WeMo Smart Plug.,8.956249237060547,2.162503957748413,10.907988548278809
rule__T_OUTLIER_S0035,rule_index,green_rule,occupancy_based_control,occupancy_based_control,T_OUTLIER_S0035,,,,T_OUTLIER_S0035,presence_based_automation,,Green category: occupancy_based_control Topic: presence_based_automation Rule: IF tado° switches to Away Mode from tado Heating THEN Switch off a socket using LightwaveRF Power.,8.931507110595703,2.1636404991149902,10.912965774536133
rule__T_OUTLIER_S0036,rule_index,green_rule,occupancy_based_control,occupancy_based_control,T_OUTLIER_S0036,,,,T_OUTLIER_S0036,presence_based_automation,,Green category: occupancy_based_control Topic: presence_based_automation Rule: IF tado° switches to Away Mode from tado Heating THEN Turn lights off using LIFX.,8.902020454406738,2.114163637161255,11.011944770812988
rule__T_OUTLIER_S0038,rule_index,green_rule,occupancy_based_control,occupancy_based_control,T_OUTLIER_S0038,,,,T_OUTLIER_S0038,presence_based_automation,,Green category: occupancy_based_control Topic: presence_based_automation Rule: IF Current temperature drops below from Weather Underground THEN Activate shortcut using Wink: Shortcuts.,9.502219200134277,2.6866455078125,9.743369102478027
rule__T_OUTLIER_S0040,rule_index,green_rule,occupancy_based_control,occupancy_based_control,T_OUTLIER_S0040,,,,T_OUTLIER_S0040,presence_based_automation,,Green category: occupancy_based_control Topic: presence_based_automation Rule: IF Daily cost rises above from WeMo Insight Switch THEN Enable/Disable Econo mode using Daikin Online Controller.,9.742374420166016,2.7549405097961426,9.5635347366333
rule__T_OUTLIER_S0042,rule_index,green_rule,occupancy_based_control,occupancy_based_control,T_OUTLIER_S0042,,,,T_OUTLIER_S0042,presence_based_automation,,Green category: occupancy_based_control Topic: presence_based_automation Rule: IF You enter an area from Location THEN Turn on fan for 15 minutes using Nest Thermostat.,9.576446533203125,1.4073972702026367,9.419717788696289
rule__T_OUTLIER_S0043,rule_index,green_rule,occupancy_based_control,occupancy_based_control,T_OUTLIER_S0043,,,,T_OUTLIER_S0043,presence_based_automation,,Green category: occupancy_based_control Topic: presence_based_automation Rule: IF You enter an area from Location THEN Breathe lights using LIFX.,10.699673652648926,3.4705393314361572,10.075667381286621
rule__T_OUTLIER_S0044,rule_index,green_rule,occupancy_based_control,occupancy_based_control,T_OUTLIER_S0044,,,,T_OUTLIER_S0044,presence_based_automation,,Green category: occupancy_based_control Topic: presence_based_automation Rule: IF You enter an area from Location THEN Turn lights off using LIFX.,10.702174186706543,3.464343547821045,10.072792053222656
rule__T_OUTLIER_S0045,rule_index,green_rule,occupancy_based_control,occupancy_based_control,T_OUTLIER_S0045,,,,T_OUTLIER_S0045,presence_based_automation,,Green category: occupancy_based_control Topic: presence_based_automation Rule: IF You exit an area from Location THEN Turn lights off using LIFX.,10.6200590133667,3.4654574394226074,9.998920440673828
rule__T_OUTLIER_S0047,rule_index,green_rule,occupancy_based_control,occupancy_based_control,T_OUTLIER_S0047,,,,T_OUTLIER_S0047,presence_based_automation,,Green category: occupancy_based_control Topic: presence_based_automation Rule: IF You enter an area from Location THEN Turn lights on using LIFX.,10.671272277832031,3.5067780017852783,10.095267295837402
rule__T_OUTLIER_S0050,rule_index,green_rule,occupancy_based_control,occupancy_based_control,T_OUTLIER_S0050,,,,T_OUTLIER_S0050,presence_based_automation,,Green category: occupancy_based_control Topic: presence_based_automation Rule: IF Temperature rises above from Nest Thermostat THEN Turn on fan for 15 minutes using Nest Thermostat.,9.56337833404541,1.4298497438430786,9.397252082824707
rule__T_OUTLIER_S0052,rule_index,green_rule,occupancy_based_control,occupancy_based_control,T_OUTLIER_S0052,,,,T_OUTLIER_S0052,presence_based_automation,,Green category: occupancy_based_control Topic: presence_based_automation Rule: IF Mode armed from Scout Alarm THEN Set temperature using Nest Thermostat.,9.688957214355469,1.9597238302230835,9.499495506286621
rule__T_OUTLIER_S0059,rule_index,green_rule,occupancy_based_control,occupancy_based_control,T_OUTLIER_S0059,,,,T_OUTLIER_S0059,presence_based_automation,,Green category: occupancy_based_control Topic: presence_based_automation Rule: IF Hub status changed from SkylinkNet THEN Set temperature for a period of time using Honeywell Total Connect Comfort.,9.529688835144043,3.2592856884002686,9.493671417236328
rule__T_OUTLIER_S0063,rule_index,green_rule,occupancy_based_control,occupancy_based_control,T_OUTLIER_S0063,,,,T_OUTLIER_S0063,presence_based_automation,,Green category: occupancy_based_control Topic: presence_based_automation Rule: IF You enter an area from Location THEN Turn light on using Hive Active Light.,10.040274620056152,3.4765894412994385,9.705810546875
rule__T_OUTLIER_S0067,rule_index,green_rule,occupancy_based_control,occupancy_based_control,T_OUTLIER_S0067,,,,T_OUTLIER_S0067,presence_based_automation,,Green category: occupancy_based_control Topic: presence_based_automation Rule: IF A specific person arrives home from Netatmo Security THEN Turn on lights using Philips Hue.,11.034577369689941,2.896017551422119,9.721792221069336
rule__T_OUTLIER_S0069,rule_index,green_rule,occupancy_based_control,occupancy_based_control,T_OUTLIER_S0069,,,,T_OUTLIER_S0069,presence_based_automation,,Green category: occupancy_based_control Topic: presence_based_automation Rule: IF An alarm event occurred from EZVIZ THEN Turn on lights using Philips Hue.,11.089868545532227,2.9399595260620117,9.742122650146484
rule__T_OUTLIER_S0071,rule_index,green_rule,occupancy_based_control,occupancy_based_control,T_OUTLIER_S0071,,,,T_OUTLIER_S0071,presence_based_automation,,Green category: occupancy_based_control Topic: presence_based_automation Rule: IF Exit an area from BMW Labs THEN Turn off lights using Philips Hue.,10.910362243652344,3.1259829998016357,9.79233455657959
rule__T_OUTLIER_S0073,rule_index,green_rule,occupancy_based_control,occupancy_based_control,T_OUTLIER_S0073,,,,T_OUTLIER_S0073,presence_based_automation,,Green category: occupancy_based_control Topic: presence_based_automation Rule: IF Enter an area from BMW Labs THEN Turn on lights using Philips Hue.,11.009734153747559,2.961141586303711,9.767401695251465
rule__T_OUTLIER_S0074,rule_index,green_rule,occupancy_based_control,occupancy_based_control,T_OUTLIER_S0074,,,,T_OUTLIER_S0074,presence_based_automation,,Green category: occupancy_based_control Topic: presence_based_automation Rule: IF Exit an area from BMW Labs THEN Turn lights off using LIFX.,10.733992576599121,3.395082950592041,9.996685028076172
rule__T_OUTLIER_S0076,rule_index,green_rule,occupancy_based_control,occupancy_based_control,T_OUTLIER_S0076,,,,T_OUTLIER_S0076,presence_based_automation,,Green category: occupancy_based_control Topic: presence_based_automation Rule: IF First family member arrives at a specific place from Life360 THEN Turn lights on using LIFX.,10.766948699951172,3.4241838455200195,10.10822582244873
rule__T_OUTLIER_S0077,rule_index,green_rule,occupancy_based_control,occupancy_based_control,T_OUTLIER_S0077,,,,T_OUTLIER_S0077,presence_based_automation,,Green category: occupancy_based_control Topic: presence_based_automation Rule: IF Family is now sleeping from hugOne THEN Turn off lights using Philips Hue.,11.114720344543457,3.0259134769439697,9.763893127441406
rule__T_OUTLIER_S0078,rule_index,green_rule,occupancy_based_control,occupancy_based_control,T_OUTLIER_S0078,,,,T_OUTLIER_S0078,presence_based_automation,,Green category: occupancy_based_control Topic: presence_based_automation Rule: IF The security panel has been armed from HomeControl Flex THEN Turn lights off using LIFX.,10.723438262939453,3.448669672012329,10.058822631835938
rule__T_OUTLIER_S0094,rule_index,green_rule,occupancy_based_control,occupancy_based_control,T_OUTLIER_S0094,,,,T_OUTLIER_S0094,presence_based_automation,,Green category: occupancy_based_control Topic: presence_based_automation Rule: IF You enter an area from iOS Location THEN Resume programmed schedule using Honeywell Total Connect Comfort.,9.54692554473877,3.2302846908569336,9.374432563781738
rule__T_OUTLIER_S0095,rule_index,green_rule,occupancy_based_control,occupancy_based_control,T_OUTLIER_S0095,,,,T_OUTLIER_S0095,presence_based_automation,,Green category: occupancy_based_control Topic: presence_based_automation Rule: IF Lock locked by specific person from August THEN Turn off lights using Philips Hue.,11.059220314025879,2.998856544494629,9.792115211486816
rule__T_OUTLIER_S0109,rule_index,green_rule,occupancy_based_control,occupancy_based_control,T_OUTLIER_S0109,,,,T_OUTLIER_S0109,presence_based_automation,,Green category: occupancy_based_control Topic: presence_based_automation Rule: IF Door or window is opened from Wireless Tag THEN Turn thermostat off using Netatmo Thermostat.,9.923013687133789,2.1576852798461914,9.506942749023438
rule__T_OUTLIER_S0110,rule_index,green_rule,occupancy_based_control,occupancy_based_control,T_OUTLIER_S0110,,,,T_OUTLIER_S0110,presence_based_automation,,Green category: occupancy_based_control Topic: presence_based_automation Rule: IF Exit an area from BMW Labs THEN Turn light off using Hive Active Light.,10.361030578613281,3.4040603637695312,9.793517112731934
rule__T_OUTLIER_S0116,rule_index,green_rule,occupancy_based_control,occupancy_based_control,T_OUTLIER_S0116,,,,T_OUTLIER_S0116,presence_based_automation,,Green category: occupancy_based_control Topic: presence_based_automation Rule: IF You exit an area from Location THEN Run a HomeSeer system event using HomeSeer.,9.84364128112793,3.3041839599609375,9.167622566223145
rule__T_OUTLIER_S0130,rule_index,green_rule,occupancy_based_control,occupancy_based_control,T_OUTLIER_S0130,,,,T_OUTLIER_S0130,presence_based_automation,,Green category: occupancy_based_control Topic: presence_based_automation Rule: IF Current pollen count rises above from Weather Underground THEN Lock using SmartThings.,9.62813663482666,2.7762038707733154,9.573223114013672
rule__T_OUTLIER_S0131,rule_index,green_rule,occupancy_based_control,occupancy_based_control,T_OUTLIER_S0131,,,,T_OUTLIER_S0131,presence_based_automation,,Green category: occupancy_based_control Topic: presence_based_automation Rule: IF Current condition changes to from Weather Underground THEN Pause using ThermoSmart.,9.403971672058105,2.5157058238983154,9.819183349609375
rule__T_OUTLIER_S0132,rule_index,green_rule,occupancy_based_control,occupancy_based_control,T_OUTLIER_S0132,,,,T_OUTLIER_S0132,presence_based_automation,,Green category: occupancy_based_control Topic: presence_based_automation Rule: IF Current temperature rises above from Weather Underground THEN Pause using ThermoSmart.,9.43844223022461,2.5545241832733154,9.806130409240723
rule__T_OUTLIER_S0133,rule_index,green_rule,occupancy_based_control,occupancy_based_control,T_OUTLIER_S0133,,,,T_OUTLIER_S0133,presence_based_automation,,Green category: occupancy_based_control Topic: presence_based_automation Rule: IF Current condition changes to from Weather Underground THEN Unpause using ThermoSmart.,9.430228233337402,2.549788236618042,9.773553848266602
rule__T_OUTLIER_S0134,rule_index,green_rule,occupancy_based_control,occupancy_based_control,T_OUTLIER_S0134,,,,T_OUTLIER_S0134,presence_based_automation,,Green category: occupancy_based_control Topic: presence_based_automation Rule: IF Current temperature drops below from Weather Underground THEN Unpause using ThermoSmart.,9.3871431350708,2.512298107147217,9.832898139953613
rule__T_OUTLIER_S0135,rule_index,green_rule,occupancy_based_control,occupancy_based_control,T_OUTLIER_S0135,,,,T_OUTLIER_S0135,presence_based_automation,,Green category: occupancy_based_control Topic: presence_based_automation Rule: IF Sunset from Weather Underground THEN Unpause using ThermoSmart.,9.41338062286377,2.5125324726104736,9.789349555969238
rule__T_OUTLIER_S0136,rule_index,green_rule,occupancy_based_control,occupancy_based_control,T_OUTLIER_S0136,,,,T_OUTLIER_S0136,presence_based_automation,,Green category: occupancy_based_control Topic: presence_based_automation Rule: IF Current temperature drops below from Weather Underground THEN Return to tado automatic control using tado Heating.,9.066383361816406,2.2862229347229004,10.704390525817871
rule__T_OUTLIER_S0137,rule_index,green_rule,occupancy_based_control,occupancy_based_control,T_OUTLIER_S0137,,,,T_OUTLIER_S0137,presence_based_automation,,Green category: occupancy_based_control Topic: presence_based_automation Rule: IF Current temperature rises above from Weather Underground THEN Start Cool Mode using tado Air Conditioning.,9.067719459533691,2.2808172702789307,10.69559383392334
rule__T_OUTLIER_S0138,rule_index,green_rule,occupancy_based_control,occupancy_based_control,T_OUTLIER_S0138,,,,T_OUTLIER_S0138,presence_based_automation,,Green category: occupancy_based_control Topic: presence_based_automation Rule: IF Current temperature drops below from Weather Underground THEN Start Heat Mode using tado Air Conditioning.,9.150814056396484,2.3512964248657227,10.56020736694336
rule__T_OUTLIER_S0152,rule_index,green_rule,occupancy_based_control,occupancy_based_control,T_OUTLIER_S0152,,,,T_OUTLIER_S0152,presence_based_automation,,Green category: occupancy_based_control Topic: presence_based_automation Rule: IF Current condition changes to from Weather Underground THEN Snooze using RainMachine.,9.54703140258789,2.6991469860076904,9.700855255126953
rule__T_OUTLIER_S0153,rule_index,green_rule,occupancy_based_control,occupancy_based_control,T_OUTLIER_S0153,,,,T_OUTLIER_S0153,presence_based_automation,,Green category: occupancy_based_control Topic: presence_based_automation Rule: IF Tomorrow's forecast calls for from Weather Underground THEN Snooze using RainMachine.,9.514595985412598,2.6744563579559326,9.715997695922852
rule__T_OUTLIER_S0154,rule_index,green_rule,occupancy_based_control,occupancy_based_control,T_OUTLIER_S0154,,,,T_OUTLIER_S0154,presence_based_automation,,Green category: occupancy_based_control Topic: presence_based_automation Rule: IF Current condition changes to from Weather Underground THEN Stop all watering using RainMachine.,9.509946823120117,2.673820972442627,9.68659782409668
rule__T_OUTLIER_S0156,rule_index,green_rule,occupancy_based_control,occupancy_based_control,T_OUTLIER_S0156,,,,T_OUTLIER_S0156,presence_based_automation,,Green category: occupancy_based_control Topic: presence_based_automation Rule: IF Current condition changes to from Weather Underground THEN Lock using SmartThings.,9.638177871704102,2.7664151191711426,9.605895042419434
rule__T_OUTLIER_S0168,rule_index,green_rule,occupancy_based_control,occupancy_based_control,T_OUTLIER_S0168,,,,T_OUTLIER_S0168,presence_based_automation,,Green category: occupancy_based_control Topic: presence_based_automation Rule: IF Button press from Button widget THEN Enable/Disable Econo mode using Daikin Online Controller.,9.609718322753906,2.571113109588623,9.726017951965332
rule__T_OUTLIER_S0182,rule_index,green_rule,occupancy_based_control,occupancy_based_control,T_OUTLIER_S0182,,,,T_OUTLIER_S0182,presence_based_automation,,Green category: occupancy_based_control Topic: presence_based_automation Rule: IF Button press from Button widget THEN Stop all watering using RainMachine.,9.46135139465332,2.5428037643432617,9.739049911499023
rule__T_OUTLIER_S0185,rule_index,green_rule,occupancy_based_control,occupancy_based_control,T_OUTLIER_S0185,,,,T_OUTLIER_S0185,presence_based_automation,,Green category: occupancy_based_control Topic: presence_based_automation Rule: IF Presence no longer detected from SmartThings THEN Turn off lights using Philips Hue.,11.067171096801758,2.9808077812194824,9.779483795166016
rule__T_OUTLIER_S0195,rule_index,green_rule,occupancy_based_control,occupancy_based_control,T_OUTLIER_S0195,,,,T_OUTLIER_S0195,presence_based_automation,,Green category: occupancy_based_control Topic: presence_based_automation Rule: IF Button press from Button widget THEN Start Dry Mode using tado Air Conditioning.,9.08630084991455,2.289923906326294,10.671799659729004
rule__T_OUTLIER_S0196,rule_index,green_rule,occupancy_based_control,occupancy_based_control,T_OUTLIER_S0196,,,,T_OUTLIER_S0196,presence_based_automation,,Green category: occupancy_based_control Topic: presence_based_automation Rule: IF Button press from Button widget THEN Start Fan Mode using tado Air Conditioning.,9.108846664428711,2.295850992202759,10.6239013671875
rule__T_OUTLIER_S0198,rule_index,green_rule,occupancy_based_control,occupancy_based_control,T_OUTLIER_S0198,,,,T_OUTLIER_S0198,presence_based_automation,,Green category: occupancy_based_control Topic: presence_based_automation Rule: IF You exit an area from Location THEN Turn light off using Hive Active Light.,10.102417945861816,3.498147964477539,9.723817825317383
rule__T_OUTLIER_S0200,rule_index,green_rule,occupancy_based_control,occupancy_based_control,T_OUTLIER_S0200,,,,T_OUTLIER_S0200,presence_based_automation,,Green category: occupancy_based_control Topic: presence_based_automation Rule: IF You enter an area from Location THEN Boost your heating using Hive Active Heating.,9.785172462463379,3.5492188930511475,9.882590293884277
rule__T_OUTLIER_S0201,rule_index,green_rule,occupancy_based_control,occupancy_based_control,T_OUTLIER_S0201,,,,T_OUTLIER_S0201,presence_based_automation,,Green category: occupancy_based_control Topic: presence_based_automation Rule: IF You exit an area from Location THEN end Harmony activity.,9.810603141784668,3.2818684577941895,9.194437026977539
rule__T_OUTLIER_S0209,rule_index,green_rule,occupancy_based_control,occupancy_based_control,T_OUTLIER_S0209,,,,T_OUTLIER_S0209,presence_based_automation,,Green category: occupancy_based_control Topic: presence_based_automation Rule: IF Motion has been detected from Withings Home THEN Blink lights using Philips Hue.,11.251291275024414,3.0374975204467773,9.699481964111328
rule__T_OUTLIER_S0211,rule_index,green_rule,occupancy_based_control,occupancy_based_control,T_OUTLIER_S0211,,,,T_OUTLIER_S0211,presence_based_automation,,Green category: occupancy_based_control Topic: presence_based_automation Rule: IF Someone known has been seen from Netatmo Security THEN Turn on lights using Philips Hue.,11.026392936706543,2.9003779888153076,9.738322257995605
rule__T_OUTLIER_S0213,rule_index,green_rule,occupancy_based_control,occupancy_based_control,T_OUTLIER_S0213,,,,T_OUTLIER_S0213,presence_based_automation,,Green category: occupancy_based_control Topic: presence_based_automation Rule: IF Someone known arrives home from Netatmo Security THEN Turn off using D-Link Smart Plug.,10.069099426269531,2.4703421592712402,9.557095527648926
rule__T_OUTLIER_S0215,rule_index,green_rule,occupancy_based_control,occupancy_based_control,T_OUTLIER_S0215,,,,T_OUTLIER_S0215,presence_based_automation,,Green category: occupancy_based_control Topic: presence_based_automation Rule: IF Someone known arrives home from Netatmo Security THEN Turn on using D-Link Smart Plug.,10.108799934387207,2.434016704559326,9.586589813232422
rule__T_OUTLIER_S0218,rule_index,green_rule,occupancy_based_control,occupancy_based_control,T_OUTLIER_S0218,,,,T_OUTLIER_S0218,presence_based_automation,,Green category: occupancy_based_control Topic: presence_based_automation Rule: IF Temperature rises above from Nest Thermostat THEN Activate shortcut using Wink: Shortcuts.,9.667256355285645,1.8435786962509155,9.467334747314453
rule__T_OUTLIER_S0220,rule_index,green_rule,occupancy_based_control,occupancy_based_control,T_OUTLIER_S0220,,,,T_OUTLIER_S0220,presence_based_automation,,Green category: occupancy_based_control Topic: presence_based_automation Rule: IF Carbon dioxide rises above from Netatmo Weather Station THEN Turn on fan for 15 minutes using Nest Thermostat.,9.590476989746094,1.4271436929702759,9.426627159118652
rule__T_OUTLIER_S0233,rule_index,green_rule,occupancy_based_control,occupancy_based_control,T_OUTLIER_S0233,,,,T_OUTLIER_S0233,presence_based_automation,,Green category: occupancy_based_control Topic: presence_based_automation Rule: IF You exit an area from Location THEN End activity using Harmony.,9.84131145477295,3.242715835571289,9.205755233764648
rule__T_OUTLIER_S0234,rule_index,green_rule,occupancy_based_control,occupancy_based_control,T_OUTLIER_S0234,,,,T_OUTLIER_S0234,presence_based_automation,,Green category: occupancy_based_control Topic: presence_based_automation Rule: IF You exit an area from Location THEN Turn off oven using GE Appliances Cooking.,9.938307762145996,3.273163080215454,9.171109199523926
rule__T_OUTLIER_S0242,rule_index,green_rule,occupancy_based_control,occupancy_based_control,T_OUTLIER_S0242,,,,T_OUTLIER_S0242,presence_based_automation,,Green category: occupancy_based_control Topic: presence_based_automation Rule: IF Temperature rises above from hugOne THEN Turn on fan for 15 minutes using Nest Thermostat.,9.582509994506836,1.4055629968643188,9.440850257873535
rule__T_OUTLIER_S0246,rule_index,green_rule,occupancy_based_control,occupancy_based_control,T_OUTLIER_S0246,,,,T_OUTLIER_S0246,presence_based_automation,,Green category: occupancy_based_control Topic: presence_based_automation Rule: IF New event from a rule from Sighthound Video THEN Set temperature using Nest Thermostat.,9.75991153717041,2.063027858734131,9.505615234375
rule__T_OUTLIER_S0249,rule_index,green_rule,occupancy_based_control,occupancy_based_control,T_OUTLIER_S0249,,,,T_OUTLIER_S0249,presence_based_automation,,Green category: occupancy_based_control Topic: presence_based_automation Rule: IF tado switches to Away Mode from tado Heating THEN Turn AC off using tado Air Conditioning.,8.964546203613281,2.1854302883148193,10.87038803100586
rule__T_OUTLIER_S0251,rule_index,green_rule,occupancy_based_control,occupancy_based_control,T_OUTLIER_S0251,,,,T_OUTLIER_S0251,presence_based_automation,,Green category: occupancy_based_control Topic: presence_based_automation Rule: IF tado switches to Home Mode from tado Heating THEN Turn on lights using Philips Hue.,8.988673210144043,2.198683023452759,10.880672454833984
rule__T_OUTLIER_S0252,rule_index,green_rule,occupancy_based_control,occupancy_based_control,T_OUTLIER_S0252,,,,T_OUTLIER_S0252,presence_based_automation,,Green category: occupancy_based_control Topic: presence_based_automation Rule: IF tado switches to Away Mode from tado Air Conditioning THEN Switch off using SmartThings.,8.961594581604004,2.1901824474334717,10.878514289855957
rule__T_OUTLIER_S0253,rule_index,green_rule,occupancy_based_control,occupancy_based_control,T_OUTLIER_S0253,,,,T_OUTLIER_S0253,presence_based_automation,,Green category: occupancy_based_control Topic: presence_based_automation Rule: IF tado switches to Away Mode from tado Air Conditioning THEN Toggle lights on/off using Philips Hue.,8.95980167388916,2.176342010498047,10.90444564819336
rule__T_OUTLIER_S0257,rule_index,green_rule,occupancy_based_control,occupancy_based_control,T_OUTLIER_S0257,,,,T_OUTLIER_S0257,presence_based_automation,,Green category: occupancy_based_control Topic: presence_based_automation Rule: IF You exit an area from Location THEN Resume programmed schedule using Honeywell Total Connect Comfort.,9.673027038574219,3.2910571098327637,9.302292823791504
rule__T_OUTLIER_S0267,rule_index,green_rule,occupancy_based_control,occupancy_based_control,T_OUTLIER_S0267,,,,T_OUTLIER_S0267,presence_based_automation,,Green category: occupancy_based_control Topic: presence_based_automation Rule: IF You exit an area from Location THEN Start activity using Harmony.,9.816576957702637,3.291818857192993,9.205824851989746
rule__T_OUTLIER_S0272,rule_index,green_rule,occupancy_based_control,occupancy_based_control,T_OUTLIER_S0272,,,,T_OUTLIER_S0272,presence_based_automation,,Green category: occupancy_based_control Topic: presence_based_automation Rule: IF You exit an area from Location THEN Turn A/C off using Sensibo.,9.980125427246094,3.2656280994415283,9.145423889160156
rule__T_OUTLIER_S0276,rule_index,green_rule,occupancy_based_control,occupancy_based_control,T_OUTLIER_S0276,,,,T_OUTLIER_S0276,presence_based_automation,,Green category: occupancy_based_control Topic: presence_based_automation Rule: IF Smoke alarm from RemoteLync THEN Turn on fan for 15 minutes using Nest Thermostat.,9.59872055053711,1.4165382385253906,9.421124458312988
rule__T_OUTLIER_S0301,rule_index,green_rule,occupancy_based_control,occupancy_based_control,T_OUTLIER_S0301,,,,T_OUTLIER_S0301,presence_based_automation,,Green category: occupancy_based_control Topic: presence_based_automation Rule: IF the security panel has been armed from HomeControl Flex THEN turn off lights using Philips Hue.,11.032422065734863,2.9803059101104736,9.754913330078125
rule__T_OUTLIER_S0302,rule_index,green_rule,occupancy_based_control,occupancy_based_control,T_OUTLIER_S0302,,,,T_OUTLIER_S0302,presence_based_automation,,Green category: occupancy_based_control Topic: presence_based_automation Rule: IF tado switches to Away Mode from tado Air Conditioning THEN turn off lights using Philips Hue.,8.948064804077148,2.166102886199951,10.937613487243652
rule__T_OUTLIER_S0303,rule_index,green_rule,occupancy_based_control,occupancy_based_control,T_OUTLIER_S0303,,,,T_OUTLIER_S0303,presence_based_automation,,Green category: occupancy_based_control Topic: presence_based_automation Rule: IF occupancy detected from Stack Lighting THEN turn on lights using LIFX.,10.739025115966797,3.4619085788726807,10.083298683166504
rule__T_OUTLIER_S0304,rule_index,green_rule,occupancy_based_control,occupancy_based_control,T_OUTLIER_S0304,,,,T_OUTLIER_S0304,presence_based_automation,,Green category: occupancy_based_control Topic: presence_based_automation Rule: IF tado switches to Home Mode from tado Heating THEN turn on using WeMo Smart Plug.,9.011340141296387,2.2063839435577393,10.825993537902832
rule__T_OUTLIER_S0305,rule_index,green_rule,occupancy_based_control,occupancy_based_control,T_OUTLIER_S0305,,,,T_OUTLIER_S0305,presence_based_automation,,Green category: occupancy_based_control Topic: presence_based_automation Rule: IF sunrise from Weather Underground THEN turn on fan for 15 minutes using Nest Thermostat.,9.621881484985352,1.3867852687835693,9.4674072265625
rule__T_OUTLIER_S0306,rule_index,green_rule,occupancy_based_control,occupancy_based_control,T_OUTLIER_S0306,,,,T_OUTLIER_S0306,presence_based_automation,,Green category: occupancy_based_control Topic: presence_based_automation Rule: IF you exit an area from Location THEN set mode using Wattio THERMIC.,9.86088752746582,3.2794747352600098,9.127638816833496
rule__T_OUTLIER_S0310,rule_index,green_rule,occupancy_based_control,occupancy_based_control,T_OUTLIER_S0310,,,,T_OUTLIER_S0310,presence_based_automation,,Green category: occupancy_based_control Topic: presence_based_automation Rule: IF you exit an area from Location THEN set temperature using Wattio THERMIC.,9.902806282043457,3.2546463012695312,9.139939308166504
rule__T_OUTLIER_S0311,rule_index,green_rule,occupancy_based_control,occupancy_based_control,T_OUTLIER_S0311,,,,T_OUTLIER_S0311,presence_based_automation,,Green category: occupancy_based_control Topic: presence_based_automation Rule: IF you exit an area from Location THEN lock using SmartThings.,9.874777793884277,3.164968729019165,9.228201866149902
rule__T_OUTLIER_S0312,rule_index,green_rule,occupancy_based_control,occupancy_based_control,T_OUTLIER_S0312,,,,T_OUTLIER_S0312,presence_based_automation,,Green category: occupancy_based_control Topic: presence_based_automation Rule: IF current temperature drops below from Weather Underground THEN turn on fan for 15 minutes using Nest Thermostat.,9.620141983032227,1.4562321901321411,9.442975044250488
rule__T_OUTLIER_S0321,rule_index,green_rule,occupancy_based_control,occupancy_based_control,T_OUTLIER_S0321,,,,T_OUTLIER_S0321,presence_based_automation,,Green category: occupancy_based_control Topic: presence_based_automation Rule: IF stone press from Pebblebee THEN toggle lights on/off using LIFX.,10.822751998901367,3.3403408527374268,10.032785415649414
rule__T_OUTLIER_S0322,rule_index,green_rule,occupancy_based_control,occupancy_based_control,T_OUTLIER_S0322,,,,T_OUTLIER_S0322,presence_based_automation,,Green category: occupancy_based_control Topic: presence_based_automation Rule: IF you exit an area from Location THEN switch off using Wattio POD.,9.90201473236084,3.364668607711792,9.13480281829834
rule__T_OUTLIER_S0323,rule_index,green_rule,occupancy_based_control,occupancy_based_control,T_OUTLIER_S0323,,,,T_OUTLIER_S0323,presence_based_automation,,Green category: occupancy_based_control Topic: presence_based_automation Rule: IF you exit an area from Location THEN switch on using Wattio POD.,9.910733222961426,3.278377056121826,9.121051788330078
rule__T_OUTLIER_S0330,rule_index,green_rule,occupancy_based_control,occupancy_based_control,T_OUTLIER_S0330,,,,T_OUTLIER_S0330,presence_based_automation,,Green category: occupancy_based_control Topic: presence_based_automation Rule: IF you enter an area from Location THEN unlock using SmartThings.,9.891913414001465,3.058377742767334,9.31617259979248
rule__T_OUTLIER_S0331,rule_index,green_rule,occupancy_based_control,occupancy_based_control,T_OUTLIER_S0331,,,,T_OUTLIER_S0331,presence_based_automation,,Green category: occupancy_based_control Topic: presence_based_automation Rule: IF event from search starts from Google Calendar THEN turn heating on using tado Heating.,9.080353736877441,2.3009586334228516,10.695055961608887
rule__T_OUTLIER_S0333,rule_index,green_rule,occupancy_based_control,occupancy_based_control,T_OUTLIER_S0333,,,,T_OUTLIER_S0333,presence_based_automation,,Green category: occupancy_based_control Topic: presence_based_automation Rule: IF lock unlocked by specific person from August THEN turn lights on using LIFX.,10.764239311218262,3.419759511947632,10.065308570861816
rule__T_OUTLIER_S0337,rule_index,green_rule,occupancy_based_control,occupancy_based_control,T_OUTLIER_S0337,,,,T_OUTLIER_S0337,presence_based_automation,,Green category: occupancy_based_control Topic: presence_based_automation Rule: IF lock locked by specific person from August THEN turn off lights using Philips Hue.,11.049786567687988,2.9864883422851562,9.752409934997559
rule__T_OUTLIER_S0338,rule_index,green_rule,occupancy_based_control,occupancy_based_control,T_OUTLIER_S0338,,,,T_OUTLIER_S0338,presence_based_automation,,Green category: occupancy_based_control Topic: presence_based_automation Rule: IF lock unlocked by specific person from August THEN turn on lights using Philips Hue.,11.074820518493652,3.0033910274505615,9.792555809020996
rule__T_OUTLIER_S0339,rule_index,green_rule,occupancy_based_control,occupancy_based_control,T_OUTLIER_S0339,,,,T_OUTLIER_S0339,presence_based_automation,,Green category: occupancy_based_control Topic: presence_based_automation Rule: IF you enter an area from Location THEN turn on using WeMo Insight Switch.,10.119686126708984,3.250195026397705,9.017186164855957
rule__T_OUTLIER_S0340,rule_index,green_rule,occupancy_based_control,occupancy_based_control,T_OUTLIER_S0340,,,,T_OUTLIER_S0340,presence_based_automation,,Green category: occupancy_based_control Topic: presence_based_automation Rule: IF you enter an area from Location THEN set mode using Wattio THERMIC.,9.897336959838867,3.2305641174316406,9.267301559448242
rule__T_OUTLIER_S0342,rule_index,green_rule,occupancy_based_control,occupancy_based_control,T_OUTLIER_S0342,,,,T_OUTLIER_S0342,presence_based_automation,,Green category: occupancy_based_control Topic: presence_based_automation Rule: IF new motion event from Nest Cam THEN turn on using WeMo Smart Plug.,10.145090103149414,2.504539728164673,9.492887496948242
rule__T_OUTLIER_S0343,rule_index,green_rule,occupancy_based_control,occupancy_based_control,T_OUTLIER_S0343,,,,T_OUTLIER_S0343,presence_based_automation,,Green category: occupancy_based_control Topic: presence_based_automation Rule: IF new motion event from Nest Cam THEN turn device ON using SkylinkNet.,10.114400863647461,2.5308308601379395,9.512567520141602
rule__T_OUTLIER_S0345,rule_index,green_rule,occupancy_based_control,occupancy_based_control,T_OUTLIER_S0345,,,,T_OUTLIER_S0345,presence_based_automation,,Green category: occupancy_based_control Topic: presence_based_automation Rule: IF stone press from Pebblebee THEN toggle lights on/off using Philips Hue.,11.085570335388184,2.9856839179992676,9.785627365112305
rule__T_OUTLIER_S0347,rule_index,green_rule,occupancy_based_control,occupancy_based_control,T_OUTLIER_S0347,,,,T_OUTLIER_S0347,presence_based_automation,,Green category: occupancy_based_control Topic: presence_based_automation Rule: IF every day at from Date & Time THEN turn on fan for 15 minutes using Nest Thermostat.,9.601167678833008,1.377393364906311,9.45849323272705
rule__T_OUTLIER_S0351,rule_index,green_rule,occupancy_based_control,occupancy_based_control,T_OUTLIER_S0351,,,,T_OUTLIER_S0351,presence_based_automation,,Green category: occupancy_based_control Topic: presence_based_automation Rule: IF rain detected from Netatmo Weather Station THEN snooze using RainMachine.,9.548165321350098,2.672968626022339,9.706159591674805
rule__T_OUTLIER_S0353,rule_index,green_rule,occupancy_based_control,occupancy_based_control,T_OUTLIER_S0353,,,,T_OUTLIER_S0353,presence_based_automation,,Green category: occupancy_based_control Topic: presence_based_automation Rule: IF you exit an area from Location THEN set cook timer and mode using WeMo Slow Cooker.,9.991291046142578,3.260446548461914,9.08651351928711
rule__T_OUTLIER_S0355,rule_index,green_rule,occupancy_based_control,occupancy_based_control,T_OUTLIER_S0355,,,,T_OUTLIER_S0355,presence_based_automation,,Green category: occupancy_based_control Topic: presence_based_automation Rule: IF say a simple phrase from Google Assistant THEN turn on fan for 15 minutes using Nest Thermostat.,9.590407371520996,1.3973640203475952,9.429099082946777
rule__T_OUTLIER_S0357,rule_index,green_rule,occupancy_based_control,occupancy_based_control,T_OUTLIER_S0357,,,,T_OUTLIER_S0357,presence_based_automation,,Green category: occupancy_based_control Topic: presence_based_automation Rule: IF new sound or motion event from Nest Cam THEN turn on using WeMo Smart Plug.,10.130067825317383,2.5511207580566406,9.500020027160645
rule__T_OUTLIER_S0362,rule_index,green_rule,occupancy_based_control,occupancy_based_control,T_OUTLIER_S0362,,,,T_OUTLIER_S0362,presence_based_automation,,Green category: occupancy_based_control Topic: presence_based_automation Rule: IF temperature rises above from Nest Thermostat THEN turn on fan for 15 minutes using Nest Thermostat.,9.595562934875488,1.4230735301971436,9.431852340698242
rule__T_OUTLIER_S0375,rule_index,green_rule,occupancy_based_control,occupancy_based_control,T_OUTLIER_S0375,,,,T_OUTLIER_S0375,presence_based_automation,,Green category: occupancy_based_control Topic: presence_based_automation Rule: IF exit an area from BMW Labs THEN turn off lights using Philips Hue.,10.868204116821289,3.1601271629333496,9.790637016296387
rule__T_OUTLIER_S0377,rule_index,green_rule,occupancy_based_control,occupancy_based_control,T_OUTLIER_S0377,,,,T_OUTLIER_S0377,presence_based_automation,,Green category: occupancy_based_control Topic: presence_based_automation Rule: IF enter an area from BMW Labs THEN turn on lights using Philips Hue.,10.917956352233887,3.09921932220459,9.788524627685547
rule__T_OUTLIER_S0378,rule_index,green_rule,occupancy_based_control,occupancy_based_control,T_OUTLIER_S0378,,,,T_OUTLIER_S0378,presence_based_automation,,Green category: occupancy_based_control Topic: presence_based_automation Rule: IF exit an area from BMW Labs THEN turn off lights using LIFX.,10.634845733642578,3.439268112182617,9.9686918258667
rule__T_OUTLIER_S0379,rule_index,green_rule,occupancy_based_control,occupancy_based_control,T_OUTLIER_S0379,,,,T_OUTLIER_S0379,presence_based_automation,,Green category: occupancy_based_control Topic: presence_based_automation Rule: IF exit an area from BMW Labs THEN turn light off using Hive Active Light.,10.414097785949707,3.3984830379486084,9.801109313964844
rule__T_OUTLIER_S0381,rule_index,green_rule,occupancy_based_control,occupancy_based_control,T_OUTLIER_S0381,,,,T_OUTLIER_S0381,presence_based_automation,,Green category: occupancy_based_control Topic: presence_based_automation Rule: IF current humidity level rises above from Weather Underground THEN turn on fan for 15 minutes using Nest Thermostat.,9.585820198059082,1.4322268962860107,9.429067611694336
rule__T_OUTLIER_S0384,rule_index,green_rule,occupancy_based_control,occupancy_based_control,T_OUTLIER_S0384,,,,T_OUTLIER_S0384,presence_based_automation,,Green category: occupancy_based_control Topic: presence_based_automation Rule: IF high VOCs alert from Awair THEN turn on fan for 15 minutes using Nest Thermostat.,9.536803245544434,1.3963046073913574,9.467966079711914
rule__T_OUTLIER_S0385,rule_index,green_rule,occupancy_based_control,occupancy_based_control,T_OUTLIER_S0385,,,,T_OUTLIER_S0385,presence_based_automation,,Green category: occupancy_based_control Topic: presence_based_automation Rule: IF current humidity level rises above from Weather Underground THEN set a zone temperature using Honeywell evohome.,9.599560737609863,3.299319267272949,9.82358455657959
rule__T_OUTLIER_S0388,rule_index,green_rule,occupancy_based_control,occupancy_based_control,T_OUTLIER_S0388,,,,T_OUTLIER_S0388,presence_based_automation,,Green category: occupancy_based_control Topic: presence_based_automation Rule: IF sunrise from Weather Underground THEN turn light off using Hive Active Light.,9.937808990478516,3.556123733520508,9.853063583374023
rule__T_OUTLIER_S0389,rule_index,green_rule,occupancy_based_control,occupancy_based_control,T_OUTLIER_S0389,,,,T_OUTLIER_S0389,presence_based_automation,,Green category: occupancy_based_control Topic: presence_based_automation Rule: IF current temperature drops below from Weather Underground THEN set the temperature to __ °C using Hive Active Heating.,9.714789390563965,3.527179002761841,9.944955825805664
rule__T_OUTLIER_S0390,rule_index,green_rule,occupancy_based_control,occupancy_based_control,T_OUTLIER_S0390,,,,T_OUTLIER_S0390,presence_based_automation,,Green category: occupancy_based_control Topic: presence_based_automation Rule: IF current temperature drops below from Weather Underground THEN boost your heating using Hive Active Heating.,9.732048988342285,3.575763463973999,9.965461730957031
rule__T_OUTLIER_S0393,rule_index,green_rule,occupancy_based_control,occupancy_based_control,T_OUTLIER_S0393,,,,T_OUTLIER_S0393,presence_based_automation,,Green category: occupancy_based_control Topic: presence_based_automation Rule: IF current temperature rises above from Weather Underground THEN set the temperature to __ °C using Hive Active Heating.,9.690621376037598,3.54960036277771,9.930333137512207
rule__T_OUTLIER_S0394,rule_index,green_rule,occupancy_based_control,occupancy_based_control,T_OUTLIER_S0394,,,,T_OUTLIER_S0394,presence_based_automation,,Green category: occupancy_based_control Topic: presence_based_automation Rule: IF tomorrow's low drops below from Weather Underground THEN set the thermostat to schedule using Hive Active Heating.,9.731045722961426,3.617902994155884,9.992012977600098
rule__T_OUTLIER_S0396,rule_index,green_rule,occupancy_based_control,occupancy_based_control,T_OUTLIER_S0396,,,,T_OUTLIER_S0396,presence_based_automation,,Green category: occupancy_based_control Topic: presence_based_automation Rule: IF current temperature rises above from Weather Underground THEN turn off your thermostat using Hive Active Heating.,9.720805168151855,3.616206645965576,9.99634838104248
rule__T_OUTLIER_S0401,rule_index,green_rule,occupancy_based_control,occupancy_based_control,T_OUTLIER_S0401,,,,T_OUTLIER_S0401,presence_based_automation,,Green category: occupancy_based_control Topic: presence_based_automation Rule: IF Current condition changes to rain THEN Close garage door using Garageio.,9.564691543579102,2.7763586044311523,9.594593048095703
rule__T_OUTLIER_S0402,rule_index,green_rule,occupancy_based_control,occupancy_based_control,T_OUTLIER_S0402,,,,T_OUTLIER_S0402,presence_based_automation,,Green category: occupancy_based_control Topic: presence_based_automation Rule: IF Temperature rises above a configured threshold THEN Switch on fan using SmartThings before the A/C.,9.733814239501953,2.5672945976257324,9.51679801940918
rule__T_OUTLIER_S0404,rule_index,green_rule,occupancy_based_control,occupancy_based_control,T_OUTLIER_S0404,,,,T_OUTLIER_S0404,presence_based_automation,,Green category: occupancy_based_control Topic: presence_based_automation Rule: IF Oven turned on THEN Turn on fan for 15 minutes using Nest Thermostat.,9.583528518676758,1.3928289413452148,9.412169456481934
rule__T_OUTLIER_S0414,rule_index,green_rule,occupancy_based_control,occupancy_based_control,T_OUTLIER_S0414,,,,T_OUTLIER_S0414,presence_based_automation,,Green category: occupancy_based_control Topic: presence_based_automation Rule: IF Temperature rises above a configured threshold THEN Turn A/C on using Wink: Aros.,9.711047172546387,2.2912280559539795,9.497328758239746
rule__T_OUTLIER_S0416,rule_index,green_rule,occupancy_based_control,occupancy_based_control,T_OUTLIER_S0416,,,,T_OUTLIER_S0416,presence_based_automation,,Green category: occupancy_based_control Topic: presence_based_automation Rule: IF Button press THEN Set room temperature using Nefit Easy.,9.662729263305664,2.1135401725769043,9.570025444030762
rule__T_OUTLIER_S0422,rule_index,green_rule,occupancy_based_control,occupancy_based_control,T_OUTLIER_S0422,,,,T_OUTLIER_S0422,presence_based_automation,,Green category: occupancy_based_control Topic: presence_based_automation Rule: IF You exit an area THEN Turn off using WeMo Lighting.,10.037348747253418,3.20886492729187,9.191275596618652
rule__T_OUTLIER_S0423,rule_index,green_rule,occupancy_based_control,occupancy_based_control,T_OUTLIER_S0423,,,,T_OUTLIER_S0423,presence_based_automation,,Green category: occupancy_based_control Topic: presence_based_automation Rule: IF Every hour at a configured time THEN Return to tado automatic control using tado Heating.,9.050618171691895,2.2738029956817627,10.738088607788086
rule__T_OUTLIER_S0424,rule_index,green_rule,occupancy_based_control,occupancy_based_control,T_OUTLIER_S0424,,,,T_OUTLIER_S0424,presence_based_automation,,Green category: occupancy_based_control Topic: presence_based_automation Rule: IF Smart Home/Away from ecobee THEN Turn on using WeMo Smart Plug.,9.967824935913086,2.658484935760498,9.506741523742676
rule__T_OUTLIER_S0425,rule_index,green_rule,occupancy_based_control,occupancy_based_control,T_OUTLIER_S0425,,,,T_OUTLIER_S0425,presence_based_automation,,Green category: occupancy_based_control Topic: presence_based_automation Rule: IF tado switches to Away Mode THEN Turn off using WeMo Smart Plug.,8.95844554901123,2.154677152633667,10.930466651916504
rule__T_OUTLIER_S0426,rule_index,green_rule,occupancy_based_control,occupancy_based_control,T_OUTLIER_S0426,,,,T_OUTLIER_S0426,presence_based_automation,,Green category: occupancy_based_control Topic: presence_based_automation Rule: IF tado switches to Away Mode THEN Switch off a socket using LightwaveRF Power.,8.927310943603516,2.145813226699829,10.878973960876465
rule__T_OUTLIER_S0427,rule_index,green_rule,occupancy_based_control,occupancy_based_control,T_OUTLIER_S0427,,,,T_OUTLIER_S0427,presence_based_automation,,Green category: occupancy_based_control Topic: presence_based_automation Rule: IF tado switches to Away Mode THEN Turn off light using LightwaveRF Lighting.,8.946167945861816,2.162567138671875,10.922266006469727
rule__T_OUTLIER_S0428,rule_index,green_rule,occupancy_based_control,occupancy_based_control,T_OUTLIER_S0428,,,,T_OUTLIER_S0428,presence_based_automation,,Green category: occupancy_based_control Topic: presence_based_automation Rule: IF Button press THEN Turn heating off using tado Heating.,8.977958679199219,2.185438871383667,10.794507026672363
rule__T_OUTLIER_S0431,rule_index,green_rule,occupancy_based_control,occupancy_based_control,T_OUTLIER_S0431,,,,T_OUTLIER_S0431,presence_based_automation,,Green category: occupancy_based_control Topic: presence_based_automation Rule: IF Tomorrow's high rises above a configured threshold THEN Turn off your thermostat using Hive Active Heating.,9.722793579101562,3.6243913173675537,9.99799919128418
rule__T_OUTLIER_S0433,rule_index,green_rule,occupancy_based_control,occupancy_based_control,T_OUTLIER_S0433,,,,T_OUTLIER_S0433,presence_based_automation,,Green category: occupancy_based_control Topic: presence_based_automation Rule: IF New motion event THEN Turn light on using Emberlight.,10.170665740966797,2.594165802001953,9.435407638549805
rule__T_OUTLIER_S0445,rule_index,green_rule,occupancy_based_control,occupancy_based_control,T_OUTLIER_S0445,,,,T_OUTLIER_S0445,presence_based_automation,,Green category: occupancy_based_control Topic: presence_based_automation Rule: IF tado switches to Away Mode THEN Turn lights off using LIFX.,8.920516014099121,2.133139133453369,10.96970272064209
rule__T_OUTLIER_S0449,rule_index,green_rule,occupancy_based_control,occupancy_based_control,T_OUTLIER_S0449,,,,T_OUTLIER_S0449,presence_based_automation,,Green category: occupancy_based_control Topic: presence_based_automation Rule: IF You exit an area THEN Turn light off using Hive Active Light.,10.06623649597168,3.4326136112213135,9.644411087036133
rule__T_OUTLIER_S0458,rule_index,green_rule,occupancy_based_control,occupancy_based_control,T_OUTLIER_S0458,,,,T_OUTLIER_S0458,presence_based_automation,,Green category: occupancy_based_control Topic: presence_based_automation Rule: IF You exit an area THEN Set temperature using Wattio THERMIC.,9.863932609558105,3.2209975719451904,9.188666343688965
rule__T_OUTLIER_S0459,rule_index,green_rule,occupancy_based_control,occupancy_based_control,T_OUTLIER_S0459,,,,T_OUTLIER_S0459,presence_based_automation,,Green category: occupancy_based_control Topic: presence_based_automation Rule: IF Vehicle leaves a place THEN Switch off using SmartThings.,9.881948471069336,2.9382362365722656,9.413566589355469
rule__T_OUTLIER_S0467,rule_index,green_rule,occupancy_based_control,occupancy_based_control,T_OUTLIER_S0467,,,,T_OUTLIER_S0467,presence_based_automation,,Green category: occupancy_based_control Topic: presence_based_automation Rule: IF Every day at a configured time THEN Return to tado automatic control using tado Heating.,9.030217170715332,2.2963216304779053,10.749534606933594
rule__T_OUTLIER_S0469,rule_index,green_rule,occupancy_based_control,occupancy_based_control,T_OUTLIER_S0469,,,,T_OUTLIER_S0469,presence_based_automation,,Green category: occupancy_based_control Topic: presence_based_automation Rule: IF You exit an area THEN Turn AC unit off using Daikin Online Controller.,9.947375297546387,3.141653299331665,9.432587623596191
rule__T_OUTLIER_S0471,rule_index,green_rule,occupancy_based_control,occupancy_based_control,T_OUTLIER_S0471,,,,T_OUTLIER_S0471,presence_based_automation,,Green category: occupancy_based_control Topic: presence_based_automation Rule: IF You exit an area THEN Switch off a socket using LightwaveRF Power.,9.944400787353516,3.274381399154663,9.211387634277344
rule__T010_S0001,rule_index,green_rule,appliance_energy_management,appliance_energy_management,T010_S0001,,,,T010_S0001,smart_switch_control,,Green category: appliance_energy_management Topic: smart_switch_control Rule: IF Every day at from Date & Time THEN Turn off using WeMo Insight Switch.,13.0228853225708,13.823739051818848,2.8757803440093994
rule__T010_S0002,rule_index,green_rule,appliance_energy_management,appliance_energy_management,T010_S0002,,,,T010_S0002,smart_switch_control,,Green category: appliance_energy_management Topic: smart_switch_control Rule: IF Every day of the week at from Date & Time THEN Turn off using WeMo Insight Switch.,13.033540725708008,13.840577125549316,2.8739962577819824
rule__T010_S0004,rule_index,green_rule,appliance_energy_management,appliance_energy_management,T010_S0004,,,,T010_S0004,smart_switch_control,,Green category: appliance_energy_management Topic: smart_switch_control Rule: IF Action Button Pressed from LaMetric Time THEN Toggle on/off using WeMo Smart Plug.,13.297078132629395,14.058734893798828,3.1359028816223145
rule__T010_S0005,rule_index,green_rule,appliance_energy_management,appliance_energy_management,T010_S0005,,,,T010_S0005,smart_switch_control,,Green category: appliance_energy_management Topic: smart_switch_control Rule: IF Long press from WeMo Light Switch THEN Toggle lights on/off using Philips Hue.,13.22317886352539,14.389446258544922,2.7161965370178223
rule__T010_S0007,rule_index,green_rule,appliance_energy_management,appliance_energy_management,T010_S0007,,,,T010_S0007,smart_switch_control,,Green category: appliance_energy_management Topic: smart_switch_control Rule: IF Press bttn from Bttn THEN Turn off using WeMo Smart Plug.,13.290131568908691,14.103123664855957,3.0930700302124023
rule__T010_S0009,rule_index,green_rule,appliance_energy_management,appliance_energy_management,T010_S0009,,,,T010_S0009,smart_switch_control,,Green category: appliance_energy_management Topic: smart_switch_control Rule: IF Button press from Wink Relay THEN Turn on using WeMo Smart Plug.,13.355835914611816,14.0476713180542,3.1938726902008057
rule__T010_S0011,rule_index,green_rule,appliance_energy_management,appliance_energy_management,T010_S0011,,,,T010_S0011,smart_switch_control,,Green category: appliance_energy_management Topic: smart_switch_control Rule: IF Switched on from WeMo Smart Plug THEN Turn on lights using Philips Hue.,13.208763122558594,14.394841194152832,2.7027053833007812
rule__T010_S0012,rule_index,green_rule,appliance_energy_management,appliance_energy_management,T010_S0012,,,,T010_S0012,smart_switch_control,,Green category: appliance_energy_management Topic: smart_switch_control Rule: IF Button press from Wink Relay THEN Toggle on/off using WeMo Smart Plug.,13.376723289489746,14.079347610473633,3.2228612899780273
rule__T010_S0014,rule_index,green_rule,appliance_energy_management,appliance_energy_management,T010_S0014,,,,T010_S0014,smart_switch_control,,Green category: appliance_energy_management Topic: smart_switch_control Rule: IF Long press from WeMo Light Switch THEN Toggle on/off using WeMo Light Switch.,13.215940475463867,14.229079246520996,2.8665640354156494
rule__T010_S0015,rule_index,green_rule,appliance_energy_management,appliance_energy_management,T010_S0015,,,,T010_S0015,smart_switch_control,,Green category: appliance_energy_management Topic: smart_switch_control Rule: IF Long press from WeMo Light Switch THEN Turn off using WeMo Smart Plug.,13.24466609954834,14.179268836975098,2.9460105895996094
rule__T010_S0016,rule_index,green_rule,appliance_energy_management,appliance_energy_management,T010_S0016,,,,T010_S0016,smart_switch_control,,Green category: appliance_energy_management Topic: smart_switch_control Rule: IF Long press from WeMo Light Switch THEN Turn on using WeMo Light Switch.,13.225963592529297,14.183821678161621,2.917571783065796
rule__T010_S0020,rule_index,green_rule,appliance_energy_management,appliance_energy_management,T010_S0020,,,,T010_S0020,smart_switch_control,,Green category: appliance_energy_management Topic: smart_switch_control Rule: IF Switched off from WeMo Light Switch THEN Turn off using WeMo Light Switch.,13.121397018432617,14.005921363830566,2.9229884147644043
rule__T010_S0021,rule_index,green_rule,appliance_energy_management,appliance_energy_management,T010_S0021,,,,T010_S0021,smart_switch_control,,Green category: appliance_energy_management Topic: smart_switch_control Rule: IF Long press from WeMo Light Switch THEN Turn off using WeMo Light Switch.,13.185745239257812,14.228713035583496,2.8336312770843506
rule__T010_S0022,rule_index,green_rule,appliance_energy_management,appliance_energy_management,T010_S0022,,,,T010_S0022,smart_switch_control,,Green category: appliance_energy_management Topic: smart_switch_control Rule: IF Water leak detected from Home8 THEN Turn off using WeMo Insight Switch.,13.083477020263672,13.849501609802246,2.935688018798828
rule__T010_S0027,rule_index,green_rule,appliance_energy_management,appliance_energy_management,T010_S0027,,,,T010_S0027,smart_switch_control,,Green category: appliance_energy_management Topic: smart_switch_control Rule: IF Switched on from WeMo Light Switch THEN Turn on lights using Philips Hue.,13.213383674621582,14.405113220214844,2.699453592300415
rule__T010_S0028,rule_index,green_rule,appliance_energy_management,appliance_energy_management,T010_S0028,,,,T010_S0028,smart_switch_control,,Green category: appliance_energy_management Topic: smart_switch_control Rule: IF Long press from WeMo Light Switch THEN Toggle on/off using WeMo Smart Plug.,13.24824333190918,14.18871021270752,2.94018816947937
rule__T010_S0029,rule_index,green_rule,appliance_energy_management,appliance_energy_management,T010_S0029,,,,T010_S0029,smart_switch_control,,Green category: appliance_energy_management Topic: smart_switch_control Rule: IF Say a simple phrase from Google Assistant THEN Turn off using WeMo Insight Switch.,13.123737335205078,13.931660652160645,2.961333990097046
rule__T010_S0033,rule_index,green_rule,appliance_energy_management,appliance_energy_management,T010_S0033,,,,T010_S0033,smart_switch_control,,Green category: appliance_energy_management Topic: smart_switch_control Rule: IF Switched off from WeMo Insight Switch THEN Turn off using LIFX.,13.091556549072266,13.961557388305664,2.930331230163574
rule__T010_S0035,rule_index,green_rule,appliance_energy_management,appliance_energy_management,T010_S0035,,,,T010_S0035,smart_switch_control,,Green category: appliance_energy_management Topic: smart_switch_control Rule: IF Daily minutes on is longer than from WeMo Insight Switch THEN Turn off using WeMo Insight Switch.,13.04289436340332,13.89411449432373,2.86094069480896
rule__T010_S0038,rule_index,green_rule,appliance_energy_management,appliance_energy_management,T010_S0038,,,,T010_S0038,smart_switch_control,,Green category: appliance_energy_management Topic: smart_switch_control Rule: IF Long press from WeMo Light Switch THEN Turn on lights using Philips Hue.,13.235087394714355,14.467289924621582,2.6604421138763428
rule__T010_S0039,rule_index,green_rule,appliance_energy_management,appliance_energy_management,T010_S0039,,,,T010_S0039,smart_switch_control,,Green category: appliance_energy_management Topic: smart_switch_control Rule: IF Switched off from WeMo Light Switch THEN Turn off lights using Philips Hue.,13.206055641174316,14.400354385375977,2.6919193267822266
rule__T010_S0042,rule_index,green_rule,appliance_energy_management,appliance_energy_management,T010_S0042,,,,T010_S0042,smart_switch_control,,Green category: appliance_energy_management Topic: smart_switch_control Rule: IF Long press from WeMo Light Switch THEN Turn off lights using Philips Hue.,13.22300910949707,14.416028022766113,2.699218511581421
rule__T010_S0045,rule_index,green_rule,appliance_energy_management,appliance_energy_management,T010_S0045,,,,T010_S0045,smart_switch_control,,Green category: appliance_energy_management Topic: smart_switch_control Rule: IF Switched on from WeMo Light Switch THEN Turn on using WeMo Insight Switch.,13.020669937133789,13.876686096191406,2.836548328399658
rule__T010_S0047,rule_index,green_rule,appliance_energy_management,appliance_energy_management,T010_S0047,,,,T010_S0047,smart_switch_control,,Green category: appliance_energy_management Topic: smart_switch_control Rule: IF Long press from WeMo Light Switch THEN Toggle on/off using WeMo Insight Switch.,13.206141471862793,14.154669761657715,2.89186429977417
rule__T010_S0048,rule_index,green_rule,appliance_energy_management,appliance_energy_management,T010_S0048,,,,T010_S0048,smart_switch_control,,Green category: appliance_energy_management Topic: smart_switch_control Rule: IF Long press from WeMo Light Switch THEN Turn off using WeMo Insight Switch.,13.22343635559082,14.14995002746582,2.921485185623169
rule__T010_S0049,rule_index,green_rule,appliance_energy_management,appliance_energy_management,T010_S0049,,,,T010_S0049,smart_switch_control,,Green category: appliance_energy_management Topic: smart_switch_control Rule: IF Say a simple phrase from Google Assistant THEN Toggle on/off using WeMo Smart Plug.,13.269235610961914,14.008512496948242,3.0785138607025146
rule__T010_S0050,rule_index,green_rule,appliance_energy_management,appliance_energy_management,T010_S0050,,,,T010_S0050,smart_switch_control,,Green category: appliance_energy_management Topic: smart_switch_control Rule: IF Button press from Button widget THEN Turn on using WeMo Insight Switch.,13.230232238769531,13.960172653198242,3.064190626144409
rule__T010_S0051,rule_index,green_rule,appliance_energy_management,appliance_energy_management,T010_S0051,,,,T010_S0051,smart_switch_control,,Green category: appliance_energy_management Topic: smart_switch_control Rule: IF Button press from Button widget THEN Toggle on/off using WeMo Insight Switch.,13.213582038879395,13.963735580444336,3.045292854309082
rule__T010_S0052,rule_index,green_rule,appliance_energy_management,appliance_energy_management,T010_S0052,,,,T010_S0052,smart_switch_control,,Green category: appliance_energy_management Topic: smart_switch_control Rule: IF Button press from Button widget THEN Toggle on/off using WeMo Light Switch.,13.331665992736816,14.069839477539062,3.1548659801483154
rule__T010_S0062,rule_index,green_rule,appliance_energy_management,appliance_energy_management,T010_S0062,,,,T010_S0062,smart_switch_control,,Green category: appliance_energy_management Topic: smart_switch_control Rule: IF Switched on from WeMo Light Switch THEN Change color using Philips Hue.,13.206830978393555,14.404967308044434,2.6906917095184326
rule__T010_S0064,rule_index,green_rule,appliance_energy_management,appliance_energy_management,T010_S0064,,,,T010_S0064,smart_switch_control,,Green category: appliance_energy_management Topic: smart_switch_control Rule: IF Press button from Qblinks Qmote THEN Turn on using WeMo Insight Switch.,13.25515365600586,13.923477172851562,3.0957531929016113
rule__T010_S0066,rule_index,green_rule,appliance_energy_management,appliance_energy_management,T010_S0066,,,,T010_S0066,smart_switch_control,,Green category: appliance_energy_management Topic: smart_switch_control Rule: IF Daily minutes on is longer than from WeMo Insight Switch THEN Toggle on/off using WeMo Insight Switch.,13.036364555358887,13.871576309204102,2.8602333068847656
rule__T010_S0067,rule_index,green_rule,appliance_energy_management,appliance_energy_management,T010_S0067,,,,T010_S0067,smart_switch_control,,Green category: appliance_energy_management Topic: smart_switch_control Rule: IF Standby mode entered from WeMo Insight Switch THEN Start sleep fader using WeMo Lighting.,13.080048561096191,13.93277645111084,2.872731924057007
rule__T010_S0068,rule_index,green_rule,appliance_energy_management,appliance_energy_management,T010_S0068,,,,T010_S0068,smart_switch_control,,Green category: appliance_energy_management Topic: smart_switch_control Rule: IF Every day of the week at from Date & Time THEN Turn on using WeMo Insight Switch.,13.059586524963379,13.8546781539917,2.890681743621826
rule__T010_S0069,rule_index,green_rule,appliance_energy_management,appliance_energy_management,T010_S0069,,,,T010_S0069,smart_switch_control,,Green category: appliance_energy_management Topic: smart_switch_control Rule: IF Arriving home from EVE For Tesla THEN Turn on using WeMo Smart Plug.,13.20042610168457,14.000983238220215,3.02661395072937
rule__T010_S0074,rule_index,green_rule,appliance_energy_management,appliance_energy_management,T010_S0074,,,,T010_S0074,smart_switch_control,,Green category: appliance_energy_management Topic: smart_switch_control Rule: IF Every day of the week at from Date & Time THEN Turn off then on using WeMo Insight Switch.,13.004555702209473,13.815680503845215,2.87394642829895
rule__T010_S0076,rule_index,green_rule,appliance_energy_management,appliance_energy_management,T010_S0076,,,,T010_S0076,smart_switch_control,,Green category: appliance_energy_management Topic: smart_switch_control Rule: IF Long press from WeMo Light Switch THEN Turn lights off using LIFX.,13.159857749938965,14.176648139953613,2.8484854698181152
rule__T010_S0081,rule_index,green_rule,appliance_energy_management,appliance_energy_management,T010_S0081,,,,T010_S0081,smart_switch_control,,Green category: appliance_energy_management Topic: smart_switch_control Rule: IF Standby mode entered from WeMo Insight Switch THEN Turn lights off using LIFX.,13.059813499450684,13.93804931640625,2.915532350540161
rule__T010_S0082,rule_index,green_rule,appliance_energy_management,appliance_energy_management,T010_S0082,,,,T010_S0082,smart_switch_control,,Green category: appliance_energy_management Topic: smart_switch_control Rule: IF Standby mode entered from WeMo Insight Switch THEN Change color of lights using LIFX.,13.103729248046875,13.98519229888916,2.9275240898132324
rule__T013_S0001,rule_index,green_rule,hvac_optimization,hvac_optimization,T013_S0001,,,,T013_S0001,temperature_control,,Green category: hvac_optimization Topic: temperature_control Rule: IF Current temperature drops below from Weather Underground THEN set temperature using Nest Thermostat based on Weather.,7.24625825881958,-2.7934789657592773,5.708467483520508
rule__T013_S0002,rule_index,green_rule,hvac_optimization,hvac_optimization,T013_S0002,,,,T013_S0002,temperature_control,,Green category: hvac_optimization Topic: temperature_control Rule: IF Current temperature drops below from Weather Underground THEN play a scenario using Myfox HomeControl to prevent pool water from freezing when below 0°C.,7.054439544677734,-3.476139545440674,4.9820637702941895
rule__T013_S0003,rule_index,green_rule,hvac_optimization,hvac_optimization,T013_S0003,,,,T013_S0003,temperature_control,,Green category: hvac_optimization Topic: temperature_control Rule: IF Current temperature rises above from Weather Underground THEN set temperature using LightwaveRF Heating to lower your house target temperature.,7.046395301818848,-3.3770880699157715,5.079329013824463
rule__T013_S0004,rule_index,green_rule,hvac_optimization,hvac_optimization,T013_S0004,,,,T013_S0004,temperature_control,,Green category: hvac_optimization Topic: temperature_control Rule: IF Temperature drops below from Nest Thermostat THEN set temperature setting using NIBE Uplink to raise set temperature.,7.344053268432617,-2.7022783756256104,5.873902797698975
rule__T013_S0005,rule_index,green_rule,hvac_optimization,hvac_optimization,T013_S0005,,,,T013_S0005,temperature_control,,Green category: hvac_optimization Topic: temperature_control Rule: IF Temperature drops below from Nest Thermostat THEN set Nest temperature to a configured threshold.,7.340983867645264,-2.631124496459961,5.912492275238037
rule__T013_S0006,rule_index,green_rule,hvac_optimization,hvac_optimization,T013_S0006,,,,T013_S0006,temperature_control,,Green category: hvac_optimization Topic: temperature_control Rule: IF Current temperature rises above from Weather Underground THEN play a scenario using Myfox HomeControl to turn off heating.,7.00174617767334,-3.5316503047943115,4.92430305480957
rule__T013_S0007,rule_index,green_rule,hvac_optimization,hvac_optimization,T013_S0007,,,,T013_S0007,temperature_control,,Green category: hvac_optimization Topic: temperature_control Rule: IF Temperature rises above from Nest Thermostat THEN set temperature using Nest Thermostat to keep it from getting too warm.,7.469334602355957,-2.7975971698760986,5.880189418792725
rule__T013_S0008,rule_index,green_rule,hvac_optimization,hvac_optimization,T013_S0008,,,,T013_S0008,temperature_control,,Green category: hvac_optimization Topic: temperature_control Rule: IF Temperature drops below from Nest Thermostat THEN activate scene using Hunter Douglas PowerView to open shades.,7.387228965759277,-2.597769260406494,5.948016166687012
rule__T013_S0009,rule_index,green_rule,hvac_optimization,hvac_optimization,T013_S0009,,,,T013_S0009,temperature_control,,Green category: hvac_optimization Topic: temperature_control Rule: IF Current temperature drops below from Weather Underground THEN set temperature to a permanent hold using Honeywell Total Connect Comfort.,7.089173793792725,-3.7534546852111816,4.7731218338012695
rule__T013_S0010,rule_index,green_rule,hvac_optimization,hvac_optimization,T013_S0010,,,,T013_S0010,temperature_control,,Green category: hvac_optimization Topic: temperature_control Rule: IF Current temperature rises above from Weather Underground THEN set temperature to a permanent hold using Honeywell Lyric to automatically turn on A/C.,7.05594539642334,-3.776987314224243,4.7343220710754395
rule__T013_S0011,rule_index,green_rule,hvac_optimization,hvac_optimization,T013_S0011,,,,T013_S0011,temperature_control,,Green category: hvac_optimization Topic: temperature_control Rule: IF Current temperature drops below from Weather Underground THEN set TRV Position 5 using LightwaveRF Heating to fully open a TRV.,7.054577350616455,-3.371619939804077,5.05622673034668
rule__T013_S0012,rule_index,green_rule,hvac_optimization,hvac_optimization,T013_S0012,,,,T013_S0012,temperature_control,,Green category: hvac_optimization Topic: temperature_control Rule: IF Sunrise from Weather Underground THEN set a zone temperature using Honeywell Single-zone Thermostat.,7.199567794799805,-3.697441816329956,4.858708381652832
rule__T013_S0013,rule_index,green_rule,hvac_optimization,hvac_optimization,T013_S0013,,,,T013_S0013,temperature_control,,Green category: hvac_optimization Topic: temperature_control Rule: IF Current temperature drops below from Weather Underground THEN set temperature using Nest Thermostat to automatically turn off AC if it's cool outside.,7.267716407775879,-2.8117756843566895,5.692768096923828
rule__T013_S0014,rule_index,green_rule,hvac_optimization,hvac_optimization,T013_S0014,,,,T013_S0014,temperature_control,,Green category: hvac_optimization Topic: temperature_control Rule: IF Lock unlocked from August THEN set temperature range using Nest Thermostat.,7.479861259460449,-2.937619924545288,5.7631306648254395
rule__T013_S0015,rule_index,green_rule,hvac_optimization,hvac_optimization,T013_S0015,,,,T013_S0015,temperature_control,,Green category: hvac_optimization Topic: temperature_control Rule: IF Lock locked by specific person from August THEN set temperature using Nest Thermostat when leaving home.,7.524940013885498,-3.064465284347534,5.72036075592041
rule__T013_S0016,rule_index,green_rule,hvac_optimization,hvac_optimization,T013_S0016,,,,T013_S0016,temperature_control,,Green category: hvac_optimization Topic: temperature_control Rule: IF Device is plugged in from Android Battery THEN set temperature using Nest Thermostat to turn down the temperature when going to bed.,7.621084213256836,-2.7241270542144775,6.029379367828369
rule__T013_S0017,rule_index,green_rule,hvac_optimization,hvac_optimization,T013_S0017,,,,T013_S0017,temperature_control,,Green category: hvac_optimization Topic: temperature_control Rule: IF Current temperature drops below from Weather Underground THEN start a zone using RainMachine for heated sidewalks.,7.003302097320557,-3.3548038005828857,5.08057975769043
rule__T013_S0018,rule_index,green_rule,hvac_optimization,hvac_optimization,T013_S0018,,,,T013_S0018,temperature_control,,Green category: hvac_optimization Topic: temperature_control Rule: IF Every day at from Date & Time THEN set mode using Wattio THERMIC to ensure it is OFF at 0:00.,7.094046115875244,-3.1128735542297363,4.937276840209961
rule__T013_S0019,rule_index,green_rule,hvac_optimization,hvac_optimization,T013_S0019,,,,T013_S0019,temperature_control,,Green category: hvac_optimization Topic: temperature_control Rule: IF Current temperature rises above from Weather Underground THEN start a program using RainMachine to water flower beds.,7.003261566162109,-3.41996169090271,5.1052021980285645
rule__T013_S0020,rule_index,green_rule,hvac_optimization,hvac_optimization,T013_S0020,,,,T013_S0020,temperature_control,,Green category: hvac_optimization Topic: temperature_control Rule: IF Current condition changes to from Weather Underground THEN set temperature using Nest Thermostat to a minimum temperature if the weather turns cold.,7.312245845794678,-2.890403985977173,5.67083215713501
rule__T013_S0021,rule_index,green_rule,hvac_optimization,hvac_optimization,T013_S0021,,,,T013_S0021,temperature_control,,Green category: hvac_optimization Topic: temperature_control Rule: IF Tomorrow's high rises above from Weather Underground THEN set temperature range using Nest Thermostat to lower cooling setpoint.,7.315308570861816,-2.874103307723999,5.708620548248291
rule__T013_S0023,rule_index,green_rule,hvac_optimization,hvac_optimization,T013_S0023,,,,T013_S0023,temperature_control,,Green category: hvac_optimization Topic: temperature_control Rule: IF The security panel has been armed from HomeControl Flex THEN set temperature using Nest Thermostat when leaving for the day.,7.530101299285889,-2.958165168762207,5.805519104003906
rule__T013_S0024,rule_index,green_rule,hvac_optimization,hvac_optimization,T013_S0024,,,,T013_S0024,temperature_control,,Green category: hvac_optimization Topic: temperature_control Rule: IF Current temperature rises above from Weather Underground THEN enable a quick action using Honeywell evohome to change to summer settings.,6.947599411010742,-3.7772305011749268,4.6216044425964355
rule__T013_S0025,rule_index,green_rule,hvac_optimization,hvac_optimization,T013_S0025,,,,T013_S0025,temperature_control,,Green category: hvac_optimization Topic: temperature_control Rule: IF Current temperature rises above from Weather Underground THEN enable a quick action using Honeywell evohome to turn heating off during sunny periods.,6.955203533172607,-3.8003451824188232,4.626713275909424
rule__T013_S0026,rule_index,green_rule,hvac_optimization,hvac_optimization,T013_S0026,,,,T013_S0026,temperature_control,,Green category: hvac_optimization Topic: temperature_control Rule: IF Current temperature rises above from Weather Underground THEN enable a quick action using Honeywell evohome to turn off central heating.,6.972095966339111,-3.7882742881774902,4.646275520324707
rule__T013_S0027,rule_index,green_rule,hvac_optimization,hvac_optimization,T013_S0027,,,,T013_S0027,temperature_control,,Green category: hvac_optimization Topic: temperature_control Rule: IF Tomorrow's low drops below from Weather Underground THEN set temperature in location using Wiser Smart to modify heating temperature.,7.052815914154053,-3.1463916301727295,5.179017066955566
rule__T013_S0028,rule_index,green_rule,hvac_optimization,hvac_optimization,T013_S0028,,,,T013_S0028,temperature_control,,Green category: hvac_optimization Topic: temperature_control Rule: IF Current temperature rises above from Weather Underground THEN set temperature using Nest Thermostat to cool down when outside temperature is unbearable.,7.287980079650879,-2.9314382076263428,5.619217395782471
rule__T013_S0029,rule_index,green_rule,hvac_optimization,hvac_optimization,T013_S0029,,,,T013_S0029,temperature_control,,Green category: hvac_optimization Topic: temperature_control Rule: IF Current temperature drops below from Weather Underground THEN set temperature range using Nest Thermostat to maintain 69-71 degrees.,7.221133232116699,-2.751569986343384,5.722845077514648
rule__T013_S0030,rule_index,green_rule,hvac_optimization,hvac_optimization,T013_S0030,,,,T013_S0030,temperature_control,,Green category: hvac_optimization Topic: temperature_control Rule: IF Sunrise from Weather Underground THEN set temperature using Wattio THERMIC to 19°C.,7.106405258178711,-3.1251933574676514,4.939168930053711
rule__T013_S0031,rule_index,green_rule,hvac_optimization,hvac_optimization,T013_S0031,,,,T013_S0031,temperature_control,,Green category: hvac_optimization Topic: temperature_control Rule: IF Current temperature drops below from Weather Underground THEN set temperature using Nest Thermostat to turn AC to 85°F.,7.236753940582275,-2.7428946495056152,5.725228309631348
rule__T013_S0032,rule_index,green_rule,hvac_optimization,hvac_optimization,T013_S0032,,,,T013_S0032,temperature_control,,Green category: hvac_optimization Topic: temperature_control Rule: IF Current temperature rises above from Weather Underground THEN set temperature using Nest Thermostat to 77°F.,7.27109432220459,-2.838688373565674,5.684478759765625
rule__T013_S0033,rule_index,green_rule,hvac_optimization,hvac_optimization,T013_S0033,,,,T013_S0033,temperature_control,,Green category: hvac_optimization Topic: temperature_control Rule: IF Current temperature rises above from Weather Underground THEN set temperature using Nest Thermostat to 70°F if outside temperature rises above 85°F.,7.334914207458496,-2.896038293838501,5.657582759857178
rule__T013_S0034,rule_index,green_rule,hvac_optimization,hvac_optimization,T013_S0034,,,,T013_S0034,temperature_control,,Green category: hvac_optimization Topic: temperature_control Rule: IF Current temperature rises above from Weather Underground THEN set temperature using Nest Thermostat to drop house temperature.,7.312917709350586,-2.821300745010376,5.750472068786621
rule__T013_S0035,rule_index,green_rule,hvac_optimization,hvac_optimization,T013_S0035,,,,T013_S0035,temperature_control,,Green category: hvac_optimization Topic: temperature_control Rule: IF Current temperature rises above from Weather Underground THEN set temperature using Nest Thermostat to start cooling when it gets too hot.,7.240959644317627,-2.960949420928955,5.595717430114746
rule__T013_S0036,rule_index,green_rule,hvac_optimization,hvac_optimization,T013_S0036,,,,T013_S0036,temperature_control,,Green category: hvac_optimization Topic: temperature_control Rule: IF Current temperature drops below from Weather Underground THEN set temperature using Nest Thermostat to 25°C.,7.196434497833252,-2.7240843772888184,5.733633041381836
rule__T013_S0037,rule_index,green_rule,hvac_optimization,hvac_optimization,T013_S0037,,,,T013_S0037,temperature_control,,Green category: hvac_optimization Topic: temperature_control Rule: IF Current temperature drops below from Weather Underground THEN set temperature using Nest Thermostat to 68°F in the bathroom.,7.1505231857299805,-2.6870815753936768,5.747027397155762
rule__T013_S0038,rule_index,green_rule,hvac_optimization,hvac_optimization,T013_S0038,,,,T013_S0038,temperature_control,,Green category: hvac_optimization Topic: temperature_control Rule: IF Current temperature drops below from Weather Underground THEN set temperature using Nest Thermostat to turn off AC.,7.2390241622924805,-2.7984585762023926,5.686181545257568
rule__T013_S0039,rule_index,green_rule,hvac_optimization,hvac_optimization,T013_S0039,,,,T013_S0039,temperature_control,,Green category: hvac_optimization Topic: temperature_control Rule: IF Current temperature drops below from Weather Underground THEN set temperature using Nest Thermostat to 70°F when it gets cold.,7.203339576721191,-2.759676694869995,5.7181315422058105
rule__T013_S0040,rule_index,green_rule,hvac_optimization,hvac_optimization,T013_S0040,,,,T013_S0040,temperature_control,,Green category: hvac_optimization Topic: temperature_control Rule: IF Current temperature drops below from Weather Underground THEN set temperature using Nest Thermostat to make home at least as cool as outside.,7.194046974182129,-2.816655397415161,5.632220268249512
rule__T013_S0041,rule_index,green_rule,hvac_optimization,hvac_optimization,T013_S0041,,,,T013_S0041,temperature_control,,Green category: hvac_optimization Topic: temperature_control Rule: IF Current temperature rises above from Weather Underground THEN set temperature using Nest Thermostat to 70°F when temperature rises above 90°F.,7.237626552581787,-2.8213882446289062,5.705132484436035
rule__T013_S0042,rule_index,green_rule,hvac_optimization,hvac_optimization,T013_S0042,,,,T013_S0042,temperature_control,,Green category: hvac_optimization Topic: temperature_control Rule: IF Current temperature rises above from Weather Underground THEN send a command using openHAB if local temperature exceeds set limit.,7.044614791870117,-3.4037184715270996,5.058857440948486
rule__T013_S0043,rule_index,green_rule,hvac_optimization,hvac_optimization,T013_S0043,,,,T013_S0043,temperature_control,,Green category: hvac_optimization Topic: temperature_control Rule: IF Current temperature drops below from Weather Underground THEN send a command using openHAB if local temperature is below 22°C.,7.072319984436035,-3.3794424533843994,5.002832412719727
rule__T013_S0044,rule_index,green_rule,hvac_optimization,hvac_optimization,T013_S0044,,,,T013_S0044,temperature_control,,Green category: hvac_optimization Topic: temperature_control Rule: IF Current temperature drops below from Weather Underground THEN set a zone temperature using Honeywell evohome to 18 degrees for 4 hours.,6.904470443725586,-3.825254440307617,4.5594563484191895
rule__T013_S0045,rule_index,green_rule,hvac_optimization,hvac_optimization,T013_S0045,,,,T013_S0045,temperature_control,,Green category: hvac_optimization Topic: temperature_control Rule: IF Current temperature rises above from Weather Underground THEN set temperature for a period of time using Honeywell Total Connect Comfort.,7.041685581207275,-3.735639810562134,4.731703281402588
rule__T013_S0046,rule_index,green_rule,hvac_optimization,hvac_optimization,T013_S0046,,,,T013_S0046,temperature_control,,Green category: hvac_optimization Topic: temperature_control Rule: IF Current temperature rises above from Weather Underground THEN set temperature for a period of time using Honeywell Total Connect Comfort to cool if outside temperature...,7.029042720794678,-3.658207893371582,4.723023891448975
rule__T013_S0049,rule_index,green_rule,hvac_optimization,hvac_optimization,T013_S0049,,,,T013_S0049,temperature_control,,Green category: hvac_optimization Topic: temperature_control Rule: IF Current temperature rises above from Weather Underground THEN enable a quick action using Honeywell evohome to put house into Economy mode during hot days.,6.961472988128662,-3.8078773021698,4.619938850402832
rule__T013_S0050,rule_index,green_rule,hvac_optimization,hvac_optimization,T013_S0050,,,,T013_S0050,temperature_control,,Green category: hvac_optimization Topic: temperature_control Rule: IF Current temperature rises above from Weather Underground THEN enable a quick action using Honeywell evohome if current temperature rises above 21°C.,6.992579460144043,-3.80610990524292,4.642045021057129
rule__T013_S0051,rule_index,green_rule,hvac_optimization,hvac_optimization,T013_S0051,,,,T013_S0051,temperature_control,,Green category: hvac_optimization Topic: temperature_control Rule: IF Current temperature rises above from Weather Underground THEN enable a quick action using Honeywell evohome to turn off heating above 19 degrees outside.,6.990936756134033,-3.7747840881347656,4.658315181732178
rule__T013_S0052,rule_index,green_rule,hvac_optimization,hvac_optimization,T013_S0052,,,,T013_S0052,temperature_control,,Green category: hvac_optimization Topic: temperature_control Rule: IF Current temperature drops below from Weather Underground THEN set temperature to a permanent hold using Honeywell Lyric when it drops below 32°F.,7.116560459136963,-3.8163037300109863,4.792110443115234
rule__T013_S0053,rule_index,green_rule,hvac_optimization,hvac_optimization,T013_S0053,,,,T013_S0053,temperature_control,,Green category: hvac_optimization Topic: temperature_control Rule: IF Current temperature drops below from Weather Underground THEN disable a quick action using Honeywell evohome if current temperature drops below 10°C.,6.940885543823242,-3.7521395683288574,4.623388290405273
rule__T013_S0054,rule_index,green_rule,hvac_optimization,hvac_optimization,T013_S0054,,,,T013_S0054,temperature_control,,Green category: hvac_optimization Topic: temperature_control Rule: IF Current temperature drops below from Weather Underground THEN enable a quick action using Honeywell evohome to boost heating if temperature drops.,6.965187072753906,-3.803835153579712,4.5929083824157715
rule__T013_S0055,rule_index,green_rule,hvac_optimization,hvac_optimization,T013_S0055,,,,T013_S0055,temperature_control,,Green category: hvac_optimization Topic: temperature_control Rule: IF Current temperature drops below from Weather Underground THEN enable a quick action using Honeywell evohome to trigger a custom program when temperature drops below a ...,6.921416282653809,-3.7598204612731934,4.5942463874816895
rule__T013_S0056,rule_index,green_rule,hvac_optimization,hvac_optimization,T013_S0056,,,,T013_S0056,temperature_control,,Green category: hvac_optimization Topic: temperature_control Rule: IF Current temperature rises above from Weather Underground THEN set fan to on or auto using Honeywell Total Connect Comfort if temp rises more than 76°F.,7.0784149169921875,-3.779395818710327,4.738976001739502
rule__T013_S0057,rule_index,green_rule,hvac_optimization,hvac_optimization,T013_S0057,,,,T013_S0057,temperature_control,,Green category: hvac_optimization Topic: temperature_control Rule: IF Current temperature drops below from Weather Underground THEN disable a quick action using Honeywell Single-zone Thermostat if outside temperature drops below a config...,7.029118061065674,-3.617241621017456,4.8581109046936035
rule__T013_S0059,rule_index,green_rule,hvac_optimization,hvac_optimization,T013_S0059,,,,T013_S0059,temperature_control,,Green category: hvac_optimization Topic: temperature_control Rule: IF Current temperature rises above from Weather Underground THEN enable quick action using Honeywell Single-zone Thermostat to turn off heating if outside temperature ris...,7.062801837921143,-3.716416358947754,4.769195079803467
rule__T013_S0060,rule_index,green_rule,hvac_optimization,hvac_optimization,T013_S0060,,,,T013_S0060,temperature_control,,Green category: hvac_optimization Topic: temperature_control Rule: IF Current temperature rises above from Weather Underground THEN start a program using RainMachine to water flower beds and turf on high temperatures above 93°F.,6.966885566711426,-3.448387622833252,5.134667873382568
rule__T013_S0061,rule_index,green_rule,hvac_optimization,hvac_optimization,T013_S0061,,,,T013_S0061,temperature_control,,Green category: hvac_optimization Topic: temperature_control Rule: IF Every day at from Date & Time THEN set temperature using Nest Thermostat for night heating.,7.5821027755737305,-3.041128635406494,5.827024936676025
rule__T013_S0062,rule_index,green_rule,hvac_optimization,hvac_optimization,T013_S0062,,,,T013_S0062,temperature_control,,Green category: hvac_optimization Topic: temperature_control Rule: IF Sleep mode enabled from UP by Jawbone THEN set temperature using Nest Thermostat to keep the house cool.,7.453320026397705,-2.8086626529693604,5.82472038269043
rule__T013_S0063,rule_index,green_rule,hvac_optimization,hvac_optimization,T013_S0063,,,,T013_S0063,temperature_control,,Green category: hvac_optimization Topic: temperature_control Rule: IF Current temperature rises above from Weather Underground THEN set standby mode using Heatmiser for selected heating zone.,7.082507610321045,-3.291271924972534,5.083616256713867
rule__T013_S0064,rule_index,green_rule,hvac_optimization,hvac_optimization,T013_S0064,,,,T013_S0064,temperature_control,,Green category: hvac_optimization Topic: temperature_control Rule: IF Sunrise from Weather Underground THEN set mode using Wattio THERMIC to automatic.,7.091582298278809,-3.0822830200195312,4.899162292480469
rule__T013_S0065,rule_index,green_rule,hvac_optimization,hvac_optimization,T013_S0065,,,,T013_S0065,temperature_control,,Green category: hvac_optimization Topic: temperature_control Rule: IF Current temperature drops below from Weather Underground THEN set mode using Wattio THERMIC to manual/automatic/off.,7.0654988288879395,-3.1852002143859863,5.014886379241943
rule__T013_S0066,rule_index,green_rule,hvac_optimization,hvac_optimization,T013_S0066,,,,T013_S0066,temperature_control,,Green category: hvac_optimization Topic: temperature_control Rule: IF Current condition changes to from Weather Underground THEN set mode using Wattio THERMIC if condition changes to snow.,7.066537857055664,-3.1576988697052,4.978194236755371
rule__T013_S0067,rule_index,green_rule,hvac_optimization,hvac_optimization,T013_S0067,,,,T013_S0067,temperature_control,,Green category: hvac_optimization Topic: temperature_control Rule: IF Tomorrow's low drops below from Weather Underground THEN set temperature using Caleo to prepare for a very cold tomorrow.,7.072839736938477,-3.2172088623046875,5.147072792053223
rule__T013_S0068,rule_index,green_rule,hvac_optimization,hvac_optimization,T013_S0068,,,,T013_S0068,temperature_control,,Green category: hvac_optimization Topic: temperature_control Rule: IF Temperature drops below from ThermoPeanut THEN set temperature using Nest Thermostat to adjust for baby's room.,7.215446472167969,-2.7246007919311523,5.770665168762207
rule__T013_S0069,rule_index,green_rule,hvac_optimization,hvac_optimization,T013_S0069,,,,T013_S0069,temperature_control,,Green category: hvac_optimization Topic: temperature_control Rule: IF Temperature rises above from ThermoPeanut THEN set temperature using Nest Thermostat to adjust for baby's room.,7.276167392730713,-2.6433427333831787,5.794502258300781
rule__T013_S0070,rule_index,green_rule,hvac_optimization,hvac_optimization,T013_S0070,,,,T013_S0070,temperature_control,,Green category: hvac_optimization Topic: temperature_control Rule: IF Every day at from Date & Time THEN set temperature using Nest Thermostat to 65°F at 11 pm.,7.563248157501221,-2.995224714279175,5.8137335777282715
rule__T013_S0071,rule_index,green_rule,hvac_optimization,hvac_optimization,T013_S0071,,,,T013_S0071,temperature_control,,Green category: hvac_optimization Topic: temperature_control Rule: IF Current condition changes to from Weather Underground THEN change temperature setpoints using GE Appliances Refrigerator if a power outage is likely.,7.084316730499268,-3.2356903553009033,5.036978244781494
rule__T013_S0072,rule_index,green_rule,hvac_optimization,hvac_optimization,T013_S0072,,,,T013_S0072,temperature_control,,Green category: hvac_optimization Topic: temperature_control Rule: IF Current condition changes to from Weather Underground THEN set a zone temperature using Honeywell evohome if condition changes to snow.,6.987647533416748,-3.7610864639282227,4.649184226989746
rule__T013_S0073,rule_index,green_rule,hvac_optimization,hvac_optimization,T013_S0073,,,,T013_S0073,temperature_control,,Green category: hvac_optimization Topic: temperature_control Rule: IF Tomorrow's high rises above from Weather Underground THEN enable a quick action using Honeywell evohome to switch off heating if forecast is above 20°C.,6.917074680328369,-3.8118579387664795,4.583805084228516
rule__T013_S0074,rule_index,green_rule,hvac_optimization,hvac_optimization,T013_S0074,,,,T013_S0074,temperature_control,,Green category: hvac_optimization Topic: temperature_control Rule: IF Current temperature drops below from Weather Underground THEN set temperature using Wattio THERMIC to a configured threshold.,7.056609153747559,-3.187312602996826,5.031915664672852
rule__T013_S0075,rule_index,green_rule,hvac_optimization,hvac_optimization,T013_S0075,,,,T013_S0075,temperature_control,,Green category: hvac_optimization Topic: temperature_control Rule: IF Sunset from Weather Underground THEN set mode using Wattio THERMIC to manual/automatic/off.,7.081384658813477,-3.049165964126587,4.880207061767578
rule__T013_S0077,rule_index,green_rule,hvac_optimization,hvac_optimization,T013_S0077,,,,T013_S0077,temperature_control,,Green category: hvac_optimization Topic: temperature_control Rule: IF Every day of the week at from Date & Time THEN set temperature using Nest Thermostat to a specific temperature.,7.616443634033203,-3.065411329269409,5.800520896911621
rule__T013_S0078,rule_index,green_rule,hvac_optimization,hvac_optimization,T013_S0078,,,,T013_S0078,temperature_control,,Green category: hvac_optimization Topic: temperature_control Rule: IF Every day of the week at from Date & Time THEN set temperature using Nest Thermostat to turn off HVAC system during peak energy hours.,7.562975883483887,-3.0134098529815674,5.800429344177246
rule__T013_S0079,rule_index,green_rule,hvac_optimization,hvac_optimization,T013_S0079,,,,T013_S0079,temperature_control,,Green category: hvac_optimization Topic: temperature_control Rule: IF Every day of the week at from Date & Time THEN set temperature using Nest Thermostat for sleep.,7.587130069732666,-3.0121331214904785,5.828304767608643
rule__T013_S0080,rule_index,green_rule,hvac_optimization,hvac_optimization,T013_S0080,,,,T013_S0080,temperature_control,,Green category: hvac_optimization Topic: temperature_control Rule: IF Current temperature rises above from Weather Underground THEN start cool mode using tado Air Conditioning to turn on AC.,7.158815383911133,-3.2854666709899902,5.264856338500977
rule__T013_S0081,rule_index,green_rule,hvac_optimization,hvac_optimization,T013_S0081,,,,T013_S0081,temperature_control,,Green category: hvac_optimization Topic: temperature_control Rule: IF Every day of the week at from Date & Time THEN set a zone temperature using Honeywell Single-zone Thermostat to a specific temperature.,7.373337745666504,-3.655935764312744,5.0202860832214355
rule__T013_S0082,rule_index,green_rule,hvac_optimization,hvac_optimization,T013_S0082,,,,T013_S0082,temperature_control,,Green category: hvac_optimization Topic: temperature_control Rule: IF Temperature drops below from Energenie Mi|Home THEN set temperature using Nest Thermostat controlled by eTRV temperature.,7.293072700500488,-2.7420220375061035,5.830265522003174
rule__T013_S0083,rule_index,green_rule,hvac_optimization,hvac_optimization,T013_S0083,,,,T013_S0083,temperature_control,,Green category: hvac_optimization Topic: temperature_control Rule: IF Temperature drops below from Sen.se Mother THEN set temperature using Nest Thermostat to adjust for baby's room.,7.253267288208008,-2.6455307006835938,5.841153621673584
rule__T015_S0001,rule_index,green_rule,comfort_security,comfort_security,T015_S0001,,,,T015_S0001,device_prioritization_and_control,,Green category: comfort_security Topic: device_prioritization_and_control Rule: IF Smart Home/Away from ecobee THEN activate shortcut using Wink: Shortcuts to turn on lights by motion when motion is detected by ecobee.,6.81586217880249,13.932856559753418,8.216254234313965
rule__T015_S0002,rule_index,green_rule,comfort_security,comfort_security,T015_S0002,,,,T015_S0002,device_prioritization_and_control,,Green category: comfort_security Topic: device_prioritization_and_control Rule: IF every day of the week at a configured threshold THEN activate shortcut using Wink: Shortcuts to turn on the lights at 6:00 AM.,6.796369552612305,13.830556869506836,8.334501266479492
rule__T015_S0003,rule_index,green_rule,comfort_security,comfort_security,T015_S0003,,,,T015_S0003,device_prioritization_and_control,,Green category: comfort_security Topic: device_prioritization_and_control Rule: IF motion has been detected from Withings Home THEN activate shortcut using Wink: Shortcuts to turn on Entry Lights.,6.817348480224609,13.929184913635254,8.23969554901123
rule__T015_S0004,rule_index,green_rule,comfort_security,comfort_security,T015_S0004,,,,T015_S0004,device_prioritization_and_control,,Green category: comfort_security Topic: device_prioritization_and_control Rule: IF device disconnects from Google Wifi THEN set temperature using Nest Thermostat.,7.441609859466553,-0.1374121457338333,7.153601169586182
rule__T015_S0005,rule_index,green_rule,comfort_security,comfort_security,T015_S0005,,,,T015_S0005,device_prioritization_and_control,,Green category: comfort_security Topic: device_prioritization_and_control Rule: IF device connects from Google Wifi THEN set temperature using Nest Thermostat.,7.381647109985352,-0.20778979361057281,7.208615303039551
rule__T015_S0006,rule_index,green_rule,comfort_security,comfort_security,T015_S0006,,,,T015_S0006,device_prioritization_and_control,,Green category: comfort_security Topic: device_prioritization_and_control Rule: IF alarm activated from abode THEN activate shortcut using Wink: Shortcuts to turn all lights on.,6.886080265045166,13.868767738342285,8.263737678527832
rule__T015_S0007,rule_index,green_rule,comfort_security,comfort_security,T015_S0007,,,,T015_S0007,device_prioritization_and_control,,Green category: comfort_security Topic: device_prioritization_and_control Rule: IF you exit an area THEN activate shortcut using Wink: Shortcuts to turn off HVAC.,6.645544052124023,14.122512817382812,8.123878479003906
rule__T015_S0009,rule_index,green_rule,comfort_security,comfort_security,T015_S0009,,,,T015_S0009,device_prioritization_and_control,,Green category: comfort_security Topic: device_prioritization_and_control Rule: IF Smart Home/Away from ecobee THEN activate shortcut using Wink: Shortcuts to turn on the lights with remote motion sensors.,6.814822673797607,13.963689804077148,8.163418769836426
rule__T015_S0010,rule_index,green_rule,comfort_security,comfort_security,T015_S0010,,,,T015_S0010,device_prioritization_and_control,,Green category: comfort_security Topic: device_prioritization_and_control Rule: IF every day at a configured threshold THEN activate shortcut using Wink: Shortcuts to turn on Patio Lights.,6.839136123657227,13.79311466217041,8.359505653381348
rule__T015_S0011,rule_index,green_rule,comfort_security,comfort_security,T015_S0011,,,,T015_S0011,device_prioritization_and_control,,Green category: comfort_security Topic: device_prioritization_and_control Rule: IF you enter an area THEN activate shortcut using Wink: Shortcuts to turn on lights when you get home.,6.704545021057129,14.045799255371094,8.2059965133667
rule__T015_S0016,rule_index,green_rule,comfort_security,comfort_security,T015_S0016,,,,T015_S0016,device_prioritization_and_control,,Green category: comfort_security Topic: device_prioritization_and_control Rule: IF you exit an area THEN activate shortcut using Wink: Shortcuts to turn off lights.,6.7121968269348145,14.068081855773926,8.16775131225586
rule__T015_S0017,rule_index,green_rule,comfort_security,comfort_security,T015_S0017,,,,T015_S0017,device_prioritization_and_control,,Green category: comfort_security Topic: device_prioritization_and_control Rule: IF you enter an area THEN activate shortcut using Wink: Shortcuts to turn on lights when your iPhone senses you're home.,6.648444652557373,14.069060325622559,8.222966194152832
rule__T015_S0018,rule_index,green_rule,comfort_security,comfort_security,T015_S0018,,,,T015_S0018,device_prioritization_and_control,,Green category: comfort_security Topic: device_prioritization_and_control Rule: IF you enter an area THEN activate shortcut using Wink: Shortcuts to turn on lights when your Android phone senses you are home.,6.690113544464111,14.055066108703613,8.243041038513184
rule__T015_S0021,rule_index,green_rule,comfort_security,comfort_security,T015_S0021,,,,T015_S0021,device_prioritization_and_control,,Green category: comfort_security Topic: device_prioritization_and_control Rule: IF device connects from Google Wifi THEN set temperature using Nest Thermostat to improve Auto-Away.,7.356389999389648,-0.22728212177753448,7.239229202270508
rule__T015_S0024,rule_index,green_rule,comfort_security,comfort_security,T015_S0024,,,,T015_S0024,device_prioritization_and_control,,Green category: comfort_security Topic: device_prioritization_and_control Rule: IF motion detected from Manything THEN activate shortcut using Wink: Shortcuts to turn on outside lights.,6.8697428703308105,13.89450740814209,8.201510429382324
rule__T015_S0025,rule_index,green_rule,comfort_security,comfort_security,T015_S0025,,,,T015_S0025,device_prioritization_and_control,,Green category: comfort_security Topic: device_prioritization_and_control Rule: IF sunset from Weather Underground THEN activate shortcut using Wink: Shortcuts to turn on lights.,7.021389961242676,13.816059112548828,8.22773265838623
rule__T015_S0026,rule_index,green_rule,comfort_security,comfort_security,T015_S0026,,,,T015_S0026,device_prioritization_and_control,,Green category: comfort_security Topic: device_prioritization_and_control Rule: IF sunset from Weather Underground THEN activate shortcut using Wink: Shortcuts to turn on outdoor lights.,6.983339786529541,13.844616889953613,8.265199661254883
rule__T015_S0027,rule_index,green_rule,comfort_security,comfort_security,T015_S0027,,,,T015_S0027,device_prioritization_and_control,,Green category: comfort_security Topic: device_prioritization_and_control Rule: IF sunset from Weather Underground THEN activate shortcut using Wink: Shortcuts 15 minutes before sunset to activate lights.,6.9939985275268555,13.791509628295898,8.290555000305176
rule__T015_S0029,rule_index,green_rule,comfort_security,comfort_security,T015_S0029,,,,T015_S0029,device_prioritization_and_control,,Green category: comfort_security Topic: device_prioritization_and_control Rule: IF sunset from Weather Underground THEN turn outlet on using Wink: Pivot Power Genius.,7.031429767608643,13.85599136352539,8.192146301269531
rule__T015_S0030,rule_index,green_rule,comfort_security,comfort_security,T015_S0030,,,,T015_S0030,device_prioritization_and_control,,Green category: comfort_security Topic: device_prioritization_and_control Rule: IF sunrise from Weather Underground THEN activate shortcut using Wink: Shortcuts to turn outside lights off.,6.960279941558838,13.827463150024414,8.286821365356445
rule__T015_S0031,rule_index,green_rule,comfort_security,comfort_security,T015_S0031,,,,T015_S0031,device_prioritization_and_control,,Green category: comfort_security Topic: device_prioritization_and_control Rule: IF sunrise from Weather Underground THEN activate shortcut using Wink: Shortcuts to run a shortcut.,6.9546799659729,13.813029289245605,8.294772148132324
rule__T015_S0032,rule_index,green_rule,comfort_security,comfort_security,T015_S0032,,,,T015_S0032,device_prioritization_and_control,,Green category: comfort_security Topic: device_prioritization_and_control Rule: IF new sound or motion event from Nest Cam THEN prioritize device using Google Wifi for Nest Cam on OnHub.,7.349011421203613,-0.22854742407798767,7.249090671539307
rule__T015_S0033,rule_index,green_rule,comfort_security,comfort_security,T015_S0033,,,,T015_S0033,device_prioritization_and_control,,Green category: comfort_security Topic: device_prioritization_and_control Rule: IF button press from Button widget THEN activate shortcut using Wink: Shortcuts to turn off all lights and adjust thermostat.,6.965708255767822,13.842083930969238,8.272412300109863
rule__T015_S0034,rule_index,green_rule,comfort_security,comfort_security,T015_S0034,,,,T015_S0034,device_prioritization_and_control,,Green category: comfort_security Topic: device_prioritization_and_control Rule: IF device disconnects from Google Wifi THEN set temperature range using Nest Thermostat.,7.413583278656006,-0.16978292167186737,7.184144020080566
rule__T015_S0036,rule_index,green_rule,comfort_security,comfort_security,T015_S0036,,,,T015_S0036,device_prioritization_and_control,,Green category: comfort_security Topic: device_prioritization_and_control Rule: IF device connects from Google Wifi THEN set temperature using GE Appliances GeoSpring.,7.41795015335083,-0.16111904382705688,7.17775297164917
rule__T015_S0037,rule_index,green_rule,comfort_security,comfort_security,T015_S0037,,,,T015_S0037,device_prioritization_and_control,,Green category: comfort_security Topic: device_prioritization_and_control Rule: IF device disconnects from Google Wifi THEN turn off using D-Link Smart Plug.,7.425238132476807,-0.14886555075645447,7.17107629776001
rule__T015_S0038,rule_index,green_rule,comfort_security,comfort_security,T015_S0038,,,,T015_S0038,device_prioritization_and_control,,Green category: comfort_security Topic: device_prioritization_and_control Rule: IF motion detected at location from Homeboy THEN prioritize device using Google Wifi for camera on OnHub.,7.35101842880249,-0.22406449913978577,7.251043319702148
rule__T015_S0039,rule_index,green_rule,comfort_security,comfort_security,T015_S0039,,,,T015_S0039,device_prioritization_and_control,,Green category: comfort_security Topic: device_prioritization_and_control Rule: IF device connects from Google Wifi THEN change camera mode using Withings Home.,7.375490665435791,-0.20202970504760742,7.222431659698486
rule__T015_S0041,rule_index,green_rule,comfort_security,comfort_security,T015_S0041,,,,T015_S0041,device_prioritization_and_control,,Green category: comfort_security Topic: device_prioritization_and_control Rule: IF Smart Home/Away from ecobee THEN activate shortcut using Wink: Shortcuts for Ecobee Smart Away mode.,6.866543769836426,13.912023544311523,8.167427062988281
rule__T015_S0043,rule_index,green_rule,comfort_security,comfort_security,T015_S0043,,,,T015_S0043,device_prioritization_and_control,,Green category: comfort_security Topic: device_prioritization_and_control Rule: IF every day at a configured threshold THEN activate shortcut using Wink: Shortcuts to turn on all lights.,6.8683319091796875,13.74052619934082,8.406940460205078
rule__T015_S0044,rule_index,green_rule,comfort_security,comfort_security,T015_S0044,,,,T015_S0044,device_prioritization_and_control,,Green category: comfort_security Topic: device_prioritization_and_control Rule: IF every day at a configured threshold THEN activate shortcut using Wink: Shortcuts to activate a Wink shortcut.,6.8535075187683105,13.782875061035156,8.362885475158691
rule__T015_S0045,rule_index,green_rule,comfort_security,comfort_security,T015_S0045,,,,T015_S0045,device_prioritization_and_control,,Green category: comfort_security Topic: device_prioritization_and_control Rule: IF motion detected from D-Link Motion Sensor THEN prioritize device using Google Wifi for a device connected to OnHub.,7.373715400695801,-0.19954845309257507,7.228492736816406
rule__T015_S0046,rule_index,green_rule,comfort_security,comfort_security,T015_S0046,,,,T015_S0046,device_prioritization_and_control,,Green category: comfort_security Topic: device_prioritization_and_control Rule: IF ignition turned off from Automatic Classic THEN activate shortcut using Wink: Shortcuts to turn on lights when you get home.,6.68358039855957,14.088397026062012,8.155547142028809
rule__T015_S0047,rule_index,green_rule,comfort_security,comfort_security,T015_S0047,,,,T015_S0047,device_prioritization_and_control,,Green category: comfort_security Topic: device_prioritization_and_control Rule: IF device disconnects from Google Wifi THEN set to away mode using Netatmo Thermostat.,7.441554546356201,-0.1292000412940979,7.144141674041748
rule__T015_S0048,rule_index,green_rule,comfort_security,comfort_security,T015_S0048,,,,T015_S0048,device_prioritization_and_control,,Green category: comfort_security Topic: device_prioritization_and_control Rule: IF device connects from Google Wifi THEN turn on lights using Philips Hue.,7.3740763664245605,-0.2161622792482376,7.218863010406494
rule__T015_S0049,rule_index,green_rule,comfort_security,comfort_security,T015_S0049,,,,T015_S0049,device_prioritization_and_control,,Green category: comfort_security Topic: device_prioritization_and_control Rule: IF device disconnects from Google Wifi THEN turn off lights using Philips Hue.,7.417158603668213,-0.15876008570194244,7.190013885498047
rule__T015_S0054,rule_index,green_rule,comfort_security,comfort_security,T015_S0054,,,,T015_S0054,device_prioritization_and_control,,Green category: comfort_security Topic: device_prioritization_and_control Rule: IF device disconnects from Google Wifi THEN prioritize device using Google Wifi for Nest Cam.,7.398582935333252,-0.17765390872955322,7.195527076721191
rule__T015_S0057,rule_index,green_rule,comfort_security,comfort_security,T015_S0057,,,,T015_S0057,device_prioritization_and_control,,Green category: comfort_security Topic: device_prioritization_and_control Rule: IF motion detected from Arlo THEN activate shortcut using Wink: Shortcuts to turn on lights.,6.810516357421875,13.91511344909668,8.239672660827637
rule__T015_S0058,rule_index,green_rule,comfort_security,comfort_security,T015_S0058,,,,T015_S0058,device_prioritization_and_control,,Green category: comfort_security Topic: device_prioritization_and_control Rule: IF you exit an area THEN activate shortcut using Wink: Shortcuts to turn off lights when iPhone senses you leave home.,6.655418872833252,14.102799415588379,8.167587280273438
rule__T015_S0062,rule_index,green_rule,comfort_security,comfort_security,T015_S0062,,,,T015_S0062,device_prioritization_and_control,,Green category: comfort_security Topic: device_prioritization_and_control Rule: IF current condition changes from Weather Underground THEN activate shortcut using Wink: Shortcuts to turn on lights when raining between 4pm and sunset.,6.988503456115723,13.819099426269531,8.279125213623047
rule__T015_S0065,rule_index,green_rule,comfort_security,comfort_security,T015_S0065,,,,T015_S0065,device_prioritization_and_control,,Green category: comfort_security Topic: device_prioritization_and_control Rule: IF event from search starts from Google Calendar THEN activate shortcut using Wink: Shortcuts for home lighting control schedules.,6.920365810394287,13.658041954040527,8.445164680480957
rule__T015_S0069,rule_index,green_rule,comfort_security,comfort_security,T015_S0069,,,,T015_S0069,device_prioritization_and_control,,Green category: comfort_security Topic: device_prioritization_and_control Rule: IF mode changed from abode THEN activate shortcut using Wink: Shortcuts to dim front lights to 1%.,6.84665584564209,13.930299758911133,8.210391998291016
rule__T015_S0071,rule_index,green_rule,comfort_security,comfort_security,T015_S0071,,,,T015_S0071,device_prioritization_and_control,,Green category: comfort_security Topic: device_prioritization_and_control Rule: IF you exit an area THEN activate shortcut using Wink: Shortcuts to turn off lights when you leave home area.,6.6560282707214355,14.1153564453125,8.15384292602539
rule__T015_S0073,rule_index,green_rule,comfort_security,comfort_security,T015_S0073,,,,T015_S0073,device_prioritization_and_control,,Green category: comfort_security Topic: device_prioritization_and_control Rule: IF you enter an area THEN activate shortcut using Wink: Shortcuts to turn on lights when your iPhone senses you are home.,6.686227321624756,14.028514862060547,8.243155479431152
rule__T016_S0002,rule_index,green_rule,occupancy_based_control,occupancy_based_control,T016_S0002,,,,T016_S0002,occupancy_based_control,,Green category: occupancy_based_control Topic: occupancy_based_control Rule: IF Nest set to Away from Nest Thermostat THEN turn off using WeMo Smart Plug.,10.06671142578125,0.10013404488563538,8.23051643371582
rule__T016_S0004,rule_index,green_rule,occupancy_based_control,occupancy_based_control,T016_S0004,,,,T016_S0004,occupancy_based_control,,Green category: occupancy_based_control Topic: occupancy_based_control Rule: IF Nest set to Away from Nest Thermostat THEN turn off a group of lights using WeMo Lighting.,10.052085876464844,0.11337964236736298,8.182251930236816
rule__T016_S0006,rule_index,green_rule,occupancy_based_control,occupancy_based_control,T016_S0006,,,,T016_S0006,occupancy_based_control,,Green category: occupancy_based_control Topic: occupancy_based_control Rule: IF Nest set to Away from Nest Thermostat THEN activate shortcut using Wink: Shortcuts to turn lights off.,10.092487335205078,0.07159635424613953,8.222805976867676
rule__T016_S0013,rule_index,green_rule,occupancy_based_control,occupancy_based_control,T016_S0013,,,,T016_S0013,occupancy_based_control,,Green category: occupancy_based_control Topic: occupancy_based_control Rule: IF temperature drops below a configured threshold from Nest Thermostat THEN turn relay on using WeMo Maker.,10.040592193603516,0.10478253662586212,8.189334869384766
rule__T016_S0017,rule_index,green_rule,occupancy_based_control,occupancy_based_control,T016_S0017,,,,T016_S0017,occupancy_based_control,,Green category: occupancy_based_control Topic: occupancy_based_control Rule: IF temperature drops below a configured threshold from Nest Thermostat THEN turn off using WeMo Light Switch.,10.060466766357422,0.05992100387811661,8.158162117004395
rule__T016_S0019,rule_index,green_rule,occupancy_based_control,occupancy_based_control,T016_S0019,,,,T016_S0019,occupancy_based_control,,Green category: occupancy_based_control Topic: occupancy_based_control Rule: IF temperature rises above a configured threshold from Nest Thermostat THEN turn on using WeMo Light Switch.,10.011452674865723,0.13261160254478455,8.162137985229492
rule__T016_S0021,rule_index,green_rule,occupancy_based_control,occupancy_based_control,T016_S0021,,,,T016_S0021,occupancy_based_control,,Green category: occupancy_based_control Topic: occupancy_based_control Rule: IF Nest set to Away from Nest Thermostat THEN turn off lights using Philips Hue.,10.109758377075195,0.06295638531446457,8.23304557800293
rule__T016_S0026,rule_index,green_rule,occupancy_based_control,occupancy_based_control,T016_S0026,,,,T016_S0026,occupancy_based_control,,Green category: occupancy_based_control Topic: occupancy_based_control Rule: IF temperature drops below a configured threshold from Nest Thermostat THEN turn off lights using Philips Hue.,10.11091136932373,0.05976485088467598,8.225932121276855
rule__T016_S0031,rule_index,green_rule,occupancy_based_control,occupancy_based_control,T016_S0031,,,,T016_S0031,occupancy_based_control,,Green category: occupancy_based_control Topic: occupancy_based_control Rule: IF Nest set to Away from Nest Thermostat THEN set temperature using LightwaveRF Heating.,10.067235946655273,0.09509076178073883,8.233528137207031
rule__T016_S0034,rule_index,green_rule,occupancy_based_control,occupancy_based_control,T016_S0034,,,,T016_S0034,occupancy_based_control,,Green category: occupancy_based_control Topic: occupancy_based_control Rule: IF Nest set to Away from Nest Thermostat THEN turn lights off using LIFX.,10.172295570373535,0.0066687362268567085,8.285259246826172
rule__T016_S0037,rule_index,green_rule,occupancy_based_control,occupancy_based_control,T016_S0037,,,,T016_S0037,occupancy_based_control,,Green category: occupancy_based_control Topic: occupancy_based_control Rule: IF Nest set to Away from Nest Thermostat THEN adjust heat setting using WeMo Heater.,10.083438873291016,0.07064761966466904,8.230466842651367
rule__T016_S0042,rule_index,green_rule,occupancy_based_control,occupancy_based_control,T016_S0042,,,,T016_S0042,occupancy_based_control,,Green category: occupancy_based_control Topic: occupancy_based_control Rule: IF presence detected from SmartThings THEN set temperature using Nest Thermostat.,10.016057014465332,0.1493346393108368,8.29365062713623
rule__T016_S0055,rule_index,green_rule,occupancy_based_control,occupancy_based_control,T016_S0055,,,,T016_S0055,occupancy_based_control,,Green category: occupancy_based_control Topic: occupancy_based_control Rule: IF Nest set to Away from Nest Thermostat THEN turn off lights using LIFX.,10.135003089904785,0.043584227561950684,8.251270294189453
rule__T016_S0060,rule_index,green_rule,occupancy_based_control,occupancy_based_control,T016_S0060,,,,T016_S0060,occupancy_based_control,,Green category: occupancy_based_control Topic: occupancy_based_control Rule: IF Nest set to Away from Nest Thermostat THEN turn off group of lights using Emberlight.,10.093259811401367,0.07238087803125381,8.204155921936035
rule__T017_S0001,rule_index,green_rule,appliance_energy_management,appliance_energy_management,T017_S0001,,,,T017_S0001,appliance_scheduling,,Green category: appliance_energy_management Topic: appliance_scheduling Rule: IF every day of the week at a configured threshold THEN turn off plug using Smappee for office equipment in the evening on working days and turn off all applia...,9.77331256866455,15.411884307861328,-3.399893283843994
rule__T017_S0002,rule_index,green_rule,appliance_energy_management,appliance_energy_management,T017_S0002,,,,T017_S0002,appliance_scheduling,,Green category: appliance_energy_management Topic: appliance_scheduling Rule: IF every day of the week at a configured threshold THEN switch off SmartThings light at 11pm on weekdays.,9.779234886169434,15.431803703308105,-3.3868958950042725
rule__T017_S0003,rule_index,green_rule,appliance_energy_management,appliance_energy_management,T017_S0003,,,,T017_S0003,appliance_scheduling,,Green category: appliance_energy_management Topic: appliance_scheduling Rule: IF every day at a configured threshold THEN toggle Sleep mode using EZVIZ to turn off Sleep Mode in the morning.,9.942790031433105,15.515788078308105,-3.468892812728882
rule__T017_S0004,rule_index,green_rule,appliance_energy_management,appliance_energy_management,T017_S0004,,,,T017_S0004,appliance_scheduling,,Green category: appliance_energy_management Topic: appliance_scheduling Rule: IF every day at a configured threshold THEN turn on Leeo Smart Alert lights at a certain time of day and select the time every day that you want your Leeo Smar...,9.814315795898438,15.423012733459473,-3.4199981689453125
rule__T017_S0006,rule_index,green_rule,appliance_energy_management,appliance_energy_management,T017_S0006,,,,T017_S0006,appliance_scheduling,,Green category: appliance_energy_management Topic: appliance_scheduling Rule: IF every day at a configured threshold THEN turn off light using SmartThings at 7:30am.,9.738547325134277,15.37702751159668,-3.371004581451416
rule__T017_S0007,rule_index,green_rule,appliance_energy_management,appliance_energy_management,T017_S0007,,,,T017_S0007,appliance_scheduling,,Green category: appliance_energy_management Topic: appliance_scheduling Rule: IF every Saturday at 8:30 local time THEN start Earth Hour by turning your things off.,9.891977310180664,15.497838020324707,-3.412297010421753
rule__T017_S0008,rule_index,green_rule,appliance_energy_management,appliance_energy_management,T017_S0008,,,,T017_S0008,appliance_scheduling,,"Green category: appliance_energy_management Topic: appliance_scheduling Rule: IF every day of the week at 09:00 AM on Mon, Tue, Wed, Thu, Fri THEN switch off water heater using SmartThings.",9.862425804138184,15.509602546691895,-3.439894914627075
rule__T017_S0009,rule_index,green_rule,appliance_energy_management,appliance_energy_management,T017_S0009,,,,T017_S0009,appliance_scheduling,,Green category: appliance_energy_management Topic: appliance_scheduling Rule: IF every day at a configured threshold THEN trigger WEMO Switches - ON at specified times automatically.,10.043113708496094,15.627165794372559,-3.4583330154418945
rule__T017_S0010,rule_index,green_rule,appliance_energy_management,appliance_energy_management,T017_S0010,,,,T017_S0010,appliance_scheduling,,Green category: appliance_energy_management Topic: appliance_scheduling Rule: IF every day at a configured threshold THEN turn off D-Link smart plug.,9.720948219299316,15.352005004882812,-3.3296120166778564
rule__T017_S0011,rule_index,green_rule,appliance_energy_management,appliance_energy_management,T017_S0011,,,,T017_S0011,appliance_scheduling,,Green category: appliance_energy_management Topic: appliance_scheduling Rule: IF every day at a configured threshold THEN turn off lamp using WIFIPLUG.,9.765766143798828,15.407952308654785,-3.425050735473633
rule__T017_S0012,rule_index,green_rule,appliance_energy_management,appliance_energy_management,T017_S0012,,,,T017_S0012,appliance_scheduling,,Green category: appliance_energy_management Topic: appliance_scheduling Rule: IF every day of the week at a configured threshold THEN turn a WeMo Switch on or off at specific times throughout the week.,10.072380065917969,15.70169448852539,-3.401892900466919
rule__T017_S0013,rule_index,green_rule,appliance_energy_management,appliance_energy_management,T017_S0013,,,,T017_S0013,appliance_scheduling,,Green category: appliance_energy_management Topic: appliance_scheduling Rule: IF every day at a configured threshold THEN turn off SmartThings smartbulb.,9.736942291259766,15.361053466796875,-3.4270310401916504
rule__T017_S0015,rule_index,green_rule,appliance_energy_management,appliance_energy_management,T017_S0015,,,,T017_S0015,appliance_scheduling,,Green category: appliance_energy_management Topic: appliance_scheduling Rule: IF sleep duration is below a configured threshold THEN turn on using WeMo Smart Plug to put on a pot of coffee.,10.292887687683105,15.674459457397461,-3.37092924118042
rule__T017_S0016,rule_index,green_rule,appliance_energy_management,appliance_energy_management,T017_S0016,,,,T017_S0016,appliance_scheduling,,Green category: appliance_energy_management Topic: appliance_scheduling Rule: IF every hour at a configured threshold THEN turn off using D-Link Smart Plug.,9.749002456665039,15.360596656799316,-3.3919596672058105
rule__T017_S0017,rule_index,green_rule,appliance_energy_management,appliance_energy_management,T017_S0017,,,,T017_S0017,appliance_scheduling,,Green category: appliance_energy_management Topic: appliance_scheduling Rule: IF every day at a configured threshold THEN run SmartThings routines at a particular time.,9.743947982788086,15.374466896057129,-3.355811595916748
rule__T017_S0018,rule_index,green_rule,appliance_energy_management,appliance_energy_management,T017_S0018,,,,T017_S0018,appliance_scheduling,,Green category: appliance_energy_management Topic: appliance_scheduling Rule: IF every day at a configured threshold THEN turn hot water off using Honeywell evohome.,9.802271842956543,15.420568466186523,-3.3840184211730957
rule__T017_S0020,rule_index,green_rule,appliance_energy_management,appliance_energy_management,T017_S0020,,,,T017_S0020,appliance_scheduling,,Green category: appliance_energy_management Topic: appliance_scheduling Rule: IF every day at 2pm THEN turn off spa using WeMo Smart Plug.,10.20621109008789,15.646620750427246,-3.4413342475891113
rule__T017_S0022,rule_index,green_rule,appliance_energy_management,appliance_energy_management,T017_S0022,,,,T017_S0022,appliance_scheduling,,Green category: appliance_energy_management Topic: appliance_scheduling Rule: IF every day of the week at a configured threshold THEN turn off cat feeder using WeMo Smart Plug.,10.135954856872559,15.545690536499023,-3.4082202911376953
rule__T017_S0023,rule_index,green_rule,appliance_energy_management,appliance_energy_management,T017_S0023,,,,T017_S0023,appliance_scheduling,,Green category: appliance_energy_management Topic: appliance_scheduling Rule: IF every day of the week at a configured threshold THEN shut off gas water heater via WeMo at 8pm.,10.113492012023926,15.684229850769043,-3.4406423568725586
rule__T017_S0024,rule_index,green_rule,appliance_energy_management,appliance_energy_management,T017_S0024,,,,T017_S0024,appliance_scheduling,,Green category: appliance_energy_management Topic: appliance_scheduling Rule: IF every day at a configured threshold THEN turn on coffee maker using WeMo Smart Plug.,10.10168743133545,15.549540519714355,-3.431077241897583
rule__T017_S0025,rule_index,green_rule,appliance_energy_management,appliance_energy_management,T017_S0025,,,,T017_S0025,appliance_scheduling,,Green category: appliance_energy_management Topic: appliance_scheduling Rule: IF every day of the week at a configured threshold THEN turn off Super Feeder using WeMo Smart Plug at specific times.,10.065464973449707,15.537022590637207,-3.438175916671753
rule__T017_S0026,rule_index,green_rule,appliance_energy_management,appliance_energy_management,T017_S0026,,,,T017_S0026,appliance_scheduling,,Green category: appliance_energy_management Topic: appliance_scheduling Rule: IF every day of the week at a configured threshold THEN switch on a Smappee plug.,9.800677299499512,15.428927421569824,-3.402348518371582
rule__T017_S0028,rule_index,green_rule,appliance_energy_management,appliance_energy_management,T017_S0028,,,,T017_S0028,appliance_scheduling,,Green category: appliance_energy_management Topic: appliance_scheduling Rule: IF every day of the week at a configured threshold THEN turn on bedroom lights using WeMo Lighting.,10.19925594329834,15.694106101989746,-3.4237232208251953
rule__T017_S0034,rule_index,green_rule,appliance_energy_management,appliance_energy_management,T017_S0034,,,,T017_S0034,appliance_scheduling,,Green category: appliance_energy_management Topic: appliance_scheduling Rule: IF every day at a configured threshold THEN switch off chandelier using SmartThings.,9.752278327941895,15.394550323486328,-3.394397258758545
rule__T017_S0035,rule_index,green_rule,appliance_energy_management,appliance_energy_management,T017_S0035,,,,T017_S0035,appliance_scheduling,,Green category: appliance_energy_management Topic: appliance_scheduling Rule: IF every weekday morning at 7:00 THEN turn on bedside lamp using WeMo Lighting.,10.20323371887207,15.71854019165039,-3.453183650970459
rule__T017_S0036,rule_index,green_rule,appliance_energy_management,appliance_energy_management,T017_S0036,,,,T017_S0036,appliance_scheduling,,Green category: appliance_energy_management Topic: appliance_scheduling Rule: IF every day of the week at a configured threshold THEN turn on light using WeMo Light Switch at 6:30 A.M.,10.209227561950684,15.746962547302246,-3.414525032043457
rule__T017_S0037,rule_index,green_rule,appliance_energy_management,appliance_energy_management,T017_S0037,,,,T017_S0037,appliance_scheduling,,Green category: appliance_energy_management Topic: appliance_scheduling Rule: IF every day at a configured threshold THEN turn on your heater using WeMo Insight Switch.,10.046253204345703,15.71657657623291,-3.487964391708374
rule__T017_S0038,rule_index,green_rule,appliance_energy_management,appliance_energy_management,T017_S0038,,,,T017_S0038,appliance_scheduling,,Green category: appliance_energy_management Topic: appliance_scheduling Rule: IF every day at a configured threshold THEN turn off front porch light using WeMo Light Switch at 9:00 PM.,10.147080421447754,15.672834396362305,-3.4992902278900146
rule__T017_S0039,rule_index,green_rule,appliance_energy_management,appliance_energy_management,T017_S0039,,,,T017_S0039,appliance_scheduling,,Green category: appliance_energy_management Topic: appliance_scheduling Rule: IF every day at 1:00 AM THEN turn off WeMo light switch.,10.133230209350586,15.713784217834473,-3.518662452697754
rule__T017_S0040,rule_index,green_rule,appliance_energy_management,appliance_energy_management,T017_S0040,,,,T017_S0040,appliance_scheduling,,Green category: appliance_energy_management Topic: appliance_scheduling Rule: IF every day at a configured threshold THEN turn off a WeMo switch at a specified time.,10.053221702575684,15.624689102172852,-3.505028486251831
rule__T017_S0041,rule_index,green_rule,appliance_energy_management,appliance_energy_management,T017_S0041,,,,T017_S0041,appliance_scheduling,,Green category: appliance_energy_management Topic: appliance_scheduling Rule: IF every year on a configured threshold THEN turn off all WeMo Light Switches for Earth Hour.,10.0869140625,15.688504219055176,-3.5353896617889404
rule__T017_S0042,rule_index,green_rule,appliance_energy_management,appliance_energy_management,T017_S0042,,,,T017_S0042,appliance_scheduling,,Green category: appliance_energy_management Topic: appliance_scheduling Rule: IF every day at a configured threshold THEN turn off SmartThings Outlet.,9.699429512023926,15.340270042419434,-3.3417887687683105
rule__T017_S0043,rule_index,green_rule,appliance_energy_management,appliance_energy_management,T017_S0043,,,,T017_S0043,appliance_scheduling,,Green category: appliance_energy_management Topic: appliance_scheduling Rule: IF every day at a configured threshold THEN turn off something using SmartThings.,9.792520523071289,15.423330307006836,-3.3930630683898926
rule__T017_S0046,rule_index,green_rule,appliance_energy_management,appliance_energy_management,T017_S0046,,,,T017_S0046,appliance_scheduling,,Green category: appliance_energy_management Topic: appliance_scheduling Rule: IF every day at 1:00 PM THEN turn on spa using WeMo Smart Plug.,10.26024341583252,15.714072227478027,-3.4476499557495117
rule__T017_S0047,rule_index,green_rule,appliance_energy_management,appliance_energy_management,T017_S0047,,,,T017_S0047,appliance_scheduling,,Green category: appliance_energy_management Topic: appliance_scheduling Rule: IF every night at 8:30 PM THEN turn off lamp using WeMo Smart Plug.,10.163532257080078,15.71512222290039,-3.5017714500427246
rule__T017_S0048,rule_index,green_rule,appliance_energy_management,appliance_energy_management,T017_S0048,,,,T017_S0048,appliance_scheduling,,Green category: appliance_energy_management Topic: appliance_scheduling Rule: IF every day of the week at 2:00 AM THEN switch off WeMo's if still ON.,10.074771881103516,15.589447975158691,-3.522739887237549
rule__T017_S0049,rule_index,green_rule,appliance_energy_management,appliance_energy_management,T017_S0049,,,,T017_S0049,appliance_scheduling,,Green category: appliance_energy_management Topic: appliance_scheduling Rule: IF every Friday at 9:00 PM THEN turn off Zoll TV2.,9.821106910705566,15.461947441101074,-3.3989222049713135
rule__T017_S0051,rule_index,green_rule,appliance_energy_management,appliance_energy_management,T017_S0051,,,,T017_S0051,appliance_scheduling,,Green category: appliance_energy_management Topic: appliance_scheduling Rule: IF every day at a configured threshold THEN switch all security on using Wattio GATE when all family members left home in the morning.,9.802654266357422,15.587114334106445,-3.2541723251342773
rule__T017_S0052,rule_index,green_rule,appliance_energy_management,appliance_energy_management,T017_S0052,,,,T017_S0052,appliance_scheduling,,Green category: appliance_energy_management Topic: appliance_scheduling Rule: IF every day at a configured threshold THEN switch all security off using Wattio GATE when family members return home after work.,9.78367805480957,15.608241081237793,-3.279876470565796
rule__T017_S0053,rule_index,green_rule,appliance_energy_management,appliance_energy_management,T017_S0053,,,,T017_S0053,appliance_scheduling,,Green category: appliance_energy_management Topic: appliance_scheduling Rule: IF every day at a configured threshold THEN make coffee every morning using MicroBot.,9.975323677062988,15.410889625549316,-3.4173970222473145
rule__T017_S0054,rule_index,green_rule,appliance_energy_management,appliance_energy_management,T017_S0054,,,,T017_S0054,appliance_scheduling,,"Green category: appliance_energy_management Topic: appliance_scheduling Rule: IF every hour at a configured threshold THEN set Danfoss ECL in ""Saving"" mode.",9.768842697143555,15.399003028869629,-3.4103622436523438
rule__T017_S0055,rule_index,green_rule,appliance_energy_management,appliance_energy_management,T017_S0055,,,,T017_S0055,appliance_scheduling,,Green category: appliance_energy_management Topic: appliance_scheduling Rule: IF new sleep logged from UP by Jawbone THEN turn on tea kettle using WeMo Smart Plug.,10.288517951965332,15.588518142700195,-3.391061544418335
rule__T017_S0059,rule_index,green_rule,appliance_energy_management,appliance_energy_management,T017_S0059,,,,T017_S0059,appliance_scheduling,,"Green category: appliance_energy_management Topic: appliance_scheduling Rule: IF every day of the week at a configured threshold THEN turn on space heaters using WeMo Smart Plug at 4:30 AM on Mon, Tue, Wed, Thu, and Fri.",10.252083778381348,15.740139961242676,-3.4279584884643555
rule__T017_S0060,rule_index,green_rule,appliance_energy_management,appliance_energy_management,T017_S0060,,,,T017_S0060,appliance_scheduling,,Green category: appliance_energy_management Topic: appliance_scheduling Rule: IF every day at a configured threshold THEN wake me up with light in the morning using WeMo Smart Plug.,10.159558296203613,15.641985893249512,-3.430881977081299
rule__T017_S0065,rule_index,green_rule,appliance_energy_management,appliance_energy_management,T017_S0065,,,,T017_S0065,appliance_scheduling,,Green category: appliance_energy_management Topic: appliance_scheduling Rule: IF every day at a configured threshold THEN turn off porch light when it gets late using WeMo Lighting.,10.270864486694336,15.766031265258789,-3.5471408367156982
rule__T017_S0068,rule_index,green_rule,appliance_energy_management,appliance_energy_management,T017_S0068,,,,T017_S0068,appliance_scheduling,,Green category: appliance_energy_management Topic: appliance_scheduling Rule: IF a device is turned on from HomeSeer THEN turn on WeMo Smart Plug 30 minutes before sunset on weekdays.,10.305071830749512,15.736637115478516,-3.4739770889282227
rule__T017_S0069,rule_index,green_rule,appliance_energy_management,appliance_energy_management,T017_S0069,,,,T017_S0069,appliance_scheduling,,Green category: appliance_energy_management Topic: appliance_scheduling Rule: IF every hour at a configured threshold THEN shut off lights using WeMo Lighting.,10.083101272583008,15.644575119018555,-3.5068023204803467
rule__T017_S0070,rule_index,green_rule,appliance_energy_management,appliance_energy_management,T017_S0070,,,,T017_S0070,appliance_scheduling,,Green category: appliance_energy_management Topic: appliance_scheduling Rule: IF every day at a configured threshold THEN switch off all security using Wattio GATE when family members return home after work.,9.77178955078125,15.614039421081543,-3.2369446754455566
rule__T018_S0001,rule_index,green_rule,lighting_efficiency,lighting_efficiency,T018_S0001,,,,T018_S0001,scheduled_lighting_control,,Green category: lighting_efficiency Topic: scheduled_lighting_control Rule: IF every day at 11:00 PM THEN dim lamp 1 to 20% using Philips Hue.,15.22024917602539,4.821331977844238,7.250854969024658
rule__T018_S0002,rule_index,green_rule,lighting_efficiency,lighting_efficiency,T018_S0002,,,,T018_S0002,scheduled_lighting_control,,Green category: lighting_efficiency Topic: scheduled_lighting_control Rule: IF specific time THEN dim light using Philips Hue.,15.214934349060059,4.807502269744873,7.247400760650635
rule__T018_S0003,rule_index,green_rule,lighting_efficiency,lighting_efficiency,T018_S0003,,,,T018_S0003,scheduled_lighting_control,,Green category: lighting_efficiency Topic: scheduled_lighting_control Rule: IF every day at 9 PM THEN dim lights using Philips Hue.,15.252788543701172,4.775096416473389,7.284941673278809
rule__T018_S0008,rule_index,green_rule,lighting_efficiency,lighting_efficiency,T018_S0008,,,,T018_S0008,scheduled_lighting_control,,Green category: lighting_efficiency Topic: scheduled_lighting_control Rule: IF every day at specified time THEN adjust Hue lights to a softer white for sleep.,15.36384105682373,4.943391799926758,7.391472816467285
rule__T018_S0014,rule_index,green_rule,lighting_efficiency,lighting_efficiency,T018_S0014,,,,T018_S0014,scheduled_lighting_control,,Green category: lighting_efficiency Topic: scheduled_lighting_control Rule: IF every day at specified time THEN dim Hue lights to 66% brightness.,15.342460632324219,4.917654037475586,7.370254039764404
rule__T018_S0015,rule_index,green_rule,lighting_efficiency,lighting_efficiency,T018_S0015,,,,T018_S0015,scheduled_lighting_control,,Green category: lighting_efficiency Topic: scheduled_lighting_control Rule: IF every weekday at 06:45 AM THEN set a scene using Philips Hue.,15.26205825805664,4.809632301330566,7.290515422821045
rule__T018_S0016,rule_index,green_rule,lighting_efficiency,lighting_efficiency,T018_S0016,,,,T018_S0016,scheduled_lighting_control,,Green category: lighting_efficiency Topic: scheduled_lighting_control Rule: IF every weeknight at 11:00 PM THEN set a scene using Philips Hue.,15.21910285949707,4.813453674316406,7.248251914978027
rule__T018_S0023,rule_index,green_rule,lighting_efficiency,lighting_efficiency,T018_S0023,,,,T018_S0023,scheduled_lighting_control,,Green category: lighting_efficiency Topic: scheduled_lighting_control Rule: IF every day at 9 PM THEN dim all lights to 30% using Philips Hue.,15.186928749084473,4.791685104370117,7.225063323974609
rule__T018_S0024,rule_index,green_rule,lighting_efficiency,lighting_efficiency,T018_S0024,,,,T018_S0024,scheduled_lighting_control,,Green category: lighting_efficiency Topic: scheduled_lighting_control Rule: IF weekday morning at specified time THEN set light dim level using Emberlight.,15.388432502746582,4.95453405380249,7.416732311248779
rule__T018_S0025,rule_index,green_rule,lighting_efficiency,lighting_efficiency,T018_S0025,,,,T018_S0025,scheduled_lighting_control,,Green category: lighting_efficiency Topic: scheduled_lighting_control Rule: IF energy saver mode selected on GE Appliances Window AC THEN dim all lights using Philips Hue.,15.144125938415527,4.751370429992676,7.197135925292969
rule__T018_S0035,rule_index,green_rule,lighting_efficiency,lighting_efficiency,T018_S0035,,,,T018_S0035,scheduled_lighting_control,,Green category: lighting_efficiency Topic: scheduled_lighting_control Rule: IF every day at 10:00 PM THEN change color to 3000K using Philips Hue.,15.125784873962402,4.91517972946167,7.149245738983154
rule__T018_S0038,rule_index,green_rule,lighting_efficiency,lighting_efficiency,T018_S0038,,,,T018_S0038,scheduled_lighting_control,,Green category: lighting_efficiency Topic: scheduled_lighting_control Rule: IF every morning at 07:00 THEN turn on lights using Philips Hue.,15.236648559570312,4.791457653045654,7.267693996429443
rule__T018_S0042,rule_index,green_rule,lighting_efficiency,lighting_efficiency,T018_S0042,,,,T018_S0042,scheduled_lighting_control,,Green category: lighting_efficiency Topic: scheduled_lighting_control Rule: IF every day at 4:00 PM THEN turn on Hue lights using Philips Hue.,15.247108459472656,4.823527812957764,7.276506423950195
rule__T018_S0045,rule_index,green_rule,lighting_efficiency,lighting_efficiency,T018_S0045,,,,T018_S0045,scheduled_lighting_control,,Green category: lighting_efficiency Topic: scheduled_lighting_control Rule: IF every day at 5:30 PM THEN turn on Hue lights using Philips Hue.,15.223978996276855,4.815087795257568,7.252709865570068
rule__T018_S0049,rule_index,green_rule,lighting_efficiency,lighting_efficiency,T018_S0049,,,,T018_S0049,scheduled_lighting_control,,Green category: lighting_efficiency Topic: scheduled_lighting_control Rule: IF every day at 3:45 PM THEN turn on lights using Philips Hue.,15.227311134338379,4.84466028213501,7.255733966827393
rule__T018_S0050,rule_index,green_rule,lighting_efficiency,lighting_efficiency,T018_S0050,,,,T018_S0050,scheduled_lighting_control,,Green category: lighting_efficiency Topic: scheduled_lighting_control Rule: IF every day at specified time THEN dim Hue lights to 30%.,15.330774307250977,4.912683486938477,7.35814905166626
rule__T018_S0052,rule_index,green_rule,lighting_efficiency,lighting_efficiency,T018_S0052,,,,T018_S0052,scheduled_lighting_control,,Green category: lighting_efficiency Topic: scheduled_lighting_control Rule: IF every day at 07:00 AM THEN dim lights using Philips Hue.,15.238835334777832,4.78212308883667,7.268675327301025
rule__T018_S0058,rule_index,green_rule,lighting_efficiency,lighting_efficiency,T018_S0058,,,,T018_S0058,scheduled_lighting_control,,Green category: lighting_efficiency Topic: scheduled_lighting_control Rule: IF every day at specified time THEN dim Hue lights in the evening.,15.366138458251953,4.944424629211426,7.393121719360352
rule__T018_S0060,rule_index,green_rule,lighting_efficiency,lighting_efficiency,T018_S0060,,,,T018_S0060,scheduled_lighting_control,,Green category: lighting_efficiency Topic: scheduled_lighting_control Rule: IF every day at 0600 THEN turn on Philips Hue lights until sunrise.,15.289538383483887,4.763426780700684,7.317442417144775
rule__T018_S0065,rule_index,green_rule,lighting_efficiency,lighting_efficiency,T018_S0065,,,,T018_S0065,scheduled_lighting_control,,Green category: lighting_efficiency Topic: scheduled_lighting_control Rule: IF every day at 10:30 PM on M Tu W Th F THEN change color to dark yellow using Philips Hue.,15.190916061401367,4.851609706878662,7.217824935913086
rule__T018_S0066,rule_index,green_rule,lighting_efficiency,lighting_efficiency,T018_S0066,,,,T018_S0066,scheduled_lighting_control,,Green category: lighting_efficiency Topic: scheduled_lighting_control Rule: IF every day at specified time THEN turn Hue lights into a simulated sunrise using Philips Hue.,15.268250465393066,4.83974027633667,7.296174049377441
rule__T018_S0069,rule_index,green_rule,lighting_efficiency,lighting_efficiency,T018_S0069,,,,T018_S0069,scheduled_lighting_control,,Green category: lighting_efficiency Topic: scheduled_lighting_control Rule: IF every day at 1 AM THEN dim front porch light using Philips Hue.,15.222122192382812,4.807868957519531,7.252429485321045
rule__T002_S0001,rule_index,green_rule,lighting_efficiency,lighting_efficiency,T002_S0001,,,,T002_S0001,sunrise_sunset_light_control,,Green category: lighting_efficiency Topic: sunrise_sunset_light_control Rule: IF Sunset from Weather Underground THEN turn off the pool filter-chlorinator using WeMo Smart Plug.,7.585425853729248,-0.7004044651985168,-6.2072625160217285
rule__T002_S0002,rule_index,green_rule,lighting_efficiency,lighting_efficiency,T002_S0002,,,,T002_S0002,sunrise_sunset_light_control,,Green category: lighting_efficiency Topic: sunrise_sunset_light_control Rule: IF Sunrise from Weather Underground THEN turn off WeMo Switch.,7.6076836585998535,-0.7116908431053162,-6.217138290405273
rule__T002_S0003,rule_index,green_rule,lighting_efficiency,lighting_efficiency,T002_S0003,,,,T002_S0003,sunrise_sunset_light_control,,Green category: lighting_efficiency Topic: sunrise_sunset_light_control Rule: IF Sunrise from Weather Underground THEN turn off light using WeMo Smart Plug.,7.53809928894043,-0.6563689112663269,-6.165714263916016
rule__T002_S0004,rule_index,green_rule,lighting_efficiency,lighting_efficiency,T002_S0004,,,,T002_S0004,sunrise_sunset_light_control,,Green category: lighting_efficiency Topic: sunrise_sunset_light_control Rule: IF Sunset from Weather Underground THEN turn on lights using WIFIPLUG.,8.292474746704102,-0.9667541980743408,-6.438670635223389
rule__T002_S0005,rule_index,green_rule,lighting_efficiency,lighting_efficiency,T002_S0005,,,,T002_S0005,sunrise_sunset_light_control,,Green category: lighting_efficiency Topic: sunrise_sunset_light_control Rule: IF Sunrise from Weather Underground THEN turn off lights using WIFIPLUG.,8.28846263885498,-0.9080603122711182,-6.453930377960205
rule__T002_S0006,rule_index,green_rule,lighting_efficiency,lighting_efficiency,T002_S0006,,,,T002_S0006,sunrise_sunset_light_control,,Green category: lighting_efficiency Topic: sunrise_sunset_light_control Rule: IF Sunset from Weather Underground THEN turn on porch light using WeMo Lighting.,7.623696804046631,-0.703033983707428,-6.221378803253174
rule__T002_S0007,rule_index,green_rule,lighting_efficiency,lighting_efficiency,T002_S0007,,,,T002_S0007,sunrise_sunset_light_control,,Green category: lighting_efficiency Topic: sunrise_sunset_light_control Rule: IF Sunset from Weather Underground THEN turn on specific WeMo light.,7.728317737579346,-0.7733376622200012,-6.277704238891602
rule__T002_S0008,rule_index,green_rule,lighting_efficiency,lighting_efficiency,T002_S0008,,,,T002_S0008,sunrise_sunset_light_control,,Green category: lighting_efficiency Topic: sunrise_sunset_light_control Rule: IF Sunrise from Weather Underground THEN turn off WeMo lighting group.,7.62092924118042,-0.730893075466156,-6.228675365447998
rule__T002_S0012,rule_index,green_rule,lighting_efficiency,lighting_efficiency,T002_S0012,,,,T002_S0012,sunrise_sunset_light_control,,Green category: lighting_efficiency Topic: sunrise_sunset_light_control Rule: IF Sunset from Weather Underground THEN dim lights using Philips Hue.,8.685686111450195,-1.800199031829834,-5.589914321899414
rule__T002_S0013,rule_index,green_rule,lighting_efficiency,lighting_efficiency,T002_S0013,,,,T002_S0013,sunrise_sunset_light_control,,Green category: lighting_efficiency Topic: sunrise_sunset_light_control Rule: IF Sunset from Weather Underground THEN change all Philips Hue lights to red.,8.68370532989502,-1.8032227754592896,-5.586329460144043
rule__T002_S0014,rule_index,green_rule,lighting_efficiency,lighting_efficiency,T002_S0014,,,,T002_S0014,sunrise_sunset_light_control,,Green category: lighting_efficiency Topic: sunrise_sunset_light_control Rule: IF Sunset from Weather Underground THEN change light color to orange.,8.308856964111328,-0.887156069278717,-6.414541244506836
rule__T002_S0015,rule_index,green_rule,lighting_efficiency,lighting_efficiency,T002_S0015,,,,T002_S0015,sunrise_sunset_light_control,,Green category: lighting_efficiency Topic: sunrise_sunset_light_control Rule: IF Sunset from Weather Underground THEN switch on Front Porch using SmartThings.,8.203679084777832,-0.9131178855895996,-6.442139625549316
rule__T002_S0016,rule_index,green_rule,lighting_efficiency,lighting_efficiency,T002_S0016,,,,T002_S0016,sunrise_sunset_light_control,,Green category: lighting_efficiency Topic: sunrise_sunset_light_control Rule: IF Sunset from Weather Underground THEN turn on lights using Philips Hue 30 minutes before sunset.,8.684560775756836,-1.7969684600830078,-5.59166145324707
rule__T002_S0017,rule_index,green_rule,lighting_efficiency,lighting_efficiency,T002_S0017,,,,T002_S0017,sunrise_sunset_light_control,,Green category: lighting_efficiency Topic: sunrise_sunset_light_control Rule: IF Sunset from Weather Underground THEN turn on lights.,8.32927131652832,-0.9107602834701538,-6.404541969299316
rule__T002_S0019,rule_index,green_rule,lighting_efficiency,lighting_efficiency,T002_S0019,,,,T002_S0019,sunrise_sunset_light_control,,Green category: lighting_efficiency Topic: sunrise_sunset_light_control Rule: IF Sunset from Weather Underground THEN turn on hue lights.,8.485136032104492,-1.2366130352020264,-6.196496486663818
rule__T002_S0022,rule_index,green_rule,lighting_efficiency,lighting_efficiency,T002_S0022,,,,T002_S0022,sunrise_sunset_light_control,,Green category: lighting_efficiency Topic: sunrise_sunset_light_control Rule: IF Sunset from Weather Underground THEN start color loop using Philips Hue.,8.676115036010742,-1.7926387786865234,-5.596831798553467
rule__T002_S0025,rule_index,green_rule,lighting_efficiency,lighting_efficiency,T002_S0025,,,,T002_S0025,sunrise_sunset_light_control,,Green category: lighting_efficiency Topic: sunrise_sunset_light_control Rule: IF Sunrise from Weather Underground THEN turn off porch lights using Philips Hue.,8.661961555480957,-1.7704637050628662,-5.619100093841553
rule__T002_S0027,rule_index,green_rule,lighting_efficiency,lighting_efficiency,T002_S0027,,,,T002_S0027,sunrise_sunset_light_control,,Green category: lighting_efficiency Topic: sunrise_sunset_light_control Rule: IF Sunrise from Weather Underground THEN turn off lights using LIFX.,8.625782012939453,-0.6136602759361267,-6.528986930847168
rule__T002_S0029,rule_index,green_rule,lighting_efficiency,lighting_efficiency,T002_S0029,,,,T002_S0029,sunrise_sunset_light_control,,Green category: lighting_efficiency Topic: sunrise_sunset_light_control Rule: IF Sunset from Weather Underground THEN change color of lights using LIFX.,8.72103214263916,-0.5301232933998108,-6.542164325714111
rule__T002_S0030,rule_index,green_rule,lighting_efficiency,lighting_efficiency,T002_S0030,,,,T002_S0030,sunrise_sunset_light_control,,Green category: lighting_efficiency Topic: sunrise_sunset_light_control Rule: IF Sunrise from Weather Underground THEN change color of lights using LIFX.,8.688557624816895,-0.5702642202377319,-6.5500593185424805
rule__T002_S0033,rule_index,green_rule,lighting_efficiency,lighting_efficiency,T002_S0033,,,,T002_S0033,sunrise_sunset_light_control,,Green category: lighting_efficiency Topic: sunrise_sunset_light_control Rule: IF Sunset from Weather Underground THEN activate LIFX Scene.,8.695056915283203,-0.559947669506073,-6.558880805969238
rule__T002_S0036,rule_index,green_rule,lighting_efficiency,lighting_efficiency,T002_S0036,,,,T002_S0036,sunrise_sunset_light_control,,Green category: lighting_efficiency Topic: sunrise_sunset_light_control Rule: IF Sunset from Weather Underground THEN turn on a LightwaveRF Dimmer.,8.279566764831543,-0.806076169013977,-6.471900463104248
rule__T002_S0037,rule_index,green_rule,lighting_efficiency,lighting_efficiency,T002_S0037,,,,T002_S0037,sunrise_sunset_light_control,,Green category: lighting_efficiency Topic: sunrise_sunset_light_control Rule: IF Sunset from Weather Underground THEN turn on any LightwaveRF light.,8.342681884765625,-0.7747719287872314,-6.520312786102295
rule__T002_S0038,rule_index,green_rule,lighting_efficiency,lighting_efficiency,T002_S0038,,,,T002_S0038,sunrise_sunset_light_control,,Green category: lighting_efficiency Topic: sunrise_sunset_light_control Rule: IF Sunrise from Weather Underground THEN turn off lights using LightwaveRF Lighting.,8.331549644470215,-0.773749589920044,-6.502551555633545
rule__T002_S0039,rule_index,green_rule,lighting_efficiency,lighting_efficiency,T002_S0039,,,,T002_S0039,sunrise_sunset_light_control,,Green category: lighting_efficiency Topic: sunrise_sunset_light_control Rule: IF Sunset from Weather Underground THEN switch porch light ON.,8.181325912475586,-1.0144591331481934,-6.404821872711182
rule__T002_S0040,rule_index,green_rule,lighting_efficiency,lighting_efficiency,T002_S0040,,,,T002_S0040,sunrise_sunset_light_control,,Green category: lighting_efficiency Topic: sunrise_sunset_light_control Rule: IF Sunset from Weather Underground THEN bring lights up to 40%.,8.353354454040527,-0.9246453046798706,-6.402518272399902
rule__T002_S0041,rule_index,green_rule,lighting_efficiency,lighting_efficiency,T002_S0041,,,,T002_S0041,sunrise_sunset_light_control,,Green category: lighting_efficiency Topic: sunrise_sunset_light_control Rule: IF 1 hour before sunset in London THEN turn on all lights.,8.401586532592773,-0.8931156992912292,-6.40069580078125
rule__T002_S0042,rule_index,green_rule,lighting_efficiency,lighting_efficiency,T002_S0042,,,,T002_S0042,sunrise_sunset_light_control,,Green category: lighting_efficiency Topic: sunrise_sunset_light_control Rule: IF Sunset from Weather Underground THEN turn on Hue Lamp.,8.526185035705566,-1.3230652809143066,-6.117717266082764
rule__T002_S0045,rule_index,green_rule,lighting_efficiency,lighting_efficiency,T002_S0045,,,,T002_S0045,sunrise_sunset_light_control,,Green category: lighting_efficiency Topic: sunrise_sunset_light_control Rule: IF Sunset from Weather Underground THEN turn on Front Porch using WeMo Light Switch.,7.6011433601379395,-0.7209324836730957,-6.224913597106934
rule__T002_S0047,rule_index,green_rule,lighting_efficiency,lighting_efficiency,T002_S0047,,,,T002_S0047,sunrise_sunset_light_control,,Green category: lighting_efficiency Topic: sunrise_sunset_light_control Rule: IF Sunset from Weather Underground THEN turn on Group Lighting.,8.314640998840332,-0.9150229692459106,-6.424935817718506
rule__T002_S0048,rule_index,green_rule,lighting_efficiency,lighting_efficiency,T002_S0048,,,,T002_S0048,sunrise_sunset_light_control,,Green category: lighting_efficiency Topic: sunrise_sunset_light_control Rule: IF Sunset from Weather Underground THEN turn on Hall Cube Lamp using WeMo Smart Plug.,7.558223724365234,-0.6854337453842163,-6.193536281585693
rule__T002_S0049,rule_index,green_rule,lighting_efficiency,lighting_efficiency,T002_S0049,,,,T002_S0049,sunrise_sunset_light_control,,Green category: lighting_efficiency Topic: sunrise_sunset_light_control Rule: IF Sunrise from Weather Underground THEN switch on Lights using WeMo Smart Plug.,7.565226078033447,-0.6944926381111145,-6.201304912567139
rule__T002_S0050,rule_index,green_rule,lighting_efficiency,lighting_efficiency,T002_S0050,,,,T002_S0050,sunrise_sunset_light_control,,Green category: lighting_efficiency Topic: sunrise_sunset_light_control Rule: IF Sunset from Weather Underground THEN turn lights on.,8.327031135559082,-0.9369112253189087,-6.440437316894531
rule__T002_S0051,rule_index,green_rule,lighting_efficiency,lighting_efficiency,T002_S0051,,,,T002_S0051,sunrise_sunset_light_control,,Green category: lighting_efficiency Topic: sunrise_sunset_light_control Rule: IF Sunset from Weather Underground THEN turn lights on within 15 minutes of sunset.,8.339168548583984,-0.8258550763130188,-6.356931686401367
rule__T002_S0060,rule_index,green_rule,lighting_efficiency,lighting_efficiency,T002_S0060,,,,T002_S0060,sunrise_sunset_light_control,,Green category: lighting_efficiency Topic: sunrise_sunset_light_control Rule: IF Sunrise from Weather Underground THEN turn lights off using LIFX.,8.684069633483887,-0.5694833397865295,-6.5634684562683105
rule__T002_S0061,rule_index,green_rule,lighting_efficiency,lighting_efficiency,T002_S0061,,,,T002_S0061,sunrise_sunset_light_control,,Green category: lighting_efficiency Topic: sunrise_sunset_light_control Rule: IF Sunset from Weather Underground THEN turn lights on using LIFX.,8.69780158996582,-0.5575538277626038,-6.558522701263428
rule__T002_S0063,rule_index,green_rule,lighting_efficiency,lighting_efficiency,T002_S0063,,,,T002_S0063,sunrise_sunset_light_control,,Green category: lighting_efficiency Topic: sunrise_sunset_light_control Rule: IF Sunset from Weather Underground THEN dim your lights to a golden glow.,8.34561538696289,-0.9286165833473206,-6.402676105499268
rule__T002_S0065,rule_index,green_rule,lighting_efficiency,lighting_efficiency,T002_S0065,,,,T002_S0065,sunrise_sunset_light_control,,Green category: lighting_efficiency Topic: sunrise_sunset_light_control Rule: IF Sunset from Weather Underground THEN fade on the lights.,8.241167068481445,-0.8282366394996643,-6.523224353790283
rule__T002_S0069,rule_index,green_rule,lighting_efficiency,lighting_efficiency,T002_S0069,,,,T002_S0069,sunrise_sunset_light_control,,Green category: lighting_efficiency Topic: sunrise_sunset_light_control Rule: IF Sunset from Weather Underground THEN turn on outside lights.,8.293852806091309,-0.8871482014656067,-6.447558403015137
rule__T002_S0070,rule_index,green_rule,lighting_efficiency,lighting_efficiency,T002_S0070,,,,T002_S0070,sunrise_sunset_light_control,,Green category: lighting_efficiency Topic: sunrise_sunset_light_control Rule: IF Sunset from Weather Underground THEN turn on a Hue light.,8.510852813720703,-1.2731032371520996,-6.166673183441162
rule__T002_S0072,rule_index,green_rule,lighting_efficiency,lighting_efficiency,T002_S0072,,,,T002_S0072,sunrise_sunset_light_control,,Green category: lighting_efficiency Topic: sunrise_sunset_light_control Rule: IF Sunset from Weather Underground THEN automatically turn on your lights.,8.393747329711914,-0.8842904567718506,-6.370131015777588
rule__T002_S0073,rule_index,green_rule,lighting_efficiency,lighting_efficiency,T002_S0073,,,,T002_S0073,sunrise_sunset_light_control,,Green category: lighting_efficiency Topic: sunrise_sunset_light_control Rule: IF Sunset from Weather Underground THEN turn on HUE lamps.,8.545585632324219,-1.3448606729507446,-6.100594520568848
rule__T002_S0074,rule_index,green_rule,lighting_efficiency,lighting_efficiency,T002_S0074,,,,T002_S0074,sunrise_sunset_light_control,,Green category: lighting_efficiency Topic: sunrise_sunset_light_control Rule: IF Sunset from Weather Underground THEN turn on lights before sunset.,8.435087203979492,-0.9961205720901489,-6.335965156555176
rule__T002_S0075,rule_index,green_rule,lighting_efficiency,lighting_efficiency,T002_S0075,,,,T002_S0075,sunrise_sunset_light_control,,Green category: lighting_efficiency Topic: sunrise_sunset_light_control Rule: IF Sunset from Weather Underground THEN turn on the lights if it's almost sunset.,8.39477825164795,-0.972059965133667,-6.373501300811768
rule__T002_S0077,rule_index,green_rule,lighting_efficiency,lighting_efficiency,T002_S0077,,,,T002_S0077,sunrise_sunset_light_control,,Green category: lighting_efficiency Topic: sunrise_sunset_light_control Rule: IF Sunset from Weather Underground THEN turn on lights based on sunset time.,8.378207206726074,-0.9659054279327393,-6.35521125793457
rule__T002_S0080,rule_index,green_rule,lighting_efficiency,lighting_efficiency,T002_S0080,,,,T002_S0080,sunrise_sunset_light_control,,Green category: lighting_efficiency Topic: sunrise_sunset_light_control Rule: IF Sunset from Weather Underground THEN turn Hue lights on.,8.486045837402344,-1.2242509126663208,-6.207223892211914
rule__T002_S0081,rule_index,green_rule,lighting_efficiency,lighting_efficiency,T002_S0081,,,,T002_S0081,sunrise_sunset_light_control,,Green category: lighting_efficiency Topic: sunrise_sunset_light_control Rule: IF Sunset from Weather Underground THEN automatically turn on your Hue lights just before sunset.,8.506767272949219,-1.2629046440124512,-6.16497802734375
rule__T002_S0084,rule_index,green_rule,lighting_efficiency,lighting_efficiency,T002_S0084,,,,T002_S0084,sunrise_sunset_light_control,,Green category: lighting_efficiency Topic: sunrise_sunset_light_control Rule: IF Sunset from Weather Underground THEN turn on MiHome plug at Sunset.,8.408125877380371,-0.970804750919342,-6.4712934494018555
rule__T002_S0085,rule_index,green_rule,lighting_efficiency,lighting_efficiency,T002_S0085,,,,T002_S0085,sunrise_sunset_light_control,,Green category: lighting_efficiency Topic: sunrise_sunset_light_control Rule: IF Sunset from Weather Underground THEN switch your Mi|Home adapter ON at sunset.,8.443833351135254,-0.9847133159637451,-6.456207275390625
rule__T002_S0089,rule_index,green_rule,lighting_efficiency,lighting_efficiency,T002_S0089,,,,T002_S0089,sunrise_sunset_light_control,,Green category: lighting_efficiency Topic: sunrise_sunset_light_control Rule: IF Sunset from Weather Underground THEN turn outside lights on.,8.308389663696289,-1.0002516508102417,-6.509087085723877
rule__T002_S0090,rule_index,green_rule,lighting_efficiency,lighting_efficiency,T002_S0090,,,,T002_S0090,sunrise_sunset_light_control,,Green category: lighting_efficiency Topic: sunrise_sunset_light_control Rule: IF Sunrise from Weather Underground THEN turn on the lights.,8.366013526916504,-0.9076522588729858,-6.511468887329102
rule__T002_S0092,rule_index,green_rule,lighting_efficiency,lighting_efficiency,T002_S0092,,,,T002_S0092,sunrise_sunset_light_control,,Green category: lighting_efficiency Topic: sunrise_sunset_light_control Rule: IF Sunrise from Weather Underground THEN turn off lights using Philips Hue.,8.65700626373291,-1.768041968345642,-5.62214469909668
rule__T002_S0094,rule_index,green_rule,lighting_efficiency,lighting_efficiency,T002_S0094,,,,T002_S0094,sunrise_sunset_light_control,,Green category: lighting_efficiency Topic: sunrise_sunset_light_control Rule: IF Sunrise from Weather Underground THEN turn off hue at sunrise.,8.46989631652832,-1.1863316297531128,-6.239019870758057
rule__T002_S0095,rule_index,green_rule,lighting_efficiency,lighting_efficiency,T002_S0095,,,,T002_S0095,sunrise_sunset_light_control,,Green category: lighting_efficiency Topic: sunrise_sunset_light_control Rule: IF Sunrise from Weather Underground THEN turn off front porch light.,8.259393692016602,-0.9762188792228699,-6.447575092315674
rule__T002_S0097,rule_index,green_rule,lighting_efficiency,lighting_efficiency,T002_S0097,,,,T002_S0097,sunrise_sunset_light_control,,Green category: lighting_efficiency Topic: sunrise_sunset_light_control Rule: IF Sunrise from Weather Underground THEN keep your HUE lights OFF.,8.523407936096191,-1.3043628931045532,-6.156170845031738
rule__T002_S0098,rule_index,green_rule,lighting_efficiency,lighting_efficiency,T002_S0098,,,,T002_S0098,sunrise_sunset_light_control,,Green category: lighting_efficiency Topic: sunrise_sunset_light_control Rule: IF Sunrise from Weather Underground THEN turn off hue lights at sunrise.,8.47096061706543,-1.1876615285873413,-6.2379279136657715
rule__T002_S0099,rule_index,green_rule,lighting_efficiency,lighting_efficiency,T002_S0099,,,,T002_S0099,sunrise_sunset_light_control,,Green category: lighting_efficiency Topic: sunrise_sunset_light_control Rule: IF Sunrise from Weather Underground THEN turn off lights at sunrise.,8.330723762512207,-0.9344825148582458,-6.434992790222168
rule__T002_S0100,rule_index,green_rule,lighting_efficiency,lighting_efficiency,T002_S0100,,,,T002_S0100,sunrise_sunset_light_control,,Green category: lighting_efficiency Topic: sunrise_sunset_light_control Rule: IF Sunrise from Weather Underground THEN turn off lights.,8.36762809753418,-0.947963535785675,-6.4476542472839355
rule__T002_S0101,rule_index,green_rule,lighting_efficiency,lighting_efficiency,T002_S0101,,,,T002_S0101,sunrise_sunset_light_control,,Green category: lighting_efficiency Topic: sunrise_sunset_light_control Rule: IF Sunset from Weather Underground THEN Turn on lights using Philips Hue.,8.705477714538574,-1.819380283355713,-5.57111120223999
rule__T002_S0106,rule_index,green_rule,lighting_efficiency,lighting_efficiency,T002_S0106,,,,T002_S0106,sunrise_sunset_light_control,,Green category: lighting_efficiency Topic: sunrise_sunset_light_control Rule: IF Sunrise from Weather Underground THEN Change color using Philips Hue.,8.64473819732666,-1.8211904764175415,-5.568690299987793
rule__T002_S0108,rule_index,green_rule,lighting_efficiency,lighting_efficiency,T002_S0108,,,,T002_S0108,sunrise_sunset_light_control,,Green category: lighting_efficiency Topic: sunrise_sunset_light_control Rule: IF Sunset from Weather Underground THEN Dim lights using Philips Hue.,8.697580337524414,-1.7552419900894165,-5.63628625869751
rule__T002_S0112,rule_index,green_rule,lighting_efficiency,lighting_efficiency,T002_S0112,,,,T002_S0112,sunrise_sunset_light_control,,Green category: lighting_efficiency Topic: sunrise_sunset_light_control Rule: IF Sunrise from Weather Underground THEN Change to random color using Philips Hue.,8.641393661499023,-1.7620521783828735,-5.6288743019104
rule__T002_S0119,rule_index,green_rule,lighting_efficiency,lighting_efficiency,T002_S0119,,,,T002_S0119,sunrise_sunset_light_control,,Green category: lighting_efficiency Topic: sunrise_sunset_light_control Rule: IF Sunset from Weather Underground THEN Turn light on using Emberlight.,8.310876846313477,-0.861773669719696,-6.485110759735107
rule__T002_S0128,rule_index,green_rule,lighting_efficiency,lighting_efficiency,T002_S0128,,,,T002_S0128,sunrise_sunset_light_control,,Green category: lighting_efficiency Topic: sunrise_sunset_light_control Rule: IF Sunset from Weather Underground THEN Switch on using Wattio POD.,8.057954788208008,-0.8383365273475647,-6.339051723480225
rule__T002_S0130,rule_index,green_rule,lighting_efficiency,lighting_efficiency,T002_S0130,,,,T002_S0130,sunrise_sunset_light_control,,Green category: lighting_efficiency Topic: sunrise_sunset_light_control Rule: IF Sunset from Weather Underground THEN Switch on using SmartThings.,8.199480056762695,-0.8850312232971191,-6.4452080726623535
rule__T002_S0135,rule_index,green_rule,lighting_efficiency,lighting_efficiency,T002_S0135,,,,T002_S0135,sunrise_sunset_light_control,,Green category: lighting_efficiency Topic: sunrise_sunset_light_control Rule: IF Sunset from Weather Underground THEN Turn on using WeMo Smart Plug.,7.526409149169922,-0.6692536473274231,-6.175093650817871
rule__T002_S0141,rule_index,green_rule,lighting_efficiency,lighting_efficiency,T002_S0141,,,,T002_S0141,sunrise_sunset_light_control,,Green category: lighting_efficiency Topic: sunrise_sunset_light_control Rule: IF Sunrise from Weather Underground THEN Turn on using WeMo Smart Plug.,7.5257720947265625,-0.6946456432342529,-6.207469463348389
rule__T002_S0142,rule_index,green_rule,lighting_efficiency,lighting_efficiency,T002_S0142,,,,T002_S0142,sunrise_sunset_light_control,,Green category: lighting_efficiency Topic: sunrise_sunset_light_control Rule: IF Sunset from Weather Underground THEN Turn on using WeMo Light Switch.,7.583017826080322,-0.7429139018058777,-6.2478532791137695
rule__T020_S0001,rule_index,green_rule,standby_reduction,standby_reduction,T020_S0001,,,,T020_S0001,location_based_device_control,,Green category: standby_reduction Topic: location_based_device_control Rule: IF You exit an area from Location THEN Turn off using WeMo Smart Plug.,10.54645824432373,3.4252936840057373,8.395755767822266
rule__T020_S0007,rule_index,green_rule,standby_reduction,standby_reduction,T020_S0007,,,,T020_S0007,location_based_device_control,,Green category: standby_reduction Topic: location_based_device_control Rule: IF Somebody leaves home from Sen.se Mother THEN Turn off using WeMo Insight Switch.,10.518404006958008,3.4623377323150635,8.388033866882324
rule__T020_S0008,rule_index,green_rule,standby_reduction,standby_reduction,T020_S0008,,,,T020_S0008,location_based_device_control,,Green category: standby_reduction Topic: location_based_device_control Rule: IF Enter a SIGNUL beacon zone from SIGNUL Beacon THEN Switch on using SmartThings.,10.737848281860352,3.459285259246826,8.377306938171387
rule__T020_S0009,rule_index,green_rule,standby_reduction,standby_reduction,T020_S0009,,,,T020_S0009,location_based_device_control,,Green category: standby_reduction Topic: location_based_device_control Rule: IF You exit an area from Location THEN Press MicroBot using MicroBot Push for Prota.,10.566777229309082,3.4600374698638916,8.375911712646484
rule__T020_S0010,rule_index,green_rule,standby_reduction,standby_reduction,T020_S0010,,,,T020_S0010,location_based_device_control,,Green category: standby_reduction Topic: location_based_device_control Rule: IF You exit an area from Location THEN Power off device using Energenie Mi|Home.,10.589132308959961,3.4554638862609863,8.351705551147461
rule__T020_S0011,rule_index,green_rule,standby_reduction,standby_reduction,T020_S0011,,,,T020_S0011,location_based_device_control,,Green category: standby_reduction Topic: location_based_device_control Rule: IF You exit an area from Location THEN Turn off using WeMo Insight Switch.,10.573199272155762,3.4687652587890625,8.355154037475586
rule__T020_S0021,rule_index,green_rule,standby_reduction,standby_reduction,T020_S0021,,,,T020_S0021,location_based_device_control,,Green category: standby_reduction Topic: location_based_device_control Rule: IF You enter an area from Location THEN Turn on using WeMo Insight Switch.,10.532867431640625,3.420030355453491,8.408489227294922
rule__T020_S0027,rule_index,green_rule,standby_reduction,standby_reduction,T020_S0027,,,,T020_S0027,location_based_device_control,,Green category: standby_reduction Topic: location_based_device_control Rule: IF Exit a SIGNUL beacon zone from SIGNUL Beacon THEN Turn off using WeMo Light Switch.,10.589311599731445,3.4204115867614746,8.326838493347168
rule__T020_S0036,rule_index,green_rule,standby_reduction,standby_reduction,T020_S0036,,,,T020_S0036,location_based_device_control,,Green category: standby_reduction Topic: location_based_device_control Rule: IF You exit an area from Location THEN Turn off using WeMo Light Switch.,10.549784660339355,3.4318928718566895,8.388360977172852
rule__T021_S0002,rule_index,green_rule,lighting_efficiency,lighting_efficiency,T021_S0002,,,,T021_S0002,arrival_lighting_control,,Green category: lighting_efficiency Topic: arrival_lighting_control Rule: IF Ignition turned on from Automatic Classic THEN turn off a group of lights using WeMo Lighting.,13.382006645202637,2.6985342502593994,6.287848472595215
rule__T021_S0003,rule_index,green_rule,lighting_efficiency,lighting_efficiency,T021_S0003,,,,T021_S0003,arrival_lighting_control,,Green category: lighting_efficiency Topic: arrival_lighting_control Rule: IF occupancy detected from Stack Lighting THEN turn on lights using Philips Hue.,13.28671646118164,2.9980921745300293,6.537496089935303
rule__T021_S0005,rule_index,green_rule,lighting_efficiency,lighting_efficiency,T021_S0005,,,,T021_S0005,arrival_lighting_control,,Green category: lighting_efficiency Topic: arrival_lighting_control Rule: IF Ignition turned off in area from Automatic Classic THEN turn on lights using LIFX.,13.424256324768066,2.6170661449432373,6.232259273529053
rule__T021_S0006,rule_index,green_rule,lighting_efficiency,lighting_efficiency,T021_S0006,,,,T021_S0006,arrival_lighting_control,,Green category: lighting_efficiency Topic: arrival_lighting_control Rule: IF Ignition turned off in area from Automatic Classic THEN turn on using WeMo Insight Switch.,13.386664390563965,2.6783597469329834,6.2669997215271
rule__T021_S0014,rule_index,green_rule,lighting_efficiency,lighting_efficiency,T021_S0014,,,,T021_S0014,arrival_lighting_control,,Green category: lighting_efficiency Topic: arrival_lighting_control Rule: IF Ignition turned off in area from Automatic Classic THEN turn on lights using Stack Lighting.,13.370512008666992,2.7210302352905273,6.310878753662109
rule__T021_S0019,rule_index,green_rule,lighting_efficiency,lighting_efficiency,T021_S0019,,,,T021_S0019,arrival_lighting_control,,Green category: lighting_efficiency Topic: arrival_lighting_control Rule: IF you enter an area from Location THEN turn on lights using Philips Hue.,13.21022891998291,3.0352134704589844,6.58064603805542
rule__T021_S0024,rule_index,green_rule,lighting_efficiency,lighting_efficiency,T021_S0024,,,,T021_S0024,arrival_lighting_control,,Green category: lighting_efficiency Topic: arrival_lighting_control Rule: IF you enter an area from Location THEN set a scene in a room using Philips Hue.,13.195265769958496,3.0316057205200195,6.5916032791137695
rule__T021_S0027,rule_index,green_rule,lighting_efficiency,lighting_efficiency,T021_S0027,,,,T021_S0027,arrival_lighting_control,,Green category: lighting_efficiency Topic: arrival_lighting_control Rule: IF Ignition turned off in area from Automatic Classic THEN turn on lights using Philips Hue.,13.321779251098633,2.9350545406341553,6.477384090423584
rule__T021_S0028,rule_index,green_rule,lighting_efficiency,lighting_efficiency,T021_S0028,,,,T021_S0028,arrival_lighting_control,,Green category: lighting_efficiency Topic: arrival_lighting_control Rule: IF Ignition turned on in area from Automatic Classic THEN turn off lights using Philips Hue.,13.340442657470703,2.8898794651031494,6.437042713165283
rule__T021_S0030,rule_index,green_rule,lighting_efficiency,lighting_efficiency,T021_S0030,,,,T021_S0030,arrival_lighting_control,,Green category: lighting_efficiency Topic: arrival_lighting_control Rule: IF somebody arrives home from Sen.se Mother THEN turn on lights using Philips Hue.,13.250885963439941,2.9997732639312744,6.553380966186523
rule__T021_S0036,rule_index,green_rule,lighting_efficiency,lighting_efficiency,T021_S0036,,,,T021_S0036,arrival_lighting_control,,Green category: lighting_efficiency Topic: arrival_lighting_control Rule: IF Ignition turned on from Automatic Classic THEN turn lights off using LIFX.,13.42430591583252,2.614946126937866,6.232497215270996
rule__T021_S0042,rule_index,green_rule,lighting_efficiency,lighting_efficiency,T021_S0042,,,,T021_S0042,arrival_lighting_control,,Green category: lighting_efficiency Topic: arrival_lighting_control Rule: IF door unlocked from Danalock THEN turn on lights using Philips Hue.,13.2669677734375,2.997483968734741,6.553441047668457
rule__T021_S0050,rule_index,green_rule,lighting_efficiency,lighting_efficiency,T021_S0050,,,,T021_S0050,arrival_lighting_control,,Green category: lighting_efficiency Topic: arrival_lighting_control Rule: IF A/C turned on from IntesisHome THEN turn on lights using Philips Hue.,13.329408645629883,3.052520751953125,6.526398658752441
rule__T022_S0004,rule_index,green_rule,comfort_security,comfort_security,T022_S0004,,,,T022_S0004,scene_activation_control,,Green category: comfort_security Topic: scene_activation_control Rule: IF Button press from Button widget THEN Turn off using WIFIPLUG.,13.660923957824707,13.98165225982666,3.798328161239624
rule__T022_S0005,rule_index,green_rule,comfort_security,comfort_security,T022_S0005,,,,T022_S0005,scene_activation_control,,Green category: comfort_security Topic: scene_activation_control Rule: IF Button press from Button widget THEN Turn off then on using WeMo Light Switch.,13.642870903015137,13.991447448730469,3.775991201400757
rule__T022_S0007,rule_index,green_rule,comfort_security,comfort_security,T022_S0007,,,,T022_S0007,scene_activation_control,,Green category: comfort_security Topic: scene_activation_control Rule: IF Button press from Button widget THEN Turn on using WeMo Light Switch.,13.60224723815918,13.98984432220459,3.729696035385132
rule__T022_S0008,rule_index,green_rule,comfort_security,comfort_security,T022_S0008,,,,T022_S0008,scene_activation_control,,Green category: comfort_security Topic: scene_activation_control Rule: IF Button press from Button widget THEN Turn on lights using Stack Lighting.,13.660845756530762,13.98704719543457,3.798102378845215
rule__T022_S0009,rule_index,green_rule,comfort_security,comfort_security,T022_S0009,,,,T022_S0009,scene_activation_control,,Green category: comfort_security Topic: scene_activation_control Rule: IF Button press from Button widget THEN Turn off lights using Stack Lighting.,13.642765998840332,13.969738960266113,3.7760770320892334
rule__T022_S0010,rule_index,green_rule,comfort_security,comfort_security,T022_S0010,,,,T022_S0010,scene_activation_control,,Green category: comfort_security Topic: scene_activation_control Rule: IF Button press from Button widget THEN Turn on then off using WeMo Light Switch.,13.6304931640625,13.977522850036621,3.7605247497558594
rule__T022_S0013,rule_index,green_rule,comfort_security,comfort_security,T022_S0013,,,,T022_S0013,scene_activation_control,,Green category: comfort_security Topic: scene_activation_control Rule: IF Button press from Button widget THEN Turn off lights using Philips Hue.,13.710495948791504,13.92386245727539,3.847817897796631
rule__T022_S0017,rule_index,green_rule,comfort_security,comfort_security,T022_S0017,,,,T022_S0017,scene_activation_control,,Green category: comfort_security Topic: scene_activation_control Rule: IF Button press from Button widget THEN Turn A/C on using Sensibo.,13.692710876464844,14.007935523986816,3.819669723510742
rule__T022_S0021,rule_index,green_rule,comfort_security,comfort_security,T022_S0021,,,,T022_S0021,scene_activation_control,,Green category: comfort_security Topic: scene_activation_control Rule: IF Button press from Button widget THEN Turn off a wireless accessory using Bhome.,13.658964157104492,13.983449935913086,3.7959067821502686
rule__T022_S0044,rule_index,green_rule,comfort_security,comfort_security,T022_S0044,,,,T022_S0044,scene_activation_control,,Green category: comfort_security Topic: scene_activation_control Rule: IF Button press from Wink Relay THEN Turn A/C on using Sensibo.,13.677353858947754,13.995307922363281,3.797943592071533
rule__T022_S0050,rule_index,green_rule,comfort_security,comfort_security,T022_S0050,,,,T022_S0050,scene_activation_control,,Green category: comfort_security Topic: scene_activation_control Rule: IF Button press from Button widget THEN Dim a device using HomeSeer.,13.656339645385742,13.990554809570312,3.792778491973877
rule__T023_S0001,rule_index,green_rule,lighting_efficiency,lighting_efficiency,T023_S0001,,,,T023_S0001,alexa_light_control,,Green category: lighting_efficiency Topic: alexa_light_control Rule: IF Say a specific phrase from Amazon Alexa THEN Toggle light on/off using Emberlight.,18.53844451904297,-4.0584330558776855,-5.336836338043213
rule__T023_S0002,rule_index,green_rule,lighting_efficiency,lighting_efficiency,T023_S0002,,,,T023_S0002,alexa_light_control,,Green category: lighting_efficiency Topic: alexa_light_control Rule: IF Say a specific phrase from Amazon Alexa THEN Turn off lights using Philips Hue.,18.684078216552734,-3.34688663482666,-5.449850082397461
rule__T023_S0003,rule_index,green_rule,lighting_efficiency,lighting_efficiency,T023_S0003,,,,T023_S0003,alexa_light_control,,Green category: lighting_efficiency Topic: alexa_light_control Rule: IF Say a specific phrase from Amazon Alexa THEN Turn off all hue lights using Philips Hue.,18.681957244873047,-3.35025954246521,-5.456625461578369
rule__T023_S0004,rule_index,green_rule,lighting_efficiency,lighting_efficiency,T023_S0004,,,,T023_S0004,alexa_light_control,,Green category: lighting_efficiency Topic: alexa_light_control Rule: IF Say a specific phrase from Amazon Alexa THEN Turn off Hue lights using Philips Hue.,18.683748245239258,-3.3571035861968994,-5.458165168762207
rule__T023_S0006,rule_index,green_rule,lighting_efficiency,lighting_efficiency,T023_S0006,,,,T023_S0006,alexa_light_control,,Green category: lighting_efficiency Topic: alexa_light_control Rule: IF Say a specific phrase from Amazon Alexa THEN Turn off hue lights using Philips Hue.,18.649261474609375,-3.3813295364379883,-5.425081253051758
rule__T023_S0007,rule_index,green_rule,lighting_efficiency,lighting_efficiency,T023_S0007,,,,T023_S0007,alexa_light_control,,Green category: lighting_efficiency Topic: alexa_light_control Rule: IF Say a specific phrase from Amazon Alexa THEN Turn AC off using tado Air Conditioning.,18.76433563232422,-3.859731435775757,-5.550455570220947
rule__T023_S0008,rule_index,green_rule,lighting_efficiency,lighting_efficiency,T023_S0008,,,,T023_S0008,alexa_light_control,,Green category: lighting_efficiency Topic: alexa_light_control Rule: IF Say a specific phrase from Amazon Alexa THEN Switch on a light controlled by SmartThings in a room called Family Room.,18.662254333496094,-3.916435480117798,-5.439074516296387
rule__T023_S0009,rule_index,green_rule,lighting_efficiency,lighting_efficiency,T023_S0009,,,,T023_S0009,alexa_light_control,,Green category: lighting_efficiency Topic: alexa_light_control Rule: IF Say a specific phrase from Amazon Alexa THEN Turn your outlet on using anythings.co.,18.6356143951416,-3.953664779663086,-5.432784557342529
rule__T023_S0010,rule_index,green_rule,lighting_efficiency,lighting_efficiency,T023_S0010,,,,T023_S0010,alexa_light_control,,Green category: lighting_efficiency Topic: alexa_light_control Rule: IF Say a specific phrase from Amazon Alexa THEN Turn off all Philips Hue lights.,18.686248779296875,-3.3537464141845703,-5.461010456085205
rule__T023_S0013,rule_index,green_rule,lighting_efficiency,lighting_efficiency,T023_S0013,,,,T023_S0013,alexa_light_control,,Green category: lighting_efficiency Topic: alexa_light_control Rule: IF Say a specific phrase from Amazon Alexa THEN Turn off AC when you leave.,18.79048728942871,-3.9069244861602783,-5.581219673156738
rule__T023_S0014,rule_index,green_rule,lighting_efficiency,lighting_efficiency,T023_S0014,,,,T023_S0014,alexa_light_control,,Green category: lighting_efficiency Topic: alexa_light_control Rule: IF Say a specific phrase from Amazon Alexa THEN Switch off your Air Conditioner using tado.,18.77682113647461,-3.8434183597564697,-5.563316345214844
rule__T023_S0015,rule_index,green_rule,lighting_efficiency,lighting_efficiency,T023_S0015,,,,T023_S0015,alexa_light_control,,Green category: lighting_efficiency Topic: alexa_light_control Rule: IF Say a specific phrase from Amazon Alexa THEN Toggle Outlet on Pivot Power Genius.,18.612598419189453,-3.9783565998077393,-5.40754508972168
rule__T023_S0016,rule_index,green_rule,lighting_efficiency,lighting_efficiency,T023_S0016,,,,T023_S0016,alexa_light_control,,Green category: lighting_efficiency Topic: alexa_light_control Rule: IF Say a specific phrase from Amazon Alexa THEN Turn off the lights with a delay.,18.697776794433594,-3.970834732055664,-5.484108924865723
rule__T023_S0018,rule_index,green_rule,lighting_efficiency,lighting_efficiency,T023_S0018,,,,T023_S0018,alexa_light_control,,Green category: lighting_efficiency Topic: alexa_light_control Rule: IF Say a specific phrase from Amazon Alexa THEN Turn off Hue lights with Echo.,18.736249923706055,-3.6749989986419678,-5.512326240539551
rule__T023_S0019,rule_index,green_rule,lighting_efficiency,lighting_efficiency,T023_S0019,,,,T023_S0019,alexa_light_control,,Green category: lighting_efficiency Topic: alexa_light_control Rule: IF Say a specific phrase from Amazon Alexa THEN Turn off all lights.,18.668466567993164,-3.907545804977417,-5.442176342010498
rule__T023_S0021,rule_index,green_rule,lighting_efficiency,lighting_efficiency,T023_S0021,,,,T023_S0021,alexa_light_control,,Green category: lighting_efficiency Topic: alexa_light_control Rule: IF Item added to your To Do List from Amazon Alexa THEN Turn off lights using Philips Hue.,18.684955596923828,-3.341991424560547,-5.4599223136901855
rule__T023_S0022,rule_index,green_rule,lighting_efficiency,lighting_efficiency,T023_S0022,,,,T023_S0022,alexa_light_control,,Green category: lighting_efficiency Topic: alexa_light_control Rule: IF Say a specific phrase from Amazon Alexa THEN Turn Off Cree Lights on a Hue hub using Alexa.,18.674562454223633,-3.5965077877044678,-5.4309587478637695
rule__T023_S0023,rule_index,green_rule,lighting_efficiency,lighting_efficiency,T023_S0023,,,,T023_S0023,alexa_light_control,,Green category: lighting_efficiency Topic: alexa_light_control Rule: IF Say a specific phrase from Amazon Alexa THEN Turn off all Hue lights.,18.7061824798584,-3.691641092300415,-5.487565517425537
rule__T023_S0024,rule_index,green_rule,lighting_efficiency,lighting_efficiency,T023_S0024,,,,T023_S0024,alexa_light_control,,Green category: lighting_efficiency Topic: alexa_light_control Rule: IF Say a specific phrase from Amazon Alexa THEN Turn off lights.,18.70831871032715,-3.98516583442688,-5.503718852996826
rule__T023_S0027,rule_index,green_rule,lighting_efficiency,lighting_efficiency,T023_S0027,,,,T023_S0027,alexa_light_control,,Green category: lighting_efficiency Topic: alexa_light_control Rule: IF Say a specific phrase from Amazon Alexa THEN Toggle Hue lights on/off.,18.652963638305664,-3.7902536392211914,-5.438994884490967
rule__T023_S0029,rule_index,green_rule,lighting_efficiency,lighting_efficiency,T023_S0029,,,,T023_S0029,alexa_light_control,,Green category: lighting_efficiency Topic: alexa_light_control Rule: IF Say a specific phrase from Amazon Alexa THEN Turn globe off using SmartThings.,18.592256546020508,-4.064291000366211,-5.35487174987793
rule__T023_S0030,rule_index,green_rule,lighting_efficiency,lighting_efficiency,T023_S0030,,,,T023_S0030,alexa_light_control,,Green category: lighting_efficiency Topic: alexa_light_control Rule: IF Ask for a sports team's score from Amazon Alexa THEN Turn off kitchen lights using SmartThings.,18.657032012939453,-3.9647905826568604,-5.413543701171875
rule__T023_S0031,rule_index,green_rule,lighting_efficiency,lighting_efficiency,T023_S0031,,,,T023_S0031,alexa_light_control,,Green category: lighting_efficiency Topic: alexa_light_control Rule: IF Say a specific phrase from Amazon Alexa THEN Toggle lights using Philips Hue.,18.68488883972168,-3.361046314239502,-5.459972381591797
rule__T023_S0032,rule_index,green_rule,lighting_efficiency,lighting_efficiency,T023_S0032,,,,T023_S0032,alexa_light_control,,Green category: lighting_efficiency Topic: alexa_light_control Rule: IF Say a specific phrase from Amazon Alexa THEN Toggle all your lights on/off.,18.628644943237305,-3.9531452655792236,-5.4640069007873535
rule__T023_S0033,rule_index,green_rule,lighting_efficiency,lighting_efficiency,T023_S0033,,,,T023_S0033,alexa_light_control,,Green category: lighting_efficiency Topic: alexa_light_control Rule: IF Say a specific phrase from Amazon Alexa THEN Turn AC off using Wink: Aros.,18.82598304748535,-3.9023444652557373,-5.614892482757568
rule__T023_S0034,rule_index,green_rule,lighting_efficiency,lighting_efficiency,T023_S0034,,,,T023_S0034,alexa_light_control,,Green category: lighting_efficiency Topic: alexa_light_control Rule: IF Say a specific phrase from Amazon Alexa THEN Turn off D-Link DSP-W215 Smart Plug.,18.68967628479004,-4.009548664093018,-5.470108985900879
rule__T023_S0035,rule_index,green_rule,lighting_efficiency,lighting_efficiency,T023_S0035,,,,T023_S0035,alexa_light_control,,Green category: lighting_efficiency Topic: alexa_light_control Rule: IF Say a specific phrase from Amazon Alexa THEN Trigger a virtual switch in SmartThings.,18.593460083007812,-3.9793357849121094,-5.375446796417236
rule__T023_S0039,rule_index,green_rule,lighting_efficiency,lighting_efficiency,T023_S0039,,,,T023_S0039,alexa_light_control,,Green category: lighting_efficiency Topic: alexa_light_control Rule: IF Say a specific phrase from Amazon Alexa THEN Turn chandelier off using SmartThings.,18.753400802612305,-4.040899276733398,-5.4857497215271
rule__T023_S0040,rule_index,green_rule,lighting_efficiency,lighting_efficiency,T023_S0040,,,,T023_S0040,alexa_light_control,,Green category: lighting_efficiency Topic: alexa_light_control Rule: IF Say a specific phrase from Amazon Alexa THEN Turn on Dimmer Switch.,18.609960556030273,-3.9762189388275146,-5.387750148773193
rule__T023_S0041,rule_index,green_rule,lighting_efficiency,lighting_efficiency,T023_S0041,,,,T023_S0041,alexa_light_control,,Green category: lighting_efficiency Topic: alexa_light_control Rule: IF Say a specific phrase from Amazon Alexa THEN Turn off AC with GE Appliances Window AC.,18.891939163208008,-3.9028420448303223,-5.685707092285156
rule__T023_S0047,rule_index,green_rule,lighting_efficiency,lighting_efficiency,T023_S0047,,,,T023_S0047,alexa_light_control,,Green category: lighting_efficiency Topic: alexa_light_control Rule: IF Say a specific phrase from Amazon Alexa THEN Turn ON Flood Lights using SmartThings.,18.53969955444336,-4.039916038513184,-5.320560455322266
rule__T023_S0048,rule_index,green_rule,lighting_efficiency,lighting_efficiency,T023_S0048,,,,T023_S0048,alexa_light_control,,Green category: lighting_efficiency Topic: alexa_light_control Rule: IF Say a specific phrase from Amazon Alexa THEN Turn globe on using SmartThings.,18.614105224609375,-4.040765762329102,-5.3951029777526855
rule__T023_S0049,rule_index,green_rule,lighting_efficiency,lighting_efficiency,T023_S0049,,,,T023_S0049,alexa_light_control,,Green category: lighting_efficiency Topic: alexa_light_control Rule: IF Say a specific phrase from Amazon Alexa THEN Turn off light via smartplug.,18.66317367553711,-3.9965686798095703,-5.441749095916748
rule__T023_S0050,rule_index,green_rule,lighting_efficiency,lighting_efficiency,T023_S0050,,,,T023_S0050,alexa_light_control,,Green category: lighting_efficiency Topic: alexa_light_control Rule: IF Say a specific phrase from Amazon Alexa THEN Turn OFF my WIFIPLUG.,18.640199661254883,-3.9836883544921875,-5.430736064910889
rule__T023_S0051,rule_index,green_rule,lighting_efficiency,lighting_efficiency,T023_S0051,,,,T023_S0051,alexa_light_control,,Green category: lighting_efficiency Topic: alexa_light_control Rule: IF Say a specific phrase from Amazon Alexa THEN Turn off the GE AROS connected Air Conditioner.,18.85501480102539,-3.9434125423431396,-5.648820877075195
rule__T023_S0052,rule_index,green_rule,lighting_efficiency,lighting_efficiency,T023_S0052,,,,T023_S0052,alexa_light_control,,Green category: lighting_efficiency Topic: alexa_light_control Rule: IF Ask what's on your To Do List from Amazon Alexa THEN Toggle lights using Philips Hue.,18.68592071533203,-3.3623225688934326,-5.460875034332275
rule__T023_S0054,rule_index,green_rule,lighting_efficiency,lighting_efficiency,T023_S0054,,,,T023_S0054,alexa_light_control,,Green category: lighting_efficiency Topic: alexa_light_control Rule: IF Say a specific phrase from Amazon Alexa THEN Turn on Aros air conditioner.,18.847148895263672,-3.922874927520752,-5.636672019958496
rule__T023_S0055,rule_index,green_rule,lighting_efficiency,lighting_efficiency,T023_S0055,,,,T023_S0055,alexa_light_control,,Green category: lighting_efficiency Topic: alexa_light_control Rule: IF Say a specific phrase from Amazon Alexa THEN Turn off all Philips Hue lights for bed.,18.698942184448242,-3.331679582595825,-5.473145484924316
rule__T023_S0056,rule_index,green_rule,lighting_efficiency,lighting_efficiency,T023_S0056,,,,T023_S0056,alexa_light_control,,Green category: lighting_efficiency Topic: alexa_light_control Rule: IF Say a specific phrase from Amazon Alexa THEN Turns off hue lights.,18.781667709350586,-3.7575795650482178,-5.575545787811279
rule__T023_S0057,rule_index,green_rule,lighting_efficiency,lighting_efficiency,T023_S0057,,,,T023_S0057,alexa_light_control,,Green category: lighting_efficiency Topic: alexa_light_control Rule: IF Say a specific phrase from Amazon Alexa THEN Switch on the device controlled by SmartThings.,18.604747772216797,-3.9755139350891113,-5.383111000061035
rule__T024_S0001,rule_index,green_rule,water_saving,water_saving,T024_S0001,,,,T024_S0001,irrigation_control,,Green category: water_saving Topic: irrigation_control Rule: IF Every day at from Date & Time THEN Start watering a zone using Rachio for a specific number of minutes.,0.903518557548523,3.2628133296966553,10.889861106872559
rule__T024_S0002,rule_index,green_rule,water_saving,water_saving,T024_S0002,,,,T024_S0002,irrigation_control,,Green category: water_saving Topic: irrigation_control Rule: IF Every hour at from Date & Time THEN Run watering time using Rachio for sod.,0.9160676002502441,3.2165567874908447,10.933025360107422
rule__T024_S0003,rule_index,green_rule,water_saving,water_saving,T024_S0003,,,,T024_S0003,irrigation_control,,Green category: water_saving Topic: irrigation_control Rule: IF Event from search starts from Google Calendar THEN Add a rain delay using Rachio.,0.9264492988586426,3.079000234603882,11.057024955749512
rule__T024_S0005,rule_index,green_rule,water_saving,water_saving,T024_S0005,,,,T024_S0005,irrigation_control,,Green category: water_saving Topic: irrigation_control Rule: IF Temperature rises above 100 degrees Fahrenheit THEN Start watering time using Rachio.,1.0001572370529175,3.3962016105651855,10.761794090270996
rule__T024_S0008,rule_index,green_rule,water_saving,water_saving,T024_S0008,,,,T024_S0008,irrigation_control,,Green category: water_saving Topic: irrigation_control Rule: IF Wind speed rises above from Weather Underground THEN Stop watering using Skydrop.,1.324940800666809,3.2534196376800537,10.868346214294434
rule__T024_S0009,rule_index,green_rule,water_saving,water_saving,T024_S0009,,,,T024_S0009,irrigation_control,,Green category: water_saving Topic: irrigation_control Rule: IF Sunrise from Weather Underground THEN Start watering time using Rachio.,1.0936007499694824,3.3082940578460693,10.839580535888672
rule__T024_S0010,rule_index,green_rule,water_saving,water_saving,T024_S0010,,,,T024_S0010,irrigation_control,,Green category: water_saving Topic: irrigation_control Rule: IF Tomorrow's forecast calls for rain from Weather Underground THEN Delay watering your garden with Rachio.,1.1590131521224976,3.186779737472534,10.956591606140137
rule__T024_S0011,rule_index,green_rule,water_saving,water_saving,T024_S0011,,,,T024_S0011,irrigation_control,,Green category: water_saving Topic: irrigation_control Rule: IF Tomorrow's forecast calls for rain from Weather Underground THEN Delay your Sprinklers by 2 days.,1.171096682548523,3.1368186473846436,10.998751640319824
rule__T024_S0012,rule_index,green_rule,water_saving,water_saving,T024_S0012,,,,T024_S0012,irrigation_control,,Green category: water_saving Topic: irrigation_control Rule: IF Tomorrow's forecast calls for rain from Weather Underground THEN Skip watering for 1 day in Rachio.,1.2082072496414185,3.1139578819274902,11.026427268981934
rule__T024_S0013,rule_index,green_rule,water_saving,water_saving,T024_S0013,,,,T024_S0013,irrigation_control,,Green category: water_saving Topic: irrigation_control Rule: IF Event registered from Rachio THEN Shut off irrigation if well tank is low on storage.,0.9789060354232788,3.0783395767211914,11.058435440063477
rule__T024_S0016,rule_index,green_rule,water_saving,water_saving,T024_S0016,,,,T024_S0016,irrigation_control,,Green category: water_saving Topic: irrigation_control Rule: IF Wind speed rises above from Netatmo Weather Station THEN Stop irrigating the garden.,1.278814435005188,3.2132225036621094,10.907496452331543
rule__T024_S0017,rule_index,green_rule,water_saving,water_saving,T024_S0017,,,,T024_S0017,irrigation_control,,Green category: water_saving Topic: irrigation_control Rule: IF Today's rainfall measurement from Netatmo Weather Station THEN Set a rain delay using Rachio.,1.04380464553833,3.085284948348999,11.048971176147461
rule__T024_S0018,rule_index,green_rule,water_saving,water_saving,T024_S0018,,,,T024_S0018,irrigation_control,,Green category: water_saving Topic: irrigation_control Rule: IF Yesterday's rainfall measurement from Netatmo Weather Station THEN Stop watering using Rachio.,1.0620343685150146,3.1503360271453857,10.987283706665039
rule__T024_S0019,rule_index,green_rule,water_saving,water_saving,T024_S0019,,,,T024_S0019,irrigation_control,,Green category: water_saving Topic: irrigation_control Rule: IF Wind speed drops below from Netatmo Weather Station THEN Start irrigating using GreenIQ.,1.2784868478775024,3.18435001373291,10.928857803344727
rule__T024_S0022,rule_index,green_rule,water_saving,water_saving,T024_S0022,,,,T024_S0022,irrigation_control,,Green category: water_saving Topic: irrigation_control Rule: IF Button press from Button widget THEN Delay watering if it's going to rain using Rachio.,1.0118763446807861,3.1008987426757812,11.03643798828125
rule__T024_S0023,rule_index,green_rule,water_saving,water_saving,T024_S0023,,,,T024_S0023,irrigation_control,,Green category: water_saving Topic: irrigation_control Rule: IF Rain detected from Netatmo Weather Station THEN Stop watering for a day using Rachio.,1.0138683319091797,3.0953760147094727,11.039512634277344
rule__T024_S0024,rule_index,green_rule,water_saving,water_saving,T024_S0024,,,,T024_S0024,irrigation_control,,Green category: water_saving Topic: irrigation_control Rule: IF Event registered from Rachio THEN Set Rain Delay if Rain Sensor dries out.,0.9736247658729553,3.0857295989990234,11.050569534301758
rule__T024_S0025,rule_index,green_rule,water_saving,water_saving,T024_S0025,,,,T024_S0025,irrigation_control,,Green category: water_saving Topic: irrigation_control Rule: IF Event registered from Rachio THEN Initiate a custom rain delay when rain is detected.,0.9287638664245605,3.0645203590393066,11.07143497467041
rule__T024_S0026,rule_index,green_rule,water_saving,water_saving,T024_S0026,,,,T024_S0026,irrigation_control,,Green category: water_saving Topic: irrigation_control Rule: IF Event registered from Rachio THEN Activate rain delay after rain sensor deactivation.,0.884516179561615,3.044807195663452,11.089061737060547
rule__T024_S0027,rule_index,green_rule,water_saving,water_saving,T024_S0027,,,,T024_S0027,irrigation_control,,Green category: water_saving Topic: irrigation_control Rule: IF Current condition changes to from Weather Underground THEN Set a 2-day rain delay for your Rachio if rain falls in your area.,1.0166091918945312,3.1265084743499756,11.014229774475098
rule__T024_S0029,rule_index,green_rule,water_saving,water_saving,T024_S0029,,,,T024_S0029,irrigation_control,,Green category: water_saving Topic: irrigation_control Rule: IF Sunset from Weather Underground THEN Start watering time using Rachio.,1.0857490301132202,3.3445348739624023,10.801176071166992
rule__T024_S0030,rule_index,green_rule,water_saving,water_saving,T024_S0030,,,,T024_S0030,irrigation_control,,Green category: water_saving Topic: irrigation_control Rule: IF Tomorrow's high rises above from Weather Underground THEN Skip watering.,1.3158714771270752,3.271986961364746,10.855833053588867
rule__T024_S0031,rule_index,green_rule,water_saving,water_saving,T024_S0031,,,,T024_S0031,irrigation_control,,Green category: water_saving Topic: irrigation_control Rule: IF Current temperature rises above from Weather Underground THEN Start watering time using Rachio.,1.107773780822754,3.400709629058838,10.751622200012207
rule__T024_S0032,rule_index,green_rule,water_saving,water_saving,T024_S0032,,,,T024_S0032,irrigation_control,,Green category: water_saving Topic: irrigation_control Rule: IF Wind speed rises above from Weather Underground THEN Set a rain delay for Rachio Iro.,1.2484228610992432,3.281853437423706,10.852457046508789
rule__T024_S0033,rule_index,green_rule,water_saving,water_saving,T024_S0033,,,,T024_S0033,irrigation_control,,Green category: water_saving Topic: irrigation_control Rule: IF Tomorrow's low drops below from Weather Underground THEN Rachio is deactivated for two days.,1.1356765031814575,3.191598653793335,10.95168399810791
rule__T024_S0034,rule_index,green_rule,water_saving,water_saving,T024_S0034,,,,T024_S0034,irrigation_control,,Green category: water_saving Topic: irrigation_control Rule: IF Tomorrow's low drops below from Weather Underground THEN Set a freeze delay if tomorrow's low drops below 32°F.,1.2337946891784668,3.1800696849823,10.953191757202148
rule__T024_S0035,rule_index,green_rule,water_saving,water_saving,T024_S0035,,,,T024_S0035,irrigation_control,,Green category: water_saving Topic: irrigation_control Rule: IF Tomorrow's forecast calls for rain from Weather Underground THEN Skip watering time using Rachio.,1.1564644575119019,3.292720079421997,10.856538772583008
rule__T024_S0036,rule_index,green_rule,water_saving,water_saving,T024_S0036,,,,T024_S0036,irrigation_control,,Green category: water_saving Topic: irrigation_control Rule: IF Wind speed rises above from Weather Underground THEN Skip watering time using Rachio.,1.1913148164749146,3.309896469116211,10.829811096191406
rule__T024_S0037,rule_index,green_rule,water_saving,water_saving,T024_S0037,,,,T024_S0037,irrigation_control,,Green category: water_saving Topic: irrigation_control Rule: IF Current temperature drops below from Weather Underground THEN Start a zone using Rachio for 20 minutes.,1.0763862133026123,3.397818088531494,10.756091117858887
rule__T024_S0039,rule_index,green_rule,water_saving,water_saving,T024_S0039,,,,T024_S0039,irrigation_control,,Green category: water_saving Topic: irrigation_control Rule: IF Tomorrow's high rises above from Weather Underground THEN Skip watering time using Rachio.,1.20602285861969,3.3142988681793213,10.827939987182617
rule__T024_S0040,rule_index,green_rule,water_saving,water_saving,T024_S0040,,,,T024_S0040,irrigation_control,,Green category: water_saving Topic: irrigation_control Rule: IF Outdoor humidity greater than from ecobee THEN Stop watering using Rachio.,1.1237964630126953,3.3774330615997314,10.769400596618652
rule__T024_S0041,rule_index,green_rule,water_saving,water_saving,T024_S0041,,,,T024_S0041,irrigation_control,,Green category: water_saving Topic: irrigation_control Rule: IF Device detects rain from BloomSky Weather THEN Delay Sprinklers when Raining.,0.9599915146827698,3.0387301445007324,11.103924751281738
rule__T024_S0042,rule_index,green_rule,water_saving,water_saving,T024_S0042,,,,T024_S0042,irrigation_control,,Green category: water_saving Topic: irrigation_control Rule: IF Wind speed rises above from Weather Underground THEN Stop watering using Rachio.,1.1934460401535034,3.3676586151123047,10.77087688446045
rule__T024_S0044,rule_index,green_rule,water_saving,water_saving,T024_S0044,,,,T024_S0044,irrigation_control,,Green category: water_saving Topic: irrigation_control Rule: IF Wind speed rises above from Weather Underground THEN Stop all watering using RainMachine.,1.3335261344909668,3.2595932483673096,10.861872673034668
rule__T024_S0045,rule_index,green_rule,water_saving,water_saving,T024_S0045,,,,T024_S0045,irrigation_control,,Green category: water_saving Topic: irrigation_control Rule: IF Current temperature rises above from Weather Underground THEN Start spritzing using Rachio.,1.1196972131729126,3.4429988861083984,10.709217071533203
rule__T024_S0046,rule_index,green_rule,water_saving,water_saving,T024_S0046,,,,T024_S0046,irrigation_control,,Green category: water_saving Topic: irrigation_control Rule: IF Current temperature rises above from Weather Underground THEN Water the lawn using Rachio.,1.0644513368606567,3.457120418548584,10.692398071289062
rule__T024_S0047,rule_index,green_rule,water_saving,water_saving,T024_S0047,,,,T024_S0047,irrigation_control,,Green category: water_saving Topic: irrigation_control Rule: IF Current temperature rises above from Weather Underground THEN Start a zone using Rachio.,1.075366735458374,3.4333550930023193,10.720683097839355
rule__T024_S0048,rule_index,green_rule,water_saving,water_saving,T024_S0048,,,,T024_S0048,irrigation_control,,Green category: water_saving Topic: irrigation_control Rule: IF Every day at from Date & Time THEN Start watering time using Rachio.,0.9482108950614929,3.2826120853424072,10.868972778320312
rule__T024_S0051,rule_index,green_rule,water_saving,water_saving,T024_S0051,,,,T024_S0051,irrigation_control,,Green category: water_saving Topic: irrigation_control Rule: IF Tomorrow's low drops below from Weather Underground THEN Delay watering when it's chilly using Rachio.,1.1346710920333862,3.157802104949951,10.980257034301758
rule__T025_S0001,rule_index,green_rule,hvac_optimization,hvac_optimization,T025_S0001,,,,T025_S0001,location_based_thermostat_control,,Green category: hvac_optimization Topic: location_based_thermostat_control Rule: IF You enter an area from iOS Location THEN Set temperature range using Nest Thermostat.,9.818909645080566,-6.5191969871521,2.66668701171875
rule__T025_S0002,rule_index,green_rule,hvac_optimization,hvac_optimization,T025_S0002,,,,T025_S0002,location_based_thermostat_control,,Green category: hvac_optimization Topic: location_based_thermostat_control Rule: IF You exit an area from Location THEN turn your heating off using Honeywell evohome.,10.05565357208252,-6.328971862792969,2.2552826404571533
rule__T025_S0003,rule_index,green_rule,hvac_optimization,hvac_optimization,T025_S0003,,,,T025_S0003,location_based_thermostat_control,,Green category: hvac_optimization Topic: location_based_thermostat_control Rule: IF You exit an area from Location THEN lower temperature using Honeywell Single-zone Thermostat.,9.983053207397461,-6.336193561553955,2.3352136611938477
rule__T025_S0004,rule_index,green_rule,hvac_optimization,hvac_optimization,T025_S0004,,,,T025_S0004,location_based_thermostat_control,,Green category: hvac_optimization Topic: location_based_thermostat_control Rule: IF You enter an area from iOS Location THEN set the temperature using Nest Thermostat.,9.869096755981445,-6.552681922912598,2.67397141456604
rule__T025_S0005,rule_index,green_rule,hvac_optimization,hvac_optimization,T025_S0005,,,,T025_S0005,location_based_thermostat_control,,Green category: hvac_optimization Topic: location_based_thermostat_control Rule: IF You exit an area from Location THEN turn down the Nest using Nest Thermostat.,10.005472183227539,-6.575751304626465,2.3622570037841797
rule__T025_S0006,rule_index,green_rule,hvac_optimization,hvac_optimization,T025_S0006,,,,T025_S0006,location_based_thermostat_control,,Green category: hvac_optimization Topic: location_based_thermostat_control Rule: IF You enter an area from BMW Labs THEN set room temperature using Nefit Easy.,9.7667236328125,-6.438868522644043,2.6696865558624268
rule__T025_S0007,rule_index,green_rule,hvac_optimization,hvac_optimization,T025_S0007,,,,T025_S0007,location_based_thermostat_control,,Green category: hvac_optimization Topic: location_based_thermostat_control Rule: IF You exit an area from Location THEN switch to eco mode using Wiser Smart.,10.139906883239746,-6.4056501388549805,2.195986747741699
rule__T025_S0008,rule_index,green_rule,hvac_optimization,hvac_optimization,T025_S0008,,,,T025_S0008,location_based_thermostat_control,,Green category: hvac_optimization Topic: location_based_thermostat_control Rule: IF You enter an area from BMW Labs THEN set temperature using Nest Thermostat.,9.804609298706055,-6.520803451538086,2.662832260131836
rule__T025_S0009,rule_index,green_rule,hvac_optimization,hvac_optimization,T025_S0009,,,,T025_S0009,location_based_thermostat_control,,Green category: hvac_optimization Topic: location_based_thermostat_control Rule: IF You exit an area from Location THEN pause using ThermoSmart.,10.124402046203613,-6.453202247619629,2.2124180793762207
rule__T025_S0010,rule_index,green_rule,hvac_optimization,hvac_optimization,T025_S0010,,,,T025_S0010,location_based_thermostat_control,,Green category: hvac_optimization Topic: location_based_thermostat_control Rule: IF You exit an area from Location THEN pause your ThermoSmart.,10.12303638458252,-6.401447772979736,2.204198122024536
rule__T025_S0011,rule_index,green_rule,hvac_optimization,hvac_optimization,T025_S0011,,,,T025_S0011,location_based_thermostat_control,,Green category: hvac_optimization Topic: location_based_thermostat_control Rule: IF You exit an area from Location THEN set thermostat temperature using Heatmiser.,10.033281326293945,-6.433065414428711,2.2715132236480713
rule__T025_S0012,rule_index,green_rule,hvac_optimization,hvac_optimization,T025_S0012,,,,T025_S0012,location_based_thermostat_control,,Green category: hvac_optimization Topic: location_based_thermostat_control Rule: IF You exit an area from Location THEN turn off your thermostat using Hive Active Heating.,10.048463821411133,-6.512328624725342,2.308100938796997
rule__T025_S0013,rule_index,green_rule,hvac_optimization,hvac_optimization,T025_S0013,,,,T025_S0013,location_based_thermostat_control,,Green category: hvac_optimization Topic: location_based_thermostat_control Rule: IF You exit an area from Location THEN turn off your heater using WeMo Heater.,10.099021911621094,-6.406502723693848,2.240572452545166
rule__T025_S0014,rule_index,green_rule,hvac_optimization,hvac_optimization,T025_S0014,,,,T025_S0014,location_based_thermostat_control,,Green category: hvac_optimization Topic: location_based_thermostat_control Rule: IF You exit an area from Location THEN set thermostat to schedule using Hive Active Heating.,10.007194519042969,-6.507537841796875,2.3003809452056885
rule__T025_S0015,rule_index,green_rule,hvac_optimization,hvac_optimization,T025_S0015,,,,T025_S0015,location_based_thermostat_control,,Green category: hvac_optimization Topic: location_based_thermostat_control Rule: IF Vehicle leaves a place from Zubie THEN adjust temperature using Nest Thermostat.,9.860769271850586,-6.588104248046875,2.6142046451568604
rule__T025_S0016,rule_index,green_rule,hvac_optimization,hvac_optimization,T025_S0016,,,,T025_S0016,location_based_thermostat_control,,Green category: hvac_optimization Topic: location_based_thermostat_control Rule: IF You enter an area from Location THEN turn up the heat using WeMo Heater.,9.991336822509766,-6.3401384353637695,2.361193895339966
rule__T025_S0018,rule_index,green_rule,hvac_optimization,hvac_optimization,T025_S0018,,,,T025_S0018,location_based_thermostat_control,,Green category: hvac_optimization Topic: location_based_thermostat_control Rule: IF You exit an area from Location THEN set temperature range using Nest Thermostat.,10.074728012084961,-6.594346046447754,2.3561224937438965
rule__T025_S0019,rule_index,green_rule,hvac_optimization,hvac_optimization,T025_S0019,,,,T025_S0019,location_based_thermostat_control,,Green category: hvac_optimization Topic: location_based_thermostat_control Rule: IF You exit an area from Location THEN cool down the house using Nefit Easy.,10.073026657104492,-6.468478202819824,2.2893199920654297
rule__T025_S0020,rule_index,green_rule,hvac_optimization,hvac_optimization,T025_S0020,,,,T025_S0020,location_based_thermostat_control,,Green category: hvac_optimization Topic: location_based_thermostat_control Rule: IF Vehicle arrives at a place from Zubie THEN adjust temperature using Nest Thermostat.,9.856653213500977,-6.5598907470703125,2.6208624839782715
rule__T025_S0021,rule_index,green_rule,hvac_optimization,hvac_optimization,T025_S0021,,,,T025_S0021,location_based_thermostat_control,,Green category: hvac_optimization Topic: location_based_thermostat_control Rule: IF You exit an area from Location THEN set Nest temps using Nest Thermostat.,10.035950660705566,-6.564992904663086,2.3833024501800537
rule__T025_S0022,rule_index,green_rule,hvac_optimization,hvac_optimization,T025_S0022,,,,T025_S0022,location_based_thermostat_control,,Green category: hvac_optimization Topic: location_based_thermostat_control Rule: IF You enter an area from Location THEN set temperature range using Nest Thermostat.,9.811651229858398,-6.494452953338623,2.6377391815185547
rule__T025_S0023,rule_index,green_rule,hvac_optimization,hvac_optimization,T025_S0023,,,,T025_S0023,location_based_thermostat_control,,Green category: hvac_optimization Topic: location_based_thermostat_control Rule: IF You exit an area from Location THEN set new mode using Caleo.,10.110650062561035,-6.4197845458984375,2.2298262119293213
rule__T025_S0026,rule_index,green_rule,hvac_optimization,hvac_optimization,T025_S0026,,,,T025_S0026,location_based_thermostat_control,,Green category: hvac_optimization Topic: location_based_thermostat_control Rule: IF You enter an area from Location THEN set temperature for a period of time using Honeywell Total Connect Comfort.,9.802931785583496,-6.168776988983154,2.4928390979766846
rule__T025_S0027,rule_index,green_rule,hvac_optimization,hvac_optimization,T025_S0027,,,,T025_S0027,location_based_thermostat_control,,Green category: hvac_optimization Topic: location_based_thermostat_control Rule: IF You exit an area from iOS Location THEN cool down the house using Nefit Easy.,10.067178726196289,-6.513753890991211,2.3340606689453125
rule__T025_S0028,rule_index,green_rule,hvac_optimization,hvac_optimization,T025_S0028,,,,T025_S0028,location_based_thermostat_control,,Green category: hvac_optimization Topic: location_based_thermostat_control Rule: IF You enter an area from Location THEN set thermostat to 75°F for 2 hours using Honeywell Total Connect Comfort.,9.7774658203125,-6.153564929962158,2.518099308013916
rule__T025_S0029,rule_index,green_rule,hvac_optimization,hvac_optimization,T025_S0029,,,,T025_S0029,location_based_thermostat_control,,Green category: hvac_optimization Topic: location_based_thermostat_control Rule: IF You enter an area from Location THEN cool your home for 1 hour using Honeywell Total Connect Comfort.,9.782770156860352,-6.138879776000977,2.490159511566162
rule__T025_S0030,rule_index,green_rule,hvac_optimization,hvac_optimization,T025_S0030,,,,T025_S0030,location_based_thermostat_control,,Green category: hvac_optimization Topic: location_based_thermostat_control Rule: IF You enter an area from Location THEN set a zone temperature using Honeywell Single-zone Thermostat.,9.810524940490723,-6.191526412963867,2.4886245727539062
rule__T025_S0032,rule_index,green_rule,hvac_optimization,hvac_optimization,T025_S0032,,,,T025_S0032,location_based_thermostat_control,,Green category: hvac_optimization Topic: location_based_thermostat_control Rule: IF You enter an area from Location THEN turn on heating using Nest Thermostat.,9.8356294631958,-6.535444259643555,2.6865851879119873
rule__T025_S0033,rule_index,green_rule,hvac_optimization,hvac_optimization,T025_S0033,,,,T025_S0033,location_based_thermostat_control,,Green category: hvac_optimization Topic: location_based_thermostat_control Rule: IF You enter an area from Location THEN set thermostat to a specific temperature using Nest Thermostat.,9.900236129760742,-6.565343856811523,2.6503000259399414
rule__T025_S0034,rule_index,green_rule,hvac_optimization,hvac_optimization,T025_S0034,,,,T025_S0034,location_based_thermostat_control,,Green category: hvac_optimization Topic: location_based_thermostat_control Rule: IF You exit an area from Location THEN change temperature using Nest Thermostat.,10.030050277709961,-6.602137088775635,2.4316961765289307
rule__T025_S0036,rule_index,green_rule,hvac_optimization,hvac_optimization,T025_S0036,,,,T025_S0036,location_based_thermostat_control,,Green category: hvac_optimization Topic: location_based_thermostat_control Rule: IF You exit a SIGNUL beacon zone from SIGNUL Beacon THEN set temperature using Nest Thermostat.,10.066207885742188,-6.6081037521362305,2.3561971187591553
rule__T025_S0037,rule_index,green_rule,hvac_optimization,hvac_optimization,T025_S0037,,,,T025_S0037,location_based_thermostat_control,,Green category: hvac_optimization Topic: location_based_thermostat_control Rule: IF You enter an area from Location THEN turn heat on using Nest Thermostat.,9.818374633789062,-6.525360107421875,2.695357084274292
rule__T025_S0038,rule_index,green_rule,hvac_optimization,hvac_optimization,T025_S0038,,,,T025_S0038,location_based_thermostat_control,,Green category: hvac_optimization Topic: location_based_thermostat_control Rule: IF You enter an area from Location THEN warm the house using Nest Thermostat.,9.80313777923584,-6.488125801086426,2.6255946159362793
rule__T025_S0039,rule_index,green_rule,hvac_optimization,hvac_optimization,T025_S0039,,,,T025_S0039,location_based_thermostat_control,,Green category: hvac_optimization Topic: location_based_thermostat_control Rule: IF You exit an area from Location THEN set Nest thermostat temperature using Nest Thermostat.,10.026189804077148,-6.554568290710449,2.402552843093872
rule__T025_S0040,rule_index,green_rule,hvac_optimization,hvac_optimization,T025_S0040,,,,T025_S0040,location_based_thermostat_control,,Green category: hvac_optimization Topic: location_based_thermostat_control Rule: IF Ignition turned off in area from Automatic Classic THEN set temperature using Nest Thermostat.,10.124147415161133,-6.749678134918213,2.8102216720581055
rule__T025_S0041,rule_index,green_rule,hvac_optimization,hvac_optimization,T025_S0041,,,,T025_S0041,location_based_thermostat_control,,Green category: hvac_optimization Topic: location_based_thermostat_control Rule: IF Ignition turned on in area from Automatic Classic THEN adjust thermostat using Nest Thermostat.,10.12192153930664,-6.7566094398498535,2.8317792415618896
rule__T025_S0042,rule_index,green_rule,hvac_optimization,hvac_optimization,T025_S0042,,,,T025_S0042,location_based_thermostat_control,,Green category: hvac_optimization Topic: location_based_thermostat_control Rule: IF Ignition turned off in area from Automatic Classic THEN set thermostat when home using Nest Thermostat.,10.167595863342285,-6.79424524307251,2.7894287109375
rule__T025_S0043,rule_index,green_rule,hvac_optimization,hvac_optimization,T025_S0043,,,,T025_S0043,location_based_thermostat_control,,Green category: hvac_optimization Topic: location_based_thermostat_control Rule: IF You enter an area from iOS Location THEN set temperature using Nest Thermostat.,9.802668571472168,-6.486972332000732,2.646923780441284
rule__T025_S0044,rule_index,green_rule,hvac_optimization,hvac_optimization,T025_S0044,,,,T025_S0044,location_based_thermostat_control,,Green category: hvac_optimization Topic: location_based_thermostat_control Rule: IF Ignition turned off in area from Automatic Classic THEN turn Nest thermostat up when home.,10.12857723236084,-6.756289482116699,2.8144872188568115
rule__T025_S0045,rule_index,green_rule,hvac_optimization,hvac_optimization,T025_S0045,,,,T025_S0045,location_based_thermostat_control,,Green category: hvac_optimization Topic: location_based_thermostat_control Rule: IF You exit an area from Location THEN warm up the living room using Honeywell evohome.,10.025605201721191,-6.341830730438232,2.291576862335205
rule__T025_S0046,rule_index,green_rule,hvac_optimization,hvac_optimization,T025_S0046,,,,T025_S0046,location_based_thermostat_control,,Green category: hvac_optimization Topic: location_based_thermostat_control Rule: IF You exit an area from Location THEN pause the ThermoSmart.,10.141373634338379,-6.430019855499268,2.1957883834838867
rule__T025_S0051,rule_index,green_rule,hvac_optimization,hvac_optimization,T025_S0051,,,,T025_S0051,location_based_thermostat_control,,Green category: hvac_optimization Topic: location_based_thermostat_control Rule: IF You exit an area from Location THEN set Nest thermostat temperature when you leave a location using Nest Thermostat.,10.101289749145508,-6.595684051513672,2.43582820892334
rule__T026_S0003,rule_index,green_rule,occupancy_based_control,occupancy_based_control,T026_S0003,,,,T026_S0003,occupancy_based_lighting_control,,Green category: occupancy_based_control Topic: occupancy_based_lighting_control Rule: IF Last family member leaves a specific place from Life360 THEN Turn off lights using Philips Hue.,12.72716236114502,0.6730429530143738,8.570638656616211
rule__T026_S0004,rule_index,green_rule,occupancy_based_control,occupancy_based_control,T026_S0004,,,,T026_S0004,occupancy_based_lighting_control,,Green category: occupancy_based_control Topic: occupancy_based_lighting_control Rule: IF Last family member leaves a specific place from Life360 THEN Turn lights off using LIFX.,12.709166526794434,0.6385431885719299,8.59976863861084
rule__T026_S0005,rule_index,green_rule,occupancy_based_control,occupancy_based_control,T026_S0005,,,,T026_S0005,occupancy_based_lighting_control,,Green category: occupancy_based_control Topic: occupancy_based_lighting_control Rule: IF You leave a specific place from Life360 THEN Turn off A/C using IntesisHome.,12.89628791809082,0.4647032618522644,8.691909790039062
rule__T026_S0006,rule_index,green_rule,occupancy_based_control,occupancy_based_control,T026_S0006,,,,T026_S0006,occupancy_based_lighting_control,,Green category: occupancy_based_control Topic: occupancy_based_lighting_control Rule: IF Last family member leaves a specific place from Life360 THEN Turn light off using Hive Active Light.,12.771622657775879,0.5958704352378845,8.635699272155762
rule__T026_S0007,rule_index,green_rule,occupancy_based_control,occupancy_based_control,T026_S0007,,,,T026_S0007,occupancy_based_lighting_control,,Green category: occupancy_based_control Topic: occupancy_based_lighting_control Rule: IF First family member arrives at a specific place from Life360 THEN Go back to schedule using Netatmo Thermostat.,12.831998825073242,0.5200694799423218,8.71183967590332
rule__T026_S0008,rule_index,green_rule,occupancy_based_control,occupancy_based_control,T026_S0008,,,,T026_S0008,occupancy_based_lighting_control,,Green category: occupancy_based_control Topic: occupancy_based_lighting_control Rule: IF Last family member leaves a specific place from Life360 THEN Set to away mode using Netatmo Thermostat.,12.794272422790527,0.5399021506309509,8.733643531799316
rule__T026_S0010,rule_index,green_rule,occupancy_based_control,occupancy_based_control,T026_S0010,,,,T026_S0010,occupancy_based_lighting_control,,Green category: occupancy_based_control Topic: occupancy_based_lighting_control Rule: IF Last family member leaves a specific place from Life360 THEN Turn light off using Emberlight.,12.880255699157715,0.5180263519287109,8.567122459411621
rule__T026_S0013,rule_index,green_rule,occupancy_based_control,occupancy_based_control,T026_S0013,,,,T026_S0013,occupancy_based_lighting_control,,Green category: occupancy_based_control Topic: occupancy_based_lighting_control Rule: IF First family member arrives at a specific place from Life360 THEN Resume program using ecobee.,12.802556991577148,0.5737985968589783,8.620911598205566
rule__T026_S0015,rule_index,green_rule,occupancy_based_control,occupancy_based_control,T026_S0015,,,,T026_S0015,occupancy_based_lighting_control,,Green category: occupancy_based_control Topic: occupancy_based_lighting_control Rule: IF Last family member leaves a specific place from Life360 THEN Turn off your thermostat using Hive Active Heating.,12.748933792114258,0.6073884963989258,8.711228370666504
rule__T026_S0016,rule_index,green_rule,occupancy_based_control,occupancy_based_control,T026_S0016,,,,T026_S0016,occupancy_based_lighting_control,,Green category: occupancy_based_control Topic: occupancy_based_lighting_control Rule: IF First family member arrives at a specific place from Life360 THEN Set the thermostat to schedule using Hive Active Heating.,12.781245231628418,0.5929691195487976,8.707414627075195
rule__T026_S0017,rule_index,green_rule,occupancy_based_control,occupancy_based_control,T026_S0017,,,,T026_S0017,occupancy_based_lighting_control,,Green category: occupancy_based_control Topic: occupancy_based_lighting_control Rule: IF Last family member leaves a specific place from Life360 THEN Set comfort profile for X hours using ecobee.,12.894157409667969,0.523757815361023,8.650715827941895
rule__T026_S0020,rule_index,green_rule,occupancy_based_control,occupancy_based_control,T026_S0020,,,,T026_S0020,occupancy_based_lighting_control,,Green category: occupancy_based_control Topic: occupancy_based_lighting_control Rule: IF You enter an area from Location THEN Resume program using ecobee.,11.954728126525879,3.0467305183410645,7.368031978607178
rule__T026_S0022,rule_index,green_rule,occupancy_based_control,occupancy_based_control,T026_S0022,,,,T026_S0022,occupancy_based_lighting_control,,Green category: occupancy_based_control Topic: occupancy_based_lighting_control Rule: IF First family member arrives at a specific place from Life360 THEN Run a HomeSeer system event using HomeSeer.,12.900492668151855,0.6917448043823242,8.673664093017578
rule__T026_S0024,rule_index,green_rule,occupancy_based_control,occupancy_based_control,T026_S0024,,,,T026_S0024,occupancy_based_lighting_control,,Green category: occupancy_based_control Topic: occupancy_based_lighting_control Rule: IF Last family member leaves a specific place from Life360 THEN Change mode using abode.,12.799880027770996,0.46912696957588196,8.660938262939453
rule__T026_S0026,rule_index,green_rule,occupancy_based_control,occupancy_based_control,T026_S0026,,,,T026_S0026,occupancy_based_lighting_control,,Green category: occupancy_based_control Topic: occupancy_based_lighting_control Rule: IF Last family member leaves a specific place from Life360 THEN Activate Scene using Hunter Douglas PowerView.,12.815610885620117,0.5192143321037292,8.621037483215332
rule__T026_S0027,rule_index,green_rule,occupancy_based_control,occupancy_based_control,T026_S0027,,,,T026_S0027,occupancy_based_lighting_control,,Green category: occupancy_based_control Topic: occupancy_based_lighting_control Rule: IF Last family member leaves a specific place from Life360 THEN Turn off using Hive Active Light.,12.751043319702148,0.5888743996620178,8.622955322265625
rule__T026_S0028,rule_index,green_rule,occupancy_based_control,occupancy_based_control,T026_S0028,,,,T026_S0028,occupancy_based_lighting_control,,Green category: occupancy_based_control Topic: occupancy_based_lighting_control Rule: IF First family member arrives at a specific place from Life360 THEN Boost your heating using Hive Active Heating.,12.726705551147461,0.6409095525741577,8.7230224609375
rule__T026_S0029,rule_index,green_rule,occupancy_based_control,occupancy_based_control,T026_S0029,,,,T026_S0029,occupancy_based_lighting_control,,Green category: occupancy_based_control Topic: occupancy_based_lighting_control Rule: IF Last family member leaves a specific place from Life360 THEN Turn off using WeMo Smart Plug.,12.853987693786621,0.5365749597549438,8.642095565795898
rule__T026_S0030,rule_index,green_rule,occupancy_based_control,occupancy_based_control,T026_S0030,,,,T026_S0030,occupancy_based_lighting_control,,Green category: occupancy_based_control Topic: occupancy_based_lighting_control Rule: IF Last family member leaves a specific place from Life360 THEN Activate shortcut using Wink: Shortcuts.,12.841851234436035,0.5053200125694275,8.639586448669434
rule__T026_S0034,rule_index,green_rule,occupancy_based_control,occupancy_based_control,T026_S0034,,,,T026_S0034,occupancy_based_lighting_control,,Green category: occupancy_based_control Topic: occupancy_based_lighting_control Rule: IF First family member arrives at a specific place from Life360 THEN Unpause using ThermoSmart.,12.910770416259766,0.5092931389808655,8.729033470153809
rule__T026_S0035,rule_index,green_rule,occupancy_based_control,occupancy_based_control,T026_S0035,,,,T026_S0035,occupancy_based_lighting_control,,Green category: occupancy_based_control Topic: occupancy_based_lighting_control Rule: IF Last family member leaves a specific place from Life360 THEN Pause using ThermoSmart.,12.866528511047363,0.4995768666267395,8.662956237792969
rule__T026_S0037,rule_index,green_rule,occupancy_based_control,occupancy_based_control,T026_S0037,,,,T026_S0037,occupancy_based_lighting_control,,Green category: occupancy_based_control Topic: occupancy_based_lighting_control Rule: IF Last family member leaves a specific place from Life360 THEN Execute scene using IntesisHome.,12.851548194885254,0.4870508015155792,8.654154777526855
rule__T026_S0039,rule_index,green_rule,occupancy_based_control,occupancy_based_control,T026_S0039,,,,T026_S0039,occupancy_based_lighting_control,,Green category: occupancy_based_control Topic: occupancy_based_lighting_control Rule: IF Last family member leaves a specific place from Life360 THEN Turn off using WeMo Light Switch.,12.862292289733887,0.4846629202365875,8.607270240783691
rule__T026_S0040,rule_index,green_rule,occupancy_based_control,occupancy_based_control,T026_S0040,,,,T026_S0040,occupancy_based_lighting_control,,Green category: occupancy_based_control Topic: occupancy_based_lighting_control Rule: IF First family member arrives at a specific place from Life360 THEN Turn on using WeMo Light Switch.,12.87019157409668,0.5897994637489319,8.669219017028809
rule__T026_S0041,rule_index,green_rule,occupancy_based_control,occupancy_based_control,T026_S0041,,,,T026_S0041,occupancy_based_lighting_control,,Green category: occupancy_based_control Topic: occupancy_based_lighting_control Rule: IF First family member arrives at a specific place from Life360 THEN Activate shortcut using Wink: Shortcuts.,12.812667846679688,0.5967383980751038,8.718056678771973
rule__T026_S0042,rule_index,green_rule,occupancy_based_control,occupancy_based_control,T026_S0042,,,,T026_S0042,occupancy_based_lighting_control,,Green category: occupancy_based_control Topic: occupancy_based_lighting_control Rule: IF Last family member leaves a specific place from Life360 THEN Turn off a group of lights using WeMo Lighting.,12.924233436584473,0.5506733059883118,8.57083797454834
rule__T026_S0043,rule_index,green_rule,occupancy_based_control,occupancy_based_control,T026_S0043,,,,T026_S0043,occupancy_based_lighting_control,,Green category: occupancy_based_control Topic: occupancy_based_lighting_control Rule: IF Last family member leaves a specific place from Life360 THEN Start an event using LightwaveRF Events.,12.854687690734863,0.4699728190898895,8.629988670349121
rule__T026_S0050,rule_index,green_rule,occupancy_based_control,occupancy_based_control,T026_S0050,,,,T026_S0050,occupancy_based_lighting_control,,Green category: occupancy_based_control Topic: occupancy_based_lighting_control Rule: IF Last family member leaves a specific place from Life360 THEN Enable a quick action using Honeywell evohome.,12.81836986541748,0.4490719139575958,8.639374732971191
rule__T028_S0001,rule_index,green_rule,lighting_efficiency,lighting_efficiency,T028_S0001,,,,T028_S0001,time_based_light_control,,Green category: lighting_efficiency Topic: time_based_light_control Rule: IF you enter or exit an area from Location THEN activate output using littleBits.,12.320483207702637,6.279118537902832,5.5733489990234375
rule__T028_S0002,rule_index,green_rule,lighting_efficiency,lighting_efficiency,T028_S0002,,,,T028_S0002,time_based_light_control,,Green category: lighting_efficiency Topic: time_based_light_control Rule: IF you exit an area from Location THEN activate output using littleBits.,12.324987411499023,6.269748687744141,5.577723026275635
rule__T028_S0003,rule_index,green_rule,lighting_efficiency,lighting_efficiency,T028_S0003,,,,T028_S0003,time_based_light_control,,Green category: lighting_efficiency Topic: time_based_light_control Rule: IF you enter an area from Location THEN set output level using littleBits.,12.31130599975586,6.301891326904297,5.564513683319092
rule__T028_S0004,rule_index,green_rule,lighting_efficiency,lighting_efficiency,T028_S0004,,,,T028_S0004,time_based_light_control,,Green category: lighting_efficiency Topic: time_based_light_control Rule: IF you exit an area from Location THEN set output level using littleBits.,12.24246597290039,6.274268627166748,5.498641490936279
rule__T028_S0007,rule_index,green_rule,lighting_efficiency,lighting_efficiency,T028_S0007,,,,T028_S0007,time_based_light_control,,Green category: lighting_efficiency Topic: time_based_light_control Rule: IF every day of the week at from Date & Time THEN activate output using littleBits.,12.34265422821045,6.292186260223389,5.586180210113525
rule__T028_S0010,rule_index,green_rule,lighting_efficiency,lighting_efficiency,T028_S0010,,,,T028_S0010,time_based_light_control,,Green category: lighting_efficiency Topic: time_based_light_control Rule: IF every day at from Date & Time THEN set output level using littleBits.,12.348077774047852,6.2887139320373535,5.582336902618408
rule__T028_S0014,rule_index,green_rule,lighting_efficiency,lighting_efficiency,T028_S0014,,,,T028_S0014,time_based_light_control,,Green category: lighting_efficiency Topic: time_based_light_control Rule: IF every day of the week at from Date & Time THEN set output level using littleBits.,12.357625961303711,6.312222003936768,5.599291801452637
rule__T028_S0015,rule_index,green_rule,lighting_efficiency,lighting_efficiency,T028_S0015,,,,T028_S0015,time_based_light_control,,Green category: lighting_efficiency Topic: time_based_light_control Rule: IF every hour at from Date & Time THEN set output level using littleBits.,12.359383583068848,6.310520172119141,5.603912830352783
rule__T028_S0016,rule_index,green_rule,lighting_efficiency,lighting_efficiency,T028_S0016,,,,T028_S0016,time_based_light_control,,Green category: lighting_efficiency Topic: time_based_light_control Rule: IF turned on from littleBits THEN activate output using littleBits.,12.323857307434082,6.286583423614502,5.5692949295043945
rule__T028_S0018,rule_index,green_rule,lighting_efficiency,lighting_efficiency,T028_S0018,,,,T028_S0018,time_based_light_control,,Green category: lighting_efficiency Topic: time_based_light_control Rule: IF turned on from littleBits THEN deactivate output using littleBits.,12.326251983642578,6.283083915710449,5.571959018707275
rule__T028_S0019,rule_index,green_rule,lighting_efficiency,lighting_efficiency,T028_S0019,,,,T028_S0019,time_based_light_control,,Green category: lighting_efficiency Topic: time_based_light_control Rule: IF turned on from littleBits THEN set output level using littleBits.,12.263631820678711,6.340280532836914,5.509140968322754
rule__T028_S0024,rule_index,green_rule,lighting_efficiency,lighting_efficiency,T028_S0024,,,,T028_S0024,time_based_light_control,,Green category: lighting_efficiency Topic: time_based_light_control Rule: IF turned on from littleBits THEN toggle on/off using WeMo Smart Plug.,12.292989730834961,6.281118392944336,5.5374345779418945
rule__T028_S0025,rule_index,green_rule,lighting_efficiency,lighting_efficiency,T028_S0025,,,,T028_S0025,time_based_light_control,,Green category: lighting_efficiency Topic: time_based_light_control Rule: IF sunset from Weather Underground THEN set output level using littleBits.,12.415515899658203,6.21075963973999,5.67135763168335
rule__T028_S0027,rule_index,green_rule,lighting_efficiency,lighting_efficiency,T028_S0027,,,,T028_S0027,time_based_light_control,,Green category: lighting_efficiency Topic: time_based_light_control Rule: IF current temperature rises above from Weather Underground THEN set output level using littleBits.,12.427176475524902,6.190942287445068,5.683055400848389
rule__T028_S0028,rule_index,green_rule,lighting_efficiency,lighting_efficiency,T028_S0028,,,,T028_S0028,time_based_light_control,,Green category: lighting_efficiency Topic: time_based_light_control Rule: IF current temperature drops below from Weather Underground THEN set output level using littleBits.,12.440633773803711,6.17910623550415,5.695493698120117
rule__T028_S0029,rule_index,green_rule,lighting_efficiency,lighting_efficiency,T028_S0029,,,,T028_S0029,time_based_light_control,,Green category: lighting_efficiency Topic: time_based_light_control Rule: IF current condition changes to from Weather Underground THEN set output level using littleBits.,12.437332153320312,6.1779303550720215,5.695306301116943
rule__T028_S0030,rule_index,green_rule,lighting_efficiency,lighting_efficiency,T028_S0030,,,,T028_S0030,time_based_light_control,,Green category: lighting_efficiency Topic: time_based_light_control Rule: IF tomorrow's forecast calls for from Weather Underground THEN activate output using littleBits.,12.436752319335938,6.181915283203125,5.691405296325684
rule__T028_S0032,rule_index,green_rule,lighting_efficiency,lighting_efficiency,T028_S0032,,,,T028_S0032,time_based_light_control,,Green category: lighting_efficiency Topic: time_based_light_control Rule: IF current temperature rises above from Weather Underground THEN activate output using littleBits.,12.385660171508789,6.20552396774292,5.637286186218262
rule__T028_S0038,rule_index,green_rule,lighting_efficiency,lighting_efficiency,T028_S0038,,,,T028_S0038,time_based_light_control,,Green category: lighting_efficiency Topic: time_based_light_control Rule: IF every day at from Date & Time THEN activate output using littleBits.,12.331358909606934,6.2982401847839355,5.571495056152344
rule__T028_S0039,rule_index,green_rule,lighting_efficiency,lighting_efficiency,T028_S0039,,,,T028_S0039,time_based_light_control,,Green category: lighting_efficiency Topic: time_based_light_control Rule: IF tomorrow's forecast calls for from Weather Underground THEN set output level using littleBits.,12.440820693969727,6.1801300048828125,5.696295261383057
rule__T028_S0042,rule_index,green_rule,lighting_efficiency,lighting_efficiency,T028_S0042,,,,T028_S0042,time_based_light_control,,Green category: lighting_efficiency Topic: time_based_light_control Rule: IF sunrise from Weather Underground THEN set output level using littleBits.,12.493558883666992,6.143802642822266,5.752621173858643
rule__T028_S0043,rule_index,green_rule,lighting_efficiency,lighting_efficiency,T028_S0043,,,,T028_S0043,time_based_light_control,,Green category: lighting_efficiency Topic: time_based_light_control Rule: IF surf height is at least from Surfline THEN set output level using littleBits.,12.434155464172363,6.187286376953125,5.69295072555542
rule__T028_S0045,rule_index,green_rule,lighting_efficiency,lighting_efficiency,T028_S0045,,,,T028_S0045,time_based_light_control,,Green category: lighting_efficiency Topic: time_based_light_control Rule: IF sunrise from Weather Underground THEN activate output using littleBits.,12.44947624206543,6.16786003112793,5.702936172485352
rule__T029_S0001,rule_index,green_rule,lighting_efficiency,lighting_efficiency,T029_S0001,,,,T029_S0001,voice_control_lighting,,Green category: lighting_efficiency Topic: voice_control_lighting Rule: IF Say a specific phrase from Amazon Alexa THEN Turn off using WeMo Lighting.,16.641517639160156,12.503984451293945,-2.2335205078125
rule__T029_S0004,rule_index,green_rule,lighting_efficiency,lighting_efficiency,T029_S0004,,,,T029_S0004,voice_control_lighting,,Green category: lighting_efficiency Topic: voice_control_lighting Rule: IF Say a specific phrase from Amazon Alexa THEN Turn on using WeMo Light Switch.,16.61153221130371,12.537643432617188,-2.2670416831970215
rule__T029_S0007,rule_index,green_rule,lighting_efficiency,lighting_efficiency,T029_S0007,,,,T029_S0007,voice_control_lighting,,Green category: lighting_efficiency Topic: voice_control_lighting Rule: IF Your Alarm goes off from Amazon Alexa THEN Turn on using WeMo Insight Switch.,16.536699295043945,12.62124252319336,-2.353813409805298
rule__T029_S0010,rule_index,green_rule,lighting_efficiency,lighting_efficiency,T029_S0010,,,,T029_S0010,voice_control_lighting,,"Green category: lighting_efficiency Topic: voice_control_lighting Rule: IF You say ""Alexa trigger turn off my bedroom lights"" THEN turn off WeMo Light Switch.",16.565067291259766,12.58456039428711,-2.3351938724517822
rule__T029_S0011,rule_index,green_rule,lighting_efficiency,lighting_efficiency,T029_S0011,,,,T029_S0011,voice_control_lighting,,Green category: lighting_efficiency Topic: voice_control_lighting Rule: IF Say a specific phrase from Amazon Alexa THEN Turn off using WeMo Light Switch.,16.616060256958008,12.558880805969238,-2.3077011108398438
rule__T029_S0015,rule_index,green_rule,lighting_efficiency,lighting_efficiency,T029_S0015,,,,T029_S0015,voice_control_lighting,,Green category: lighting_efficiency Topic: voice_control_lighting Rule: IF Say a specific phrase from Amazon Alexa THEN Turn on a group of lights using WeMo Lighting.,16.566370010375977,12.585847854614258,-2.2785086631774902
rule__T029_S0022,rule_index,green_rule,lighting_efficiency,lighting_efficiency,T029_S0022,,,,T029_S0022,voice_control_lighting,,Green category: lighting_efficiency Topic: voice_control_lighting Rule: IF Say a specific phrase from Amazon Alexa THEN Toggle on/off using WeMo Smart Plug.,16.623327255249023,12.520797729492188,-2.2501678466796875
rule__T029_S0023,rule_index,green_rule,lighting_efficiency,lighting_efficiency,T029_S0023,,,,T029_S0023,voice_control_lighting,,"Green category: lighting_efficiency Topic: voice_control_lighting Rule: IF You say ""Alexa trigger good night"" THEN turn off WeMo Switch.",16.546377182006836,12.606478691101074,-2.316789388656616
rule__T029_S0024,rule_index,green_rule,lighting_efficiency,lighting_efficiency,T029_S0024,,,,T029_S0024,voice_control_lighting,,Green category: lighting_efficiency Topic: voice_control_lighting Rule: IF Say a specific phrase from Amazon Alexa THEN Turn on using WeMo Smart Plug.,16.578529357910156,12.556621551513672,-2.2835631370544434
rule__T029_S0025,rule_index,green_rule,lighting_efficiency,lighting_efficiency,T029_S0025,,,,T029_S0025,voice_control_lighting,,Green category: lighting_efficiency Topic: voice_control_lighting Rule: IF Your Alarm goes off from Amazon Alexa THEN Turn on using WeMo Smart Plug.,16.567399978637695,12.588821411132812,-2.327227830886841
rule__T029_S0026,rule_index,green_rule,lighting_efficiency,lighting_efficiency,T029_S0026,,,,T029_S0026,voice_control_lighting,,Green category: lighting_efficiency Topic: voice_control_lighting Rule: IF Your Timer goes off from Amazon Alexa THEN Turn on using WeMo Lighting.,16.544843673706055,12.611627578735352,-2.342599630355835
rule__T029_S0027,rule_index,green_rule,lighting_efficiency,lighting_efficiency,T029_S0027,,,,T029_S0027,voice_control_lighting,,Green category: lighting_efficiency Topic: voice_control_lighting Rule: IF Your Alarm goes off from Amazon Alexa THEN Turn on using WeMo Lighting.,16.57588768005371,12.582967758178711,-2.3540961742401123
rule__T029_S0028,rule_index,green_rule,lighting_efficiency,lighting_efficiency,T029_S0028,,,,T029_S0028,voice_control_lighting,,Green category: lighting_efficiency Topic: voice_control_lighting Rule: IF Say a specific phrase from Amazon Alexa THEN Turn on using WeMo Lighting.,16.648113250732422,12.500838279724121,-2.2281744480133057
rule__T029_S0030,rule_index,green_rule,lighting_efficiency,lighting_efficiency,T029_S0030,,,,T029_S0030,voice_control_lighting,,Green category: lighting_efficiency Topic: voice_control_lighting Rule: IF Ask what's on your To Do List from Amazon Alexa THEN Turn on using WeMo Lighting.,16.551231384277344,12.599424362182617,-2.3206050395965576
rule__T029_S0038,rule_index,green_rule,lighting_efficiency,lighting_efficiency,T029_S0038,,,,T029_S0038,voice_control_lighting,,Green category: lighting_efficiency Topic: voice_control_lighting Rule: IF Say a specific phrase from Amazon Alexa THEN Turn off a group of lights using WeMo Lighting.,16.56330108642578,12.590567588806152,-2.291825294494629
rule__T029_S0041,rule_index,green_rule,lighting_efficiency,lighting_efficiency,T029_S0041,,,,T029_S0041,voice_control_lighting,,Green category: lighting_efficiency Topic: voice_control_lighting Rule: IF Switched on from WeMo Smart Plug THEN Start activity using Harmony.,16.623729705810547,12.496660232543945,-2.201880931854248
rule__T029_S0043,rule_index,green_rule,lighting_efficiency,lighting_efficiency,T029_S0043,,,,T029_S0043,voice_control_lighting,,Green category: lighting_efficiency Topic: voice_control_lighting Rule: IF Say a specific phrase from Amazon Alexa THEN Turn off using WeMo Smart Plug.,16.67141342163086,12.47232437133789,-2.2009737491607666
rule__T029_S0046,rule_index,green_rule,lighting_efficiency,lighting_efficiency,T029_S0046,,,,T029_S0046,voice_control_lighting,,Green category: lighting_efficiency Topic: voice_control_lighting Rule: IF Your Timer goes off from Amazon Alexa THEN Turn off then on using WeMo Light Switch.,16.561433792114258,12.599394798278809,-2.363656520843506
rule__T030_S0001,rule_index,green_rule,lighting_efficiency,lighting_efficiency,T030_S0001,,,,T030_S0001,automated_lighting_control,,Green category: lighting_efficiency Topic: automated_lighting_control Rule: IF every day of the week at a configured threshold THEN turn off light using LightwaveRF Lighting.,14.123163223266602,1.7746282815933228,5.292837619781494
rule__T030_S0002,rule_index,green_rule,lighting_efficiency,lighting_efficiency,T030_S0002,,,,T030_S0002,automated_lighting_control,,Green category: lighting_efficiency Topic: automated_lighting_control Rule: IF every day at a configured threshold THEN turn off all Hue lights using Philips Hue.,14.136033058166504,3.6408681869506836,6.568952560424805
rule__T030_S0003,rule_index,green_rule,lighting_efficiency,lighting_efficiency,T030_S0003,,,,T030_S0003,automated_lighting_control,,Green category: lighting_efficiency Topic: automated_lighting_control Rule: IF the last member of the family leaves the house THEN turn off the lights using Philips Hue.,13.781009674072266,3.4104747772216797,6.731520652770996
rule__T030_S0004,rule_index,green_rule,lighting_efficiency,lighting_efficiency,T030_S0004,,,,T030_S0004,automated_lighting_control,,Green category: lighting_efficiency Topic: automated_lighting_control Rule: IF a shortcut is run from Futurehome THEN turn off your Hue lights using Philips Hue.,14.005306243896484,3.6056227684020996,6.615744113922119
rule__T030_S0006,rule_index,green_rule,lighting_efficiency,lighting_efficiency,T030_S0006,,,,T030_S0006,automated_lighting_control,,Green category: lighting_efficiency Topic: automated_lighting_control Rule: IF every day at a configured threshold THEN turn off all lights using Philips Hue.,14.144190788269043,3.613471746444702,6.6156744956970215
rule__T030_S0008,rule_index,green_rule,lighting_efficiency,lighting_efficiency,T030_S0008,,,,T030_S0008,automated_lighting_control,,Green category: lighting_efficiency Topic: automated_lighting_control Rule: IF every morning after I leave for work THEN turn off Hue lights using Philips Hue.,13.842103958129883,3.4696459770202637,6.703998565673828
rule__T030_S0009,rule_index,green_rule,lighting_efficiency,lighting_efficiency,T030_S0009,,,,T030_S0009,automated_lighting_control,,Green category: lighting_efficiency Topic: automated_lighting_control Rule: IF I leave for work THEN turn off lights using Philips Hue.,13.771682739257812,3.426246404647827,6.692173957824707
rule__T030_S0010,rule_index,green_rule,lighting_efficiency,lighting_efficiency,T030_S0010,,,,T030_S0010,automated_lighting_control,,Green category: lighting_efficiency Topic: automated_lighting_control Rule: IF I have left for work on Mon-Fri THEN turn off my lights using Philips Hue.,13.828393936157227,3.4546656608581543,6.6950297355651855
rule__T030_S0013,rule_index,green_rule,lighting_efficiency,lighting_efficiency,T030_S0013,,,,T030_S0013,automated_lighting_control,,Green category: lighting_efficiency Topic: automated_lighting_control Rule: IF every hour at a configured threshold THEN turn off lights using Philips Hue.,14.033377647399902,3.5609354972839355,6.640265464782715
rule__T030_S0016,rule_index,green_rule,lighting_efficiency,lighting_efficiency,T030_S0016,,,,T030_S0016,automated_lighting_control,,Green category: lighting_efficiency Topic: automated_lighting_control Rule: IF every year on a configured threshold THEN turn off the lights for Earth Hour using Philips Hue.,14.147887229919434,3.598031997680664,6.638678073883057
rule__T030_S0017,rule_index,green_rule,lighting_efficiency,lighting_efficiency,T030_S0017,,,,T030_S0017,automated_lighting_control,,Green category: lighting_efficiency Topic: automated_lighting_control Rule: IF every year on a configured threshold THEN turn off all your Hue Lights at 8:30pm for Earth Hour.,14.205660820007324,3.6152358055114746,6.635434150695801
rule__T030_S0018,rule_index,green_rule,lighting_efficiency,lighting_efficiency,T030_S0018,,,,T030_S0018,automated_lighting_control,,Green category: lighting_efficiency Topic: automated_lighting_control Rule: IF every day at midnight THEN turn off all Hue connected lights using Philips Hue.,14.327878952026367,3.705995798110962,6.663315296173096
rule__T030_S0020,rule_index,green_rule,lighting_efficiency,lighting_efficiency,T030_S0020,,,,T030_S0020,automated_lighting_control,,Green category: lighting_efficiency Topic: automated_lighting_control Rule: IF every day at 10pm THEN turn off lights using Philips Hue.,14.30864143371582,3.663238525390625,6.670100688934326
rule__T030_S0021,rule_index,green_rule,lighting_efficiency,lighting_efficiency,T030_S0021,,,,T030_S0021,automated_lighting_control,,Green category: lighting_efficiency Topic: automated_lighting_control Rule: IF every day at midnight THEN turn off the front door light using Philips Hue.,14.340028762817383,3.703587770462036,6.697164535522461
rule__T030_S0022,rule_index,green_rule,lighting_efficiency,lighting_efficiency,T030_S0022,,,,T030_S0022,automated_lighting_control,,Green category: lighting_efficiency Topic: automated_lighting_control Rule: IF every day at a configured threshold THEN turn off your Hue lights using Philips Hue.,14.130967140197754,3.578667640686035,6.623727321624756
rule__T030_S0023,rule_index,green_rule,lighting_efficiency,lighting_efficiency,T030_S0023,,,,T030_S0023,automated_lighting_control,,Green category: lighting_efficiency Topic: automated_lighting_control Rule: IF every day at 11pm THEN turn off all lights using Philips Hue.,14.321745872497559,3.6621522903442383,6.671846389770508
rule__T030_S0024,rule_index,green_rule,lighting_efficiency,lighting_efficiency,T030_S0024,,,,T030_S0024,automated_lighting_control,,Green category: lighting_efficiency Topic: automated_lighting_control Rule: IF every day at a configured threshold THEN turn off lights using Philips Hue.,14.106143951416016,3.595414638519287,6.538346290588379
rule__T030_S0025,rule_index,green_rule,lighting_efficiency,lighting_efficiency,T030_S0025,,,,T030_S0025,automated_lighting_control,,Green category: lighting_efficiency Topic: automated_lighting_control Rule: IF every day at 11:15 THEN turn off lights using Philips Hue.,14.342578887939453,3.6521518230438232,6.692989349365234
rule__T030_S0026,rule_index,green_rule,lighting_efficiency,lighting_efficiency,T030_S0026,,,,T030_S0026,automated_lighting_control,,Green category: lighting_efficiency Topic: automated_lighting_control Rule: IF every day at 9:00 AM THEN turn off all lights using Philips Hue.,14.350835800170898,3.6966359615325928,6.6870951652526855
rule__T030_S0027,rule_index,green_rule,lighting_efficiency,lighting_efficiency,T030_S0027,,,,T030_S0027,automated_lighting_control,,Green category: lighting_efficiency Topic: automated_lighting_control Rule: IF it's time to shut your eyes THEN shut off Hue lights using Philips Hue.,13.99665355682373,3.5509212017059326,6.624293327331543
rule__T030_S0028,rule_index,green_rule,lighting_efficiency,lighting_efficiency,T030_S0028,,,,T030_S0028,automated_lighting_control,,Green category: lighting_efficiency Topic: automated_lighting_control Rule: IF every day at midnight THEN turn off all lights using Philips Hue.,14.350732803344727,3.6939947605133057,6.688070297241211
rule__T030_S0031,rule_index,green_rule,lighting_efficiency,lighting_efficiency,T030_S0031,,,,T030_S0031,automated_lighting_control,,Green category: lighting_efficiency Topic: automated_lighting_control Rule: IF every day of the week at a configured threshold THEN turn off lights using Philips Hue.,14.077406883239746,3.566293478012085,6.589019775390625
rule__T030_S0032,rule_index,green_rule,lighting_efficiency,lighting_efficiency,T030_S0032,,,,T030_S0032,automated_lighting_control,,Green category: lighting_efficiency Topic: automated_lighting_control Rule: IF I leave for work on every day of the week THEN turn off lights using Philips Hue.,13.893558502197266,3.491867780685425,6.665572166442871
rule__T030_S0035,rule_index,green_rule,lighting_efficiency,lighting_efficiency,T030_S0035,,,,T030_S0035,automated_lighting_control,,Green category: lighting_efficiency Topic: automated_lighting_control Rule: IF hugOne detects all family members are asleep THEN turn off your Hue lights using Philips Hue.,13.985218048095703,3.5806071758270264,6.694640159606934
rule__T030_S0036,rule_index,green_rule,lighting_efficiency,lighting_efficiency,T030_S0036,,,,T030_S0036,automated_lighting_control,,Green category: lighting_efficiency Topic: automated_lighting_control Rule: IF every day at 9:00 AM THEN turn off lights using Philips Hue.,14.305192947387695,3.6869542598724365,6.6790080070495605
rule__T030_S0037,rule_index,green_rule,lighting_efficiency,lighting_efficiency,T030_S0037,,,,T030_S0037,automated_lighting_control,,Green category: lighting_efficiency Topic: automated_lighting_control Rule: IF every day at 10:15pm THEN turn off all lights using Philips Hue.,14.357832908630371,3.679382801055908,6.705879211425781
rule__T030_S0038,rule_index,green_rule,lighting_efficiency,lighting_efficiency,T030_S0038,,,,T030_S0038,automated_lighting_control,,Green category: lighting_efficiency Topic: automated_lighting_control Rule: IF I forget THEN turn off all lights using Philips Hue.,14.155261039733887,3.6566035747528076,6.613646507263184
rule__T030_S0041,rule_index,green_rule,lighting_efficiency,lighting_efficiency,T030_S0041,,,,T030_S0041,automated_lighting_control,,Green category: lighting_efficiency Topic: automated_lighting_control Rule: IF every day at a configured threshold THEN turn off all lights to get some deep sleep using Philips Hue.,14.064022064208984,3.6223461627960205,6.577566623687744
rule__T030_S0043,rule_index,green_rule,lighting_efficiency,lighting_efficiency,T030_S0043,,,,T030_S0043,automated_lighting_control,,Green category: lighting_efficiency Topic: automated_lighting_control Rule: IF every day at 11:45 PM THEN turn off all lights using Philips Hue.,14.404511451721191,3.659639835357666,6.719283580780029
rule__T030_S0044,rule_index,green_rule,lighting_efficiency,lighting_efficiency,T030_S0044,,,,T030_S0044,automated_lighting_control,,Green category: lighting_efficiency Topic: automated_lighting_control Rule: IF every day at a configured threshold THEN turn off Christmas lights using Wink: Pivot Power Genius.,14.146537780761719,1.831405520439148,5.286460876464844
rule__T033_S0001,rule_index,green_rule,hvac_optimization,hvac_optimization,T033_S0001,,,,T033_S0001,weather_based_thermostat_control,,Green category: hvac_optimization Topic: weather_based_thermostat_control Rule: IF Carbon dioxide rises above from Netatmo Weather Station THEN Set dial label using Wink: Nimbus.,6.564481258392334,-2.487584352493286,6.895993232727051
rule__T033_S0008,rule_index,green_rule,hvac_optimization,hvac_optimization,T033_S0008,,,,T033_S0008,weather_based_thermostat_control,,Green category: hvac_optimization Topic: weather_based_thermostat_control Rule: IF Current temperature rises above from Weather Underground THEN Set dial label using Wink: Nimbus.,6.58294677734375,-2.471855401992798,6.87968635559082
rule__T033_S0014,rule_index,green_rule,hvac_optimization,hvac_optimization,T033_S0014,,,,T033_S0014,weather_based_thermostat_control,,Green category: hvac_optimization Topic: weather_based_thermostat_control Rule: IF Temperature drops below from Wink: Spotter THEN Set dial label using Wink: Nimbus to show Spotter Temp Fall.,6.5868682861328125,-2.4604828357696533,6.869592666625977
rule__T033_S0015,rule_index,green_rule,hvac_optimization,hvac_optimization,T033_S0015,,,,T033_S0015,weather_based_thermostat_control,,Green category: hvac_optimization Topic: weather_based_thermostat_control Rule: IF Temperature rises above from Wink: Spotter THEN Set dial label using Wink: Nimbus to show Spotter Temp Rise.,6.617763996124268,-2.5181093215942383,6.838902950286865
rule__T033_S0026,rule_index,green_rule,hvac_optimization,hvac_optimization,T033_S0026,,,,T033_S0026,weather_based_thermostat_control,,Green category: hvac_optimization Topic: weather_based_thermostat_control Rule: IF Today's weather report from Weather Underground THEN Set dial label using Wink: Nimbus to set current temperature.,6.542530536651611,-2.457113265991211,6.917538166046143
rule__T033_S0028,rule_index,green_rule,hvac_optimization,hvac_optimization,T033_S0028,,,,T033_S0028,weather_based_thermostat_control,,Green category: hvac_optimization Topic: weather_based_thermostat_control Rule: IF Today's weather report from Weather Underground THEN Set dial label using Wink: Nimbus to send current temperature.,6.563689708709717,-2.478740692138672,6.896597385406494
rule__T033_S0034,rule_index,green_rule,hvac_optimization,hvac_optimization,T033_S0034,,,,T033_S0034,weather_based_thermostat_control,,Green category: hvac_optimization Topic: weather_based_thermostat_control Rule: IF Today's weather report from Weather Underground THEN Set dial label using Wink: Nimbus to show current temperature.,6.563398361206055,-2.4927632808685303,6.899491310119629
rule__T033_S0035,rule_index,green_rule,hvac_optimization,hvac_optimization,T033_S0035,,,,T033_S0035,weather_based_thermostat_control,,Green category: hvac_optimization Topic: weather_based_thermostat_control Rule: IF Temperature rises above from Nest Thermostat THEN Set dial label using Wink: Nimbus to show real-time temperature reporting.,6.6094465255737305,-2.5114829540252686,6.847541809082031
rule__T033_S0036,rule_index,green_rule,hvac_optimization,hvac_optimization,T033_S0036,,,,T033_S0036,weather_based_thermostat_control,,Green category: hvac_optimization Topic: weather_based_thermostat_control Rule: IF Temperature rises above from Nest Thermostat THEN Set dial label using Wink: Nimbus to show rising temperature.,6.621417999267578,-2.5238730907440186,6.834963798522949
rule__T033_S0037,rule_index,green_rule,hvac_optimization,hvac_optimization,T033_S0037,,,,T033_S0037,weather_based_thermostat_control,,Green category: hvac_optimization Topic: weather_based_thermostat_control Rule: IF Temperature drops below from Nest Thermostat THEN Set dial label using Wink: Nimbus to show real-time temperature reporting.,6.590822696685791,-2.4920520782470703,6.86683464050293
rule__T033_S0040,rule_index,green_rule,hvac_optimization,hvac_optimization,T033_S0040,,,,T033_S0040,weather_based_thermostat_control,,Green category: hvac_optimization Topic: weather_based_thermostat_control Rule: IF Device uploads new data from BloomSky Weather THEN Set dial label using Wink: Nimbus to show current Bloomsky temperature.,6.54046106338501,-2.4597346782684326,6.9246745109558105
rule__T034_S0001,rule_index,green_rule,lighting_efficiency,lighting_efficiency,T034_S0001,,,,T034_S0001,automated_lighting_control,,Green category: lighting_efficiency Topic: automated_lighting_control Rule: IF every day of the week at a configured threshold THEN turn lights on using LIFX for Weekday Wake Up Lights.,13.9096097946167,1.46854567527771,5.625730037689209
rule__T034_S0002,rule_index,green_rule,lighting_efficiency,lighting_efficiency,T034_S0002,,,,T034_S0002,automated_lighting_control,,Green category: lighting_efficiency Topic: automated_lighting_control Rule: IF every day of the week at a configured threshold THEN change color of lights using LIFX for LIFX Chill-Out Time.,13.842923164367676,1.4976449012756348,5.5794525146484375
rule__T034_S0004,rule_index,green_rule,lighting_efficiency,lighting_efficiency,T034_S0004,,,,T034_S0004,automated_lighting_control,,Green category: lighting_efficiency Topic: automated_lighting_control Rule: IF every day at a configured threshold THEN set the brightness using simplehuman for Wake up to a bright sensor mirror.,14.11764907836914,1.7371490001678467,5.273202896118164
rule__T034_S0005,rule_index,green_rule,lighting_efficiency,lighting_efficiency,T034_S0005,,,,T034_S0005,automated_lighting_control,,Green category: lighting_efficiency Topic: automated_lighting_control Rule: IF device is plugged in from Android Battery THEN turn lights off using LIFX when going to bed.,13.904341697692871,1.4911118745803833,5.528625965118408
rule__T034_S0006,rule_index,green_rule,lighting_efficiency,lighting_efficiency,T034_S0006,,,,T034_S0006,automated_lighting_control,,Green category: lighting_efficiency Topic: automated_lighting_control Rule: IF every day of the week at a configured threshold THEN turn lights on using LIFX.,13.857941627502441,1.4686918258666992,5.612438201904297
rule__T034_S0008,rule_index,green_rule,lighting_efficiency,lighting_efficiency,T034_S0008,,,,T034_S0008,automated_lighting_control,,Green category: lighting_efficiency Topic: automated_lighting_control Rule: IF every day at a configured threshold THEN change color of lights using LIFX for LIFX Terrarium Lights - Daytime.,13.822831153869629,1.4867870807647705,5.587065696716309
rule__T034_S0009,rule_index,green_rule,lighting_efficiency,lighting_efficiency,T034_S0009,,,,T034_S0009,automated_lighting_control,,Green category: lighting_efficiency Topic: automated_lighting_control Rule: IF every day at a configured threshold THEN turn lights off using LIFX at 2:00 AM.,13.91757869720459,1.532793641090393,5.533288478851318
rule__T034_S0010,rule_index,green_rule,lighting_efficiency,lighting_efficiency,T034_S0010,,,,T034_S0010,automated_lighting_control,,Green category: lighting_efficiency Topic: automated_lighting_control Rule: IF every day of the week at a configured threshold THEN turn LIFX lights on.,13.920119285583496,1.5492591857910156,5.573312759399414
rule__T034_S0011,rule_index,green_rule,lighting_efficiency,lighting_efficiency,T034_S0011,,,,T034_S0011,automated_lighting_control,,Green category: lighting_efficiency Topic: automated_lighting_control Rule: IF every day of the week at a configured threshold THEN turn lights off using LIFX at 11:15 PM.,13.958006858825684,1.5591578483581543,5.52088737487793
rule__T034_S0012,rule_index,green_rule,lighting_efficiency,lighting_efficiency,T034_S0012,,,,T034_S0012,automated_lighting_control,,Green category: lighting_efficiency Topic: automated_lighting_control Rule: IF every day of the week at a configured threshold THEN turn lights off using LIFX at 10:00 PM with fade off.,13.918831825256348,1.5242712497711182,5.517367839813232
rule__T034_S0013,rule_index,green_rule,lighting_efficiency,lighting_efficiency,T034_S0013,,,,T034_S0013,automated_lighting_control,,Green category: lighting_efficiency Topic: automated_lighting_control Rule: IF every day at a configured threshold THEN turn LIFX bulb(s) on.,13.966747283935547,1.6107819080352783,5.471930980682373
rule__T034_S0014,rule_index,green_rule,lighting_efficiency,lighting_efficiency,T034_S0014,,,,T034_S0014,automated_lighting_control,,Green category: lighting_efficiency Topic: automated_lighting_control Rule: IF every day at a configured threshold THEN simulate sunset by fading lights to red at 8:30 PM.,14.12606143951416,1.7508991956710815,5.28140115737915
rule__T034_S0015,rule_index,green_rule,lighting_efficiency,lighting_efficiency,T034_S0015,,,,T034_S0015,automated_lighting_control,,Green category: lighting_efficiency Topic: automated_lighting_control Rule: IF every day at a configured threshold THEN activate a scene using Almond for bedtime schedule.,14.10200309753418,1.7485460042953491,5.284002304077148
rule__T034_S0016,rule_index,green_rule,lighting_efficiency,lighting_efficiency,T034_S0016,,,,T034_S0016,automated_lighting_control,,Green category: lighting_efficiency Topic: automated_lighting_control Rule: IF every day of the week at a configured threshold THEN turn lights on using LIFX with warm white light fading on over 30 minutes.,13.861788749694824,1.5347380638122559,5.541741371154785
rule__T034_S0020,rule_index,green_rule,lighting_efficiency,lighting_efficiency,T034_S0020,,,,T034_S0020,automated_lighting_control,,Green category: lighting_efficiency Topic: automated_lighting_control Rule: IF every day at a configured threshold THEN turn lights on using LIFX at a specific time.,13.865991592407227,1.499817132949829,5.573608875274658
rule__T034_S0021,rule_index,green_rule,lighting_efficiency,lighting_efficiency,T034_S0021,,,,T034_S0021,automated_lighting_control,,Green category: lighting_efficiency Topic: automated_lighting_control Rule: IF every day at a configured threshold THEN turn LIFX lights off at 11:00 PM.,13.978616714477539,1.6151419878005981,5.462414741516113
rule__T034_S0022,rule_index,green_rule,lighting_efficiency,lighting_efficiency,T034_S0022,,,,T034_S0022,automated_lighting_control,,Green category: lighting_efficiency Topic: automated_lighting_control Rule: IF every day at a configured threshold THEN turn lights off at 11 PM.,14.101897239685059,1.7954989671707153,5.324440956115723
rule__T034_S0023,rule_index,green_rule,lighting_efficiency,lighting_efficiency,T034_S0023,,,,T034_S0023,automated_lighting_control,,Green category: lighting_efficiency Topic: automated_lighting_control Rule: IF every day at a configured threshold THEN turn LIFX bulbs on every morning.,13.852534294128418,1.4960442781448364,5.5835723876953125
rule__T034_S0024,rule_index,green_rule,lighting_efficiency,lighting_efficiency,T034_S0024,,,,T034_S0024,automated_lighting_control,,"Green category: lighting_efficiency Topic: automated_lighting_control Rule: IF every day at a configured threshold THEN turn lights on as an alarm, gently getting brighter.",14.088456153869629,1.7202882766723633,5.317076683044434
rule__T034_S0025,rule_index,green_rule,lighting_efficiency,lighting_efficiency,T034_S0025,,,,T034_S0025,automated_lighting_control,,Green category: lighting_efficiency Topic: automated_lighting_control Rule: IF every day of the week at a configured threshold THEN turn lights on using LIFX for Morning Wakeup.,13.904796600341797,1.467046856880188,5.623124122619629
rule__T034_S0026,rule_index,green_rule,lighting_efficiency,lighting_efficiency,T034_S0026,,,,T034_S0026,automated_lighting_control,,Green category: lighting_efficiency Topic: automated_lighting_control Rule: IF every day of the week at a configured threshold THEN fade on lights at 7:00 AM.,14.170494079589844,1.6878700256347656,5.349050521850586
rule__T034_S0027,rule_index,green_rule,lighting_efficiency,lighting_efficiency,T034_S0027,,,,T034_S0027,automated_lighting_control,,Green category: lighting_efficiency Topic: automated_lighting_control Rule: IF every day at a configured threshold THEN change color of lights using LIFX to a cool temperature in the morning.,13.840189933776855,1.4949394464492798,5.58096170425415
rule__T034_S0030,rule_index,green_rule,lighting_efficiency,lighting_efficiency,T034_S0030,,,,T034_S0030,automated_lighting_control,,Green category: lighting_efficiency Topic: automated_lighting_control Rule: IF every day at a configured threshold THEN turn off lights at 2 AM to avoid wasting electricity.,14.120631217956543,1.756881833076477,5.292879104614258
rule__T034_S0031,rule_index,green_rule,lighting_efficiency,lighting_efficiency,T034_S0031,,,,T034_S0031,automated_lighting_control,,Green category: lighting_efficiency Topic: automated_lighting_control Rule: IF every day at a configured threshold THEN turn off lights automatically.,14.137621879577637,1.819190263748169,5.243953704833984
rule__T034_S0032,rule_index,green_rule,lighting_efficiency,lighting_efficiency,T034_S0032,,,,T034_S0032,automated_lighting_control,,Green category: lighting_efficiency Topic: automated_lighting_control Rule: IF every day at a configured threshold THEN turn on the light every morning at 7 AM using openHAB.,14.120022773742676,1.7553733587265015,5.288519859313965
rule__T034_S0033,rule_index,green_rule,lighting_efficiency,lighting_efficiency,T034_S0033,,,,T034_S0033,automated_lighting_control,,Green category: lighting_efficiency Topic: automated_lighting_control Rule: IF every day of the week at a configured threshold THEN blink LIFX lights to wake up.,13.8871431350708,1.473075270652771,5.642914295196533
rule__T034_S0035,rule_index,green_rule,lighting_efficiency,lighting_efficiency,T034_S0035,,,,T034_S0035,automated_lighting_control,,Green category: lighting_efficiency Topic: automated_lighting_control Rule: IF every day at a configured threshold THEN turn LIFX into a nightlight or low visible light.,13.775786399841309,1.4109439849853516,5.665088176727295
rule__T034_S0036,rule_index,green_rule,lighting_efficiency,lighting_efficiency,T034_S0036,,,,T034_S0036,automated_lighting_control,,Green category: lighting_efficiency Topic: automated_lighting_control Rule: IF every day at a configured threshold THEN fade all lights out at 11 PM.,14.156105041503906,1.7380783557891846,5.264328956604004
rule__T034_S0037,rule_index,green_rule,lighting_efficiency,lighting_efficiency,T034_S0037,,,,T034_S0037,automated_lighting_control,,Green category: lighting_efficiency Topic: automated_lighting_control Rule: IF every day at a configured threshold THEN turn off LIFX nightlight or low visible light at 6 AM.,13.93574333190918,1.5580413341522217,5.512071132659912
rule__T034_S0039,rule_index,green_rule,lighting_efficiency,lighting_efficiency,T034_S0039,,,,T034_S0039,automated_lighting_control,,Green category: lighting_efficiency Topic: automated_lighting_control Rule: IF every day at a configured threshold THEN toggle lights on/off using LIFX at 40% brightness with alarm.,13.881749153137207,1.5559946298599243,5.511526107788086
rule__T034_S0040,rule_index,green_rule,lighting_efficiency,lighting_efficiency,T034_S0040,,,,T034_S0040,automated_lighting_control,,"Green category: lighting_efficiency Topic: automated_lighting_control Rule: IF every day at a configured threshold THEN turn lights on using LIFX as an alarm, gently getting brighter.",13.872233390808105,1.527668833732605,5.551881313323975
rule__T034_S0042,rule_index,green_rule,lighting_efficiency,lighting_efficiency,T034_S0042,,,,T034_S0042,automated_lighting_control,,Green category: lighting_efficiency Topic: automated_lighting_control Rule: IF every day at a configured threshold THEN turn off LIFX lights at a chosen time every day.,13.949578285217285,1.520009994506836,5.524903297424316
rule__T036_S0001,rule_index,green_rule,occupancy_based_control,occupancy_based_control,T036_S0001,,,,T036_S0001,motion_based_lighting_control,,Green category: occupancy_based_control Topic: motion_based_lighting_control Rule: IF New Motion Detected from Ring THEN Toggle on/off using WeMo Light Switch.,12.243547439575195,3.6699419021606445,9.367659568786621
rule__T036_S0003,rule_index,green_rule,occupancy_based_control,occupancy_based_control,T036_S0003,,,,T036_S0003,motion_based_lighting_control,,Green category: occupancy_based_control Topic: motion_based_lighting_control Rule: IF New Motion Detected from Ring THEN Turn on lights using Philips Hue.,12.267223358154297,3.69708251953125,9.3606595993042
rule__T036_S0004,rule_index,green_rule,occupancy_based_control,occupancy_based_control,T036_S0004,,,,T036_S0004,motion_based_lighting_control,,Green category: occupancy_based_control Topic: motion_based_lighting_control Rule: IF New Motion Detected from Ring THEN Turn on using WIFIPLUG.,12.304289817810059,3.72505784034729,9.426628112792969
rule__T036_S0007,rule_index,green_rule,occupancy_based_control,occupancy_based_control,T036_S0007,,,,T036_S0007,motion_based_lighting_control,,Green category: occupancy_based_control Topic: motion_based_lighting_control Rule: IF New Motion Detected from Ring THEN Turn lights on using LIFX.,12.267670631408691,3.658902645111084,9.36196231842041
rule__T036_S0009,rule_index,green_rule,occupancy_based_control,occupancy_based_control,T036_S0009,,,,T036_S0009,motion_based_lighting_control,,Green category: occupancy_based_control Topic: motion_based_lighting_control Rule: IF Ring Pro detects motion at front door THEN turn on HUE porch light.,12.221577644348145,3.72351336479187,9.413382530212402
rule__T036_S0011,rule_index,green_rule,occupancy_based_control,occupancy_based_control,T036_S0011,,,,T036_S0011,motion_based_lighting_control,,Green category: occupancy_based_control Topic: motion_based_lighting_control Rule: IF New Motion Detected from Ring THEN Blink lights using Philips Hue.,12.230856895446777,3.666951894760132,9.38115406036377
rule__T036_S0014,rule_index,green_rule,occupancy_based_control,occupancy_based_control,T036_S0014,,,,T036_S0014,motion_based_lighting_control,,Green category: occupancy_based_control Topic: motion_based_lighting_control Rule: IF New Motion Detected from Ring THEN Toggle on/off using WIFIPLUG.,12.227479934692383,3.6725218296051025,9.347480773925781
rule__T036_S0015,rule_index,green_rule,occupancy_based_control,occupancy_based_control,T036_S0015,,,,T036_S0015,motion_based_lighting_control,,Green category: occupancy_based_control Topic: motion_based_lighting_control Rule: IF New Motion Detected by Ring THEN Turn on lights.,12.251007080078125,3.680851459503174,9.377118110656738
rule__T036_S0017,rule_index,green_rule,occupancy_based_control,occupancy_based_control,T036_S0017,,,,T036_S0017,motion_based_lighting_control,,Green category: occupancy_based_control Topic: motion_based_lighting_control Rule: IF New Ring Detected from Ring THEN Blink lights using LIFX.,12.24947452545166,3.671792507171631,9.375736236572266
rule__T036_S0020,rule_index,green_rule,occupancy_based_control,occupancy_based_control,T036_S0020,,,,T036_S0020,motion_based_lighting_control,,Green category: occupancy_based_control Topic: motion_based_lighting_control Rule: IF New Motion Detected from Ring THEN Run a HomeSeer system event using HomeSeer.,12.254829406738281,3.6717119216918945,9.374505996704102
rule__T036_S0022,rule_index,green_rule,occupancy_based_control,occupancy_based_control,T036_S0022,,,,T036_S0022,motion_based_lighting_control,,Green category: occupancy_based_control Topic: motion_based_lighting_control Rule: IF Ring doorbell detects motion THEN Switch ON entrance lights using SmartThings.,12.214743614196777,3.651148557662964,9.347014427185059
rule__T036_S0023,rule_index,green_rule,occupancy_based_control,occupancy_based_control,T036_S0023,,,,T036_S0023,motion_based_lighting_control,,Green category: occupancy_based_control Topic: motion_based_lighting_control Rule: IF presence is detected THEN turn on switch using SmartThings.,12.121039390563965,3.574895143508911,9.277400970458984
rule__T036_S0028,rule_index,green_rule,occupancy_based_control,occupancy_based_control,T036_S0028,,,,T036_S0028,motion_based_lighting_control,,Green category: occupancy_based_control Topic: motion_based_lighting_control Rule: IF Ring Motion detected THEN Switch on using SmartThings.,12.175100326538086,3.621969699859619,9.309669494628906
rule__T036_S0033,rule_index,green_rule,occupancy_based_control,occupancy_based_control,T036_S0033,,,,T036_S0033,motion_based_lighting_control,,Green category: occupancy_based_control Topic: motion_based_lighting_control Rule: IF New Motion Detected from Ring THEN Blink lights using LIFX.,12.259024620056152,3.674046754837036,9.375057220458984
rule__T036_S0034,rule_index,green_rule,occupancy_based_control,occupancy_based_control,T036_S0034,,,,T036_S0034,motion_based_lighting_control,,Green category: occupancy_based_control Topic: motion_based_lighting_control Rule: IF New Ring Detected from Ring THEN Blink lights using Philips Hue.,12.239007949829102,3.6696462631225586,9.37748908996582
rule__T036_S0035,rule_index,green_rule,occupancy_based_control,occupancy_based_control,T036_S0035,,,,T036_S0035,motion_based_lighting_control,,Green category: occupancy_based_control Topic: motion_based_lighting_control Rule: IF doorbell pressed THEN Switch on using SmartThings.,12.14486026763916,3.5859732627868652,9.271060943603516
rule__T038_S0001,rule_index,green_rule,hvac_optimization,hvac_optimization,T038_S0001,,,,T038_S0001,ecobee_automation,,Green category: hvac_optimization Topic: ecobee_automation Rule: IF Indoor temperature less than from ecobee THEN Set comfort profile until next transition using ecobee.,7.138914585113525,4.621610164642334,3.575730085372925
rule__T038_S0002,rule_index,green_rule,hvac_optimization,hvac_optimization,T038_S0002,,,,T038_S0002,ecobee_automation,,Green category: hvac_optimization Topic: ecobee_automation Rule: IF Indoor humidity greater than from ecobee THEN Set hold for X hours using ecobee.,7.128680229187012,4.63137674331665,3.5656871795654297
rule__T038_S0003,rule_index,green_rule,hvac_optimization,hvac_optimization,T038_S0003,,,,T038_S0003,ecobee_automation,,Green category: hvac_optimization Topic: ecobee_automation Rule: IF Outdoor temperature less than from ecobee THEN Set comfort profile until next transition using ecobee.,7.1569623947143555,4.603533744812012,3.5937395095825195
rule__T038_S0004,rule_index,green_rule,hvac_optimization,hvac_optimization,T038_S0004,,,,T038_S0004,ecobee_automation,,Green category: hvac_optimization Topic: ecobee_automation Rule: IF Current temperature drops below from Weather Underground THEN Set comfort profile until next transition using ecobee.,7.165487766265869,4.594815731048584,3.6023340225219727
rule__T038_S0005,rule_index,green_rule,hvac_optimization,hvac_optimization,T038_S0005,,,,T038_S0005,ecobee_automation,,Green category: hvac_optimization Topic: ecobee_automation Rule: IF Current temperature drops below from Weather Underground THEN Set hold for X hours using ecobee.,7.104792594909668,4.655571460723877,3.541734218597412
rule__T038_S0006,rule_index,green_rule,hvac_optimization,hvac_optimization,T038_S0006,,,,T038_S0006,ecobee_automation,,Green category: hvac_optimization Topic: ecobee_automation Rule: IF Current temperature rises above from Weather Underground THEN Set hold until next transition using ecobee.,7.122795104980469,4.637260437011719,3.55954909324646
rule__T038_S0007,rule_index,green_rule,hvac_optimization,hvac_optimization,T038_S0007,,,,T038_S0007,ecobee_automation,,Green category: hvac_optimization Topic: ecobee_automation Rule: IF Switched on from SmartThings THEN Set comfort profile for X hours using ecobee.,7.147937297821045,4.612706661224365,3.5849437713623047
rule__T038_S0008,rule_index,green_rule,hvac_optimization,hvac_optimization,T038_S0008,,,,T038_S0008,ecobee_automation,,Green category: hvac_optimization Topic: ecobee_automation Rule: IF Sensor activated from SkylinkNet THEN Set comfort profile until next transition using ecobee.,7.157403469085693,4.603355407714844,3.5942249298095703
rule__T038_S0009,rule_index,green_rule,hvac_optimization,hvac_optimization,T038_S0009,,,,T038_S0009,ecobee_automation,,Green category: hvac_optimization Topic: ecobee_automation Rule: IF Every day of the week at from Date & Time THEN Set hold for X hours using ecobee.,7.092600345611572,4.667418003082275,3.5295803546905518
rule__T038_S0011,rule_index,green_rule,hvac_optimization,hvac_optimization,T038_S0011,,,,T038_S0011,ecobee_automation,,Green category: hvac_optimization Topic: ecobee_automation Rule: IF Indoor humidity greater than from ecobee THEN Set hold until next transition using ecobee.,7.137610912322998,4.6225128173828125,3.574446201324463
rule__T038_S0012,rule_index,green_rule,hvac_optimization,hvac_optimization,T038_S0012,,,,T038_S0012,ecobee_automation,,Green category: hvac_optimization Topic: ecobee_automation Rule: IF Every day at from Date & Time THEN Set hold for X hours using ecobee.,7.053259372711182,4.706733703613281,3.490208625793457
rule__T038_S0013,rule_index,green_rule,hvac_optimization,hvac_optimization,T038_S0013,,,,T038_S0013,ecobee_automation,,Green category: hvac_optimization Topic: ecobee_automation Rule: IF You enter an area from Location THEN Set comfort profile until next transition using ecobee.,7.10676908493042,4.656098365783691,3.5425925254821777
rule__T038_S0014,rule_index,green_rule,hvac_optimization,hvac_optimization,T038_S0014,,,,T038_S0014,ecobee_automation,,Green category: hvac_optimization Topic: ecobee_automation Rule: IF Presence detected from SmartThings THEN Set comfort profile until next transition using ecobee.,7.159517288208008,4.601222991943359,3.5964763164520264
rule__T038_S0015,rule_index,green_rule,hvac_optimization,hvac_optimization,T038_S0015,,,,T038_S0015,ecobee_automation,,Green category: hvac_optimization Topic: ecobee_automation Rule: IF You exit an area from Location THEN Set comfort profile until next transition using ecobee.,7.086134433746338,4.676115989685059,3.5221126079559326
rule__T038_S0016,rule_index,green_rule,hvac_optimization,hvac_optimization,T038_S0016,,,,T038_S0016,ecobee_automation,,Green category: hvac_optimization Topic: ecobee_automation Rule: IF Opened from SmartThings THEN Set hold until next transition using ecobee.,7.0999860763549805,4.660261631011963,3.5368049144744873
rule__T038_S0027,rule_index,green_rule,hvac_optimization,hvac_optimization,T038_S0027,,,,T038_S0027,ecobee_automation,,Green category: hvac_optimization Topic: ecobee_automation Rule: IF You exit an area from Location THEN Set comfort profile for X hours using ecobee.,7.11555290222168,4.6461968421936035,3.5516786575317383
rule__T038_S0030,rule_index,green_rule,hvac_optimization,hvac_optimization,T038_S0030,,,,T038_S0030,ecobee_automation,,Green category: hvac_optimization Topic: ecobee_automation Rule: IF Switched off from SmartThings THEN Set comfort profile until next transition using ecobee.,7.161700248718262,4.598789691925049,3.598374843597412
rule__T038_S0033,rule_index,green_rule,hvac_optimization,hvac_optimization,T038_S0033,,,,T038_S0033,ecobee_automation,,Green category: hvac_optimization Topic: ecobee_automation Rule: IF Indoor humidity less than from ecobee THEN Resume program using ecobee.,7.17266321182251,4.587759017944336,3.6093909740448
rule__T038_S0034,rule_index,green_rule,hvac_optimization,hvac_optimization,T038_S0034,,,,T038_S0034,ecobee_automation,,Green category: hvac_optimization Topic: ecobee_automation Rule: IF Indoor temperature greater than from ecobee THEN Set hold for X hours using ecobee.,7.102033615112305,4.657994270324707,3.538801908493042
rule__T004_S0002,rule_index,green_rule,environmental_awareness,environmental_awareness,T004_S0002,,,,T004_S0002,temperature_based_device_control,,Green category: environmental_awareness Topic: temperature_based_device_control Rule: IF air pressure drops below from Netatmo Weather Station THEN turn off using WeMo Smart Plug.,17.412364959716797,12.059216499328613,5.917356014251709
rule__T004_S0003,rule_index,green_rule,environmental_awareness,environmental_awareness,T004_S0003,,,,T004_S0003,temperature_based_device_control,,Green category: environmental_awareness Topic: temperature_based_device_control Rule: IF wind speed rises above from Weather THEN turn off using WeMo Switch.,17.238874435424805,11.654073715209961,5.901162624359131
rule__T004_S0004,rule_index,green_rule,environmental_awareness,environmental_awareness,T004_S0004,,,,T004_S0004,temperature_based_device_control,,Green category: environmental_awareness Topic: temperature_based_device_control Rule: IF temperature drops below from Netatmo Weather Station THEN turn A/C off using Sensibo.,17.84498405456543,12.12968921661377,6.075042724609375
rule__T004_S0006,rule_index,green_rule,environmental_awareness,environmental_awareness,T004_S0006,,,,T004_S0006,temperature_based_device_control,,Green category: environmental_awareness Topic: temperature_based_device_control Rule: IF current condition changes from Weather Underground THEN turn on using WeMo Smart Plug.,17.175565719604492,11.550418853759766,5.586026191711426
rule__T004_S0007,rule_index,green_rule,environmental_awareness,environmental_awareness,T004_S0007,,,,T004_S0007,temperature_based_device_control,,Green category: environmental_awareness Topic: temperature_based_device_control Rule: IF wind speed rises above from Weather Underground THEN turn off using WeMo Smart Plug.,17.165813446044922,11.67753791809082,5.699158668518066
rule__T004_S0008,rule_index,green_rule,environmental_awareness,environmental_awareness,T004_S0008,,,,T004_S0008,temperature_based_device_control,,Green category: environmental_awareness Topic: temperature_based_device_control Rule: IF current temperature rises above from Weather Underground THEN turn off using WeMo Smart Plug.,17.124725341796875,11.645637512207031,5.674030780792236
rule__T004_S0009,rule_index,green_rule,environmental_awareness,environmental_awareness,T004_S0009,,,,T004_S0009,temperature_based_device_control,,Green category: environmental_awareness Topic: temperature_based_device_control Rule: IF current temperature drops below from Weather Underground THEN turn off using WeMo Smart Plug.,17.15973472595215,11.550086975097656,5.576470851898193
rule__T004_S0013,rule_index,green_rule,environmental_awareness,environmental_awareness,T004_S0013,,,,T004_S0013,temperature_based_device_control,,Green category: environmental_awareness Topic: temperature_based_device_control Rule: IF current condition changes from Weather Underground THEN turn off using WeMo Smart Plug.,17.132665634155273,11.597772598266602,5.667891025543213
rule__T004_S0015,rule_index,green_rule,environmental_awareness,environmental_awareness,T004_S0015,,,,T004_S0015,temperature_based_device_control,,Green category: environmental_awareness Topic: temperature_based_device_control Rule: IF current temperature rises above from Weather Underground THEN turn on using WeMo Smart Plug.,17.114234924316406,11.654278755187988,5.642451286315918
rule__T004_S0018,rule_index,green_rule,environmental_awareness,environmental_awareness,T004_S0018,,,,T004_S0018,temperature_based_device_control,,Green category: environmental_awareness Topic: temperature_based_device_control Rule: IF current humidity level rises above from Weather Underground THEN turn off using WeMo Smart Plug.,17.153884887695312,11.680673599243164,5.697352886199951
rule__T004_S0021,rule_index,green_rule,environmental_awareness,environmental_awareness,T004_S0021,,,,T004_S0021,temperature_based_device_control,,Green category: environmental_awareness Topic: temperature_based_device_control Rule: IF temperature rises above from Netatmo Weather Station THEN start cool mode using tado Air Conditioning.,17.503129959106445,12.114059448242188,5.986687660217285
rule__T004_S0025,rule_index,green_rule,environmental_awareness,environmental_awareness,T004_S0025,,,,T004_S0025,temperature_based_device_control,,Green category: environmental_awareness Topic: temperature_based_device_control Rule: IF temperature drops below from Netatmo Weather Station THEN turn on using WeMo Insight Switch.,17.49897003173828,12.109143257141113,6.013861656188965
rule__T004_S0026,rule_index,green_rule,environmental_awareness,environmental_awareness,T004_S0026,,,,T004_S0026,temperature_based_device_control,,Green category: environmental_awareness Topic: temperature_based_device_control Rule: IF temperature rises above from Netatmo Weather Station THEN turn off using WeMo Insight Switch.,17.45319938659668,12.074539184570312,5.975958347320557
rule__T004_S0027,rule_index,green_rule,environmental_awareness,environmental_awareness,T004_S0027,,,,T004_S0027,temperature_based_device_control,,Green category: environmental_awareness Topic: temperature_based_device_control Rule: IF temperature drops below from Netatmo Weather Station THEN turn on using WeMo Smart Plug.,17.455286026000977,12.082866668701172,5.948884963989258
rule__T004_S0028,rule_index,green_rule,environmental_awareness,environmental_awareness,T004_S0028,,,,T004_S0028,temperature_based_device_control,,Green category: environmental_awareness Topic: temperature_based_device_control Rule: IF temperature rises above from Netatmo Weather Station THEN turn off using WeMo Smart Plug.,17.398059844970703,12.047636985778809,5.920536994934082
rule__T004_S0029,rule_index,green_rule,environmental_awareness,environmental_awareness,T004_S0029,,,,T004_S0029,temperature_based_device_control,,Green category: environmental_awareness Topic: temperature_based_device_control Rule: IF humidity rises above from Netatmo Weather Station THEN turn off using WeMo Smart Plug.,17.37941551208496,12.014673233032227,5.890161991119385
rule__T004_S0035,rule_index,green_rule,environmental_awareness,environmental_awareness,T004_S0035,,,,T004_S0035,temperature_based_device_control,,Green category: environmental_awareness Topic: temperature_based_device_control Rule: IF current temperature rises above from Weather Underground THEN turn off using WeMo Light Switch.,17.28833770751953,11.545770645141602,5.986485958099365
rule__T004_S0036,rule_index,green_rule,environmental_awareness,environmental_awareness,T004_S0036,,,,T004_S0036,temperature_based_device_control,,Green category: environmental_awareness Topic: temperature_based_device_control Rule: IF current temperature drops below from Weather Underground THEN turn off using WeMo Light Switch.,17.291749954223633,11.549972534179688,5.958352565765381
rule__T004_S0039,rule_index,green_rule,environmental_awareness,environmental_awareness,T004_S0039,,,,T004_S0039,temperature_based_device_control,,Green category: environmental_awareness Topic: temperature_based_device_control Rule: IF current temperature drops below from Weather Underground THEN turn on using WeMo Insight Switch.,17.324703216552734,11.504647254943848,5.9558844566345215
rule__T004_S0044,rule_index,green_rule,environmental_awareness,environmental_awareness,T004_S0044,,,,T004_S0044,temperature_based_device_control,,Green category: environmental_awareness Topic: temperature_based_device_control Rule: IF current temperature drops below from Weather Underground THEN turn on using WeMo Smart Plug.,17.16285514831543,11.567977905273438,5.564255237579346
rule__T004_S0054,rule_index,green_rule,environmental_awareness,environmental_awareness,T004_S0054,,,,T004_S0054,temperature_based_device_control,,Green category: environmental_awareness Topic: temperature_based_device_control Rule: IF current condition changes from Weather Underground THEN turn off using WeMo Insight Switch.,17.330028533935547,11.44119930267334,6.022911548614502
rule__T004_S0062,rule_index,green_rule,environmental_awareness,environmental_awareness,T004_S0062,,,,T004_S0062,temperature_based_device_control,,Green category: environmental_awareness Topic: temperature_based_device_control Rule: IF current temperature drops below from Weather Underground THEN switch on using SmartThings.,17.484140396118164,11.40671157836914,5.623353958129883
rule__T004_S0068,rule_index,green_rule,environmental_awareness,environmental_awareness,T004_S0068,,,,T004_S0068,temperature_based_device_control,,Green category: environmental_awareness Topic: temperature_based_device_control Rule: IF current temperature rises above from Weather Underground THEN adjust heat setting using WeMo Heater.,17.276798248291016,11.546489715576172,5.97676944732666
rule__T004_S0074,rule_index,green_rule,environmental_awareness,environmental_awareness,T004_S0074,,,,T004_S0074,temperature_based_device_control,,Green category: environmental_awareness Topic: temperature_based_device_control Rule: IF current humidity level rises above from Weather Underground THEN turn AC unit on using Daikin Online Controller.,17.41680335998535,11.418960571289062,5.910216808319092
rule__T004_S0075,rule_index,green_rule,environmental_awareness,environmental_awareness,T004_S0075,,,,T004_S0075,temperature_based_device_control,,Green category: environmental_awareness Topic: temperature_based_device_control Rule: IF current temperature drops below from Weather Underground THEN turn off your A/C using Ambi Climate.,17.493732452392578,11.476448059082031,5.585389137268066
rule__T004_S0085,rule_index,green_rule,environmental_awareness,environmental_awareness,T004_S0085,,,,T004_S0085,temperature_based_device_control,,Green category: environmental_awareness Topic: temperature_based_device_control Rule: IF low temperature alert from Awair THEN turn A/C off using Sensibo.,17.92913246154785,12.070296287536621,6.098814964294434
rule__T004_S0086,rule_index,green_rule,environmental_awareness,environmental_awareness,T004_S0086,,,,T004_S0086,temperature_based_device_control,,Green category: environmental_awareness Topic: temperature_based_device_control Rule: IF high humidity alert from Awair THEN turn on using WeMo Insight Switch.,17.390216827392578,11.458620071411133,6.036937713623047
rule__T004_S0088,rule_index,green_rule,environmental_awareness,environmental_awareness,T004_S0088,,,,T004_S0088,temperature_based_device_control,,Green category: environmental_awareness Topic: temperature_based_device_control Rule: IF temperature drops below from SmartThings THEN turn off your A/C using Ambi Climate.,17.57453155517578,11.503324508666992,5.650620460510254
rule__T004_S0092,rule_index,green_rule,environmental_awareness,environmental_awareness,T004_S0092,,,,T004_S0092,temperature_based_device_control,,Green category: environmental_awareness Topic: temperature_based_device_control Rule: IF current temperature rises above from Weather Underground THEN turn off using WeMo Insight Switch.,17.32675552368164,11.497623443603516,5.995642185211182
rule__T004_S0093,rule_index,green_rule,environmental_awareness,environmental_awareness,T004_S0093,,,,T004_S0093,temperature_based_device_control,,Green category: environmental_awareness Topic: temperature_based_device_control Rule: IF temperature rises above from Netatmo Weather Station THEN turn A/C on using Sensibo.,17.928264617919922,12.071928977966309,6.130930423736572
rule__T004_S0101,rule_index,green_rule,environmental_awareness,environmental_awareness,T004_S0101,,,,T004_S0101,temperature_based_device_control,,Green category: environmental_awareness Topic: temperature_based_device_control Rule: IF Temperature drops below from SmartThings THEN Set temperature using Nest Thermostat based on sensor temp.,7.541874408721924,-2.3676295280456543,6.119279384613037
rule__T004_S0102,rule_index,green_rule,environmental_awareness,environmental_awareness,T004_S0102,,,,T004_S0102,temperature_based_device_control,,Green category: environmental_awareness Topic: temperature_based_device_control Rule: IF Temperature drops below 19C from Netatmo Weather Station THEN increase Netatmo thermostat to 20C for 2 hours.,17.521875381469727,12.13751220703125,6.0033063888549805
rule__T004_S0103,rule_index,green_rule,environmental_awareness,environmental_awareness,T004_S0103,,,,T004_S0103,temperature_based_device_control,,Green category: environmental_awareness Topic: temperature_based_device_control Rule: IF Current temperature drops below from Weather Underground THEN turn on using WeMo Insight Switch.,17.35239028930664,11.539911270141602,5.844015121459961
rule__T004_S0104,rule_index,green_rule,environmental_awareness,environmental_awareness,T004_S0104,,,,T004_S0104,temperature_based_device_control,,Green category: environmental_awareness Topic: temperature_based_device_control Rule: IF Current humidity level rises above 80% from Weather Underground THEN turn on dehumidifier using WeMo Insight Switch.,17.40524673461914,11.356059074401855,6.053086757659912
rule__T004_S0107,rule_index,green_rule,environmental_awareness,environmental_awareness,T004_S0107,,,,T004_S0107,temperature_based_device_control,,Green category: environmental_awareness Topic: temperature_based_device_control Rule: IF Current temperature drops below from Weather Underground THEN turn on bedroom heater using WeMo Smart Plug.,17.229677200317383,11.472761154174805,5.557502269744873
rule__T004_S0108,rule_index,green_rule,environmental_awareness,environmental_awareness,T004_S0108,,,,T004_S0108,temperature_based_device_control,,Green category: environmental_awareness Topic: temperature_based_device_control Rule: IF Current temperature drops below 15deg from Weather Underground THEN turn on Wemo Heater using WeMo Smart Plug.,17.20489501953125,11.491063117980957,5.533267974853516
rule__T004_S0109,rule_index,green_rule,environmental_awareness,environmental_awareness,T004_S0109,,,,T004_S0109,temperature_based_device_control,,Green category: environmental_awareness Topic: temperature_based_device_control Rule: IF Current temperature drops below 32 degrees from Weather Underground THEN turn on heater using WeMo Smart Plug.,17.171249389648438,11.535077095031738,5.5283026695251465
rule__T004_S0110,rule_index,green_rule,environmental_awareness,environmental_awareness,T004_S0110,,,,T004_S0110,temperature_based_device_control,,Green category: environmental_awareness Topic: temperature_based_device_control Rule: IF Current temperature drops below from Weather Underground THEN turn on heater using WeMo Smart Plug.,17.20877456665039,11.501846313476562,5.512842178344727
rule__T004_S0113,rule_index,green_rule,environmental_awareness,environmental_awareness,T004_S0113,,,,T004_S0113,temperature_based_device_control,,Green category: environmental_awareness Topic: temperature_based_device_control Rule: IF Indoor temperature less than from ecobee THEN turn off ceiling fan using WeMo Light Switch.,17.20001792907715,11.661211967468262,5.840918064117432
rule__T004_S0114,rule_index,green_rule,environmental_awareness,environmental_awareness,T004_S0114,,,,T004_S0114,temperature_based_device_control,,Green category: environmental_awareness Topic: temperature_based_device_control Rule: IF Indoor temperature greater than from ecobee THEN turn on using WeMo Smart Plug.,17.053176879882812,11.839251518249512,5.67447566986084
rule__T004_S0115,rule_index,green_rule,environmental_awareness,environmental_awareness,T004_S0115,,,,T004_S0115,temperature_based_device_control,,Green category: environmental_awareness Topic: temperature_based_device_control Rule: IF Temperature drops below from ThermoSmart THEN turn off lights using WeMo Smart Plug.,17.146095275878906,11.717171669006348,5.598902702331543
rule__T004_S0116,rule_index,green_rule,environmental_awareness,environmental_awareness,T004_S0116,,,,T004_S0116,temperature_based_device_control,,Green category: environmental_awareness Topic: temperature_based_device_control Rule: IF Current temperature rises above from Weather Underground THEN turn AC unit on using Daikin Online Controller.,17.39424705505371,11.373214721679688,5.880244731903076
rule__T004_S0117,rule_index,green_rule,environmental_awareness,environmental_awareness,T004_S0117,,,,T004_S0117,temperature_based_device_control,,Green category: environmental_awareness Topic: temperature_based_device_control Rule: IF Current temperature drops below from Weather Underground THEN turn on D-Link Smart Plug.,17.304048538208008,11.382567405700684,5.509690284729004
rule__T004_S0119,rule_index,green_rule,environmental_awareness,environmental_awareness,T004_S0119,,,,T004_S0119,temperature_based_device_control,,Green category: environmental_awareness Topic: temperature_based_device_control Rule: IF Current temperature drops below 10°C from Weather Underground THEN power off device using Energenie Mi|Home.,17.439634323120117,11.37125015258789,5.537788391113281
rule__T004_S0120,rule_index,green_rule,environmental_awareness,environmental_awareness,T004_S0120,,,,T004_S0120,temperature_based_device_control,,Green category: environmental_awareness Topic: temperature_based_device_control Rule: IF Current condition changes to snow from Weather Underground THEN turn on roof heater using WeMo Insight Switch.,17.42118263244629,11.381417274475098,6.036369800567627
rule__T004_S0121,rule_index,green_rule,environmental_awareness,environmental_awareness,T004_S0121,,,,T004_S0121,temperature_based_device_control,,Green category: environmental_awareness Topic: temperature_based_device_control Rule: IF Current humidity level rises above 65% from Weather Underground THEN toggle switch in Telldus Live!,17.534969329833984,11.333678245544434,5.733486652374268
rule__T004_S0122,rule_index,green_rule,environmental_awareness,environmental_awareness,T004_S0122,,,,T004_S0122,temperature_based_device_control,,Green category: environmental_awareness Topic: temperature_based_device_control Rule: IF Current pollen count rises above 10 from Weather Underground THEN set operation mode to High using Samsung Air Purifier.,17.498563766479492,11.444727897644043,5.837741851806641
rule__T004_S0123,rule_index,green_rule,environmental_awareness,environmental_awareness,T004_S0123,,,,T004_S0123,temperature_based_device_control,,Green category: environmental_awareness Topic: temperature_based_device_control Rule: IF Current humidity level rises above a configured threshold from Weather Underground THEN set operation mode to Dry using Samsung Floor Air Conditioner.,17.44363784790039,11.427207946777344,5.89497184753418
rule__T004_S0124,rule_index,green_rule,environmental_awareness,environmental_awareness,T004_S0124,,,,T004_S0124,temperature_based_device_control,,Green category: environmental_awareness Topic: temperature_based_device_control Rule: IF Current humidity level rises above a configured threshold from Weather Underground THEN set operation mode to Dry using Samsung Room Air Conditioner.,17.497753143310547,11.393677711486816,5.905046463012695
rule__T004_S0125,rule_index,green_rule,environmental_awareness,environmental_awareness,T004_S0125,,,,T004_S0125,temperature_based_device_control,,Green category: environmental_awareness Topic: temperature_based_device_control Rule: IF Current temperature rises above from Weather Underground THEN turn A/C on using Sensibo.,17.917552947998047,12.039155960083008,6.084748268127441
rule__T004_S0126,rule_index,green_rule,environmental_awareness,environmental_awareness,T004_S0126,,,,T004_S0126,temperature_based_device_control,,Green category: environmental_awareness Topic: temperature_based_device_control Rule: IF Current temperature drops below 45 from Weather Underground THEN turn A/C on using Sensibo.,17.931137084960938,12.06261920928955,6.086109638214111
rule__T004_S0127,rule_index,green_rule,environmental_awareness,environmental_awareness,T004_S0127,,,,T004_S0127,temperature_based_device_control,,Green category: environmental_awareness Topic: temperature_based_device_control Rule: IF Current temperature drops below a configured threshold from Weather Underground THEN switch on using SmartThings.,17.53409194946289,11.435037612915039,5.6474127769470215
rule__T004_S0128,rule_index,green_rule,environmental_awareness,environmental_awareness,T004_S0128,,,,T004_S0128,temperature_based_device_control,,Green category: environmental_awareness Topic: temperature_based_device_control Rule: IF Temperature rises above 75 degrees from SmartThings THEN turn A/C off using Sensibo.,17.943145751953125,12.058992385864258,6.0934157371521
rule__T004_S0129,rule_index,green_rule,environmental_awareness,environmental_awareness,T004_S0129,,,,T004_S0129,temperature_based_device_control,,Green category: environmental_awareness Topic: temperature_based_device_control Rule: IF Temperature drops below a configured threshold from SmartThings THEN turn A/C off using Sensibo.,17.924774169921875,12.037680625915527,6.068185329437256
rule__T004_S0130,rule_index,green_rule,environmental_awareness,environmental_awareness,T004_S0130,,,,T004_S0130,temperature_based_device_control,,Green category: environmental_awareness Topic: temperature_based_device_control Rule: IF Temperature rises above a configured threshold from ThermoSmart THEN turn on using WeMo Smart Plug.,17.050386428833008,11.853273391723633,5.555994510650635
rule__T004_S0132,rule_index,green_rule,environmental_awareness,environmental_awareness,T004_S0132,,,,T004_S0132,temperature_based_device_control,,Green category: environmental_awareness Topic: temperature_based_device_control Rule: IF Temperature rises above a configured threshold from SmartThings THEN turn on using WeMo Smart Plug.,17.137649536132812,11.861912727355957,5.588191509246826
rule__T004_S0133,rule_index,green_rule,environmental_awareness,environmental_awareness,T004_S0133,,,,T004_S0133,temperature_based_device_control,,Green category: environmental_awareness Topic: temperature_based_device_control Rule: IF Current temperature rises above 69 from Weather Underground THEN turn on using WeMo Smart Plug.,17.025545120239258,11.712732315063477,5.522411346435547
rule__T004_S0134,rule_index,green_rule,environmental_awareness,environmental_awareness,T004_S0134,,,,T004_S0134,temperature_based_device_control,,Green category: environmental_awareness Topic: temperature_based_device_control Rule: IF Current temperature rises above 70°F from Weather Underground THEN turn on using WeMo Smart Plug.,17.044551849365234,11.72644329071045,5.484235763549805
rule__T004_S0135,rule_index,green_rule,environmental_awareness,environmental_awareness,T004_S0135,,,,T004_S0135,temperature_based_device_control,,Green category: environmental_awareness Topic: temperature_based_device_control Rule: IF Current temperature drops below freezing from Weather Underground THEN turn on using WeMo Smart Plug.,17.150060653686523,11.55765438079834,5.525852680206299
rule__T004_S0136,rule_index,green_rule,environmental_awareness,environmental_awareness,T004_S0136,,,,T004_S0136,temperature_based_device_control,,Green category: environmental_awareness Topic: temperature_based_device_control Rule: IF Current temperature drops below from Weather Underground THEN turn on calefaction using WeMo Smart Plug.,17.166109085083008,11.494222640991211,5.516976833343506
rule__T004_S0137,rule_index,green_rule,environmental_awareness,environmental_awareness,T004_S0137,,,,T004_S0137,temperature_based_device_control,,Green category: environmental_awareness Topic: temperature_based_device_control Rule: IF Current temperature rises above from Weather Underground THEN turn on using WeMo Insight Switch.,17.348392486572266,11.470067977905273,5.986375331878662
rule__T004_S0138,rule_index,green_rule,environmental_awareness,environmental_awareness,T004_S0138,,,,T004_S0138,temperature_based_device_control,,Green category: environmental_awareness Topic: temperature_based_device_control Rule: IF Current temperature drops below a configured threshold from Weather Underground THEN turn on heater using WeMo Insight Switch.,17.412090301513672,11.434343338012695,5.972997188568115
rule__T004_S0139,rule_index,green_rule,environmental_awareness,environmental_awareness,T004_S0139,,,,T004_S0139,temperature_based_device_control,,Green category: environmental_awareness Topic: temperature_based_device_control Rule: IF moisture detected from SmartThings THEN switch on sump pump using SmartThings.,17.490453720092773,11.485004425048828,5.628870964050293
rule__T004_S0140,rule_index,green_rule,environmental_awareness,environmental_awareness,T004_S0140,,,,T004_S0140,temperature_based_device_control,,Green category: environmental_awareness Topic: temperature_based_device_control Rule: IF Temperature drops below 47 degrees from SmartThings THEN switch off using SmartThings.,17.542573928833008,11.528892517089844,5.625240802764893
rule__T004_S0141,rule_index,green_rule,environmental_awareness,environmental_awareness,T004_S0141,,,,T004_S0141,temperature_based_device_control,,Green category: environmental_awareness Topic: temperature_based_device_control Rule: IF Humidity rises above a configured threshold from SmartThings THEN turn on using WeMo Smart Plug.,17.265209197998047,11.801304817199707,5.688663482666016
rule__T004_S0142,rule_index,green_rule,environmental_awareness,environmental_awareness,T004_S0142,,,,T004_S0142,temperature_based_device_control,,Green category: environmental_awareness Topic: temperature_based_device_control Rule: IF Temperature rises above a configured threshold from Wink: Spotter THEN turn A/C on using Sensibo.,17.927061080932617,12.081113815307617,6.108615875244141
rule__T004_S0143,rule_index,green_rule,environmental_awareness,environmental_awareness,T004_S0143,,,,T004_S0143,temperature_based_device_control,,Green category: environmental_awareness Topic: temperature_based_device_control Rule: IF Temperature rises above a configured threshold from Wink: Spotter THEN turn on using WeMo Smart Plug.,17.17281150817871,11.854872703552246,5.549306392669678
rule__T004_S0145,rule_index,green_rule,environmental_awareness,environmental_awareness,T004_S0145,,,,T004_S0145,temperature_based_device_control,,Green category: environmental_awareness Topic: temperature_based_device_control Rule: IF Temperature is too high from Wireless Tag THEN turn A/C on using Sensibo.,17.969451904296875,12.091360092163086,6.12291145324707
rule__T004_S0146,rule_index,green_rule,environmental_awareness,environmental_awareness,T004_S0146,,,,T004_S0146,temperature_based_device_control,,Green category: environmental_awareness Topic: temperature_based_device_control Rule: IF Temperature is too low from Wireless Tag THEN turn A/C off using Sensibo.,17.943994522094727,12.083649635314941,6.102373123168945
rule__T004_S0148,rule_index,green_rule,environmental_awareness,environmental_awareness,T004_S0148,,,,T004_S0148,temperature_based_device_control,,Green category: environmental_awareness Topic: temperature_based_device_control Rule: IF Temperature drops from Netatmo Weather Station THEN turn on using WeMo Insight Switch.,17.4491024017334,12.052876472473145,5.983800888061523
rule__T005_S0005,rule_index,green_rule,scheduling_optimization,scheduling_optimization,T005_S0005,,,,T005_S0005,calendar_event_automation,,Green category: scheduling_optimization Topic: calendar_event_automation Rule: IF Event from search starts from Google Calendar THEN Prioritize Device using Google Wifi.,6.774440765380859,12.320428848266602,9.569803237915039
rule__T005_S0015,rule_index,green_rule,scheduling_optimization,scheduling_optimization,T005_S0015,,,,T005_S0015,calendar_event_automation,,Green category: scheduling_optimization Topic: calendar_event_automation Rule: IF Any event starts from Google Calendar THEN Set a zone temperature using Honeywell evohome.,6.732221603393555,12.196377754211426,9.627192497253418
rule__T005_S0019,rule_index,green_rule,scheduling_optimization,scheduling_optimization,T005_S0019,,,,T005_S0019,calendar_event_automation,,Green category: scheduling_optimization Topic: calendar_event_automation Rule: IF Event from search starts from Google Calendar THEN Create vacation using ecobee.,6.723293781280518,12.264817237854004,9.607925415039062
rule__T005_S0024,rule_index,green_rule,scheduling_optimization,scheduling_optimization,T005_S0024,,,,T005_S0024,calendar_event_automation,,Green category: scheduling_optimization Topic: calendar_event_automation Rule: IF Every day of the week at from Date & Time THEN Set vacation mode using GE Appliances GeoSpring.,6.623812675476074,12.022647857666016,9.64090633392334
rule__T005_S0025,rule_index,green_rule,scheduling_optimization,scheduling_optimization,T005_S0025,,,,T005_S0025,calendar_event_automation,,Green category: scheduling_optimization Topic: calendar_event_automation Rule: IF Every day of the week at from Date & Time THEN Set operating mode using GE Appliances GeoSpring.,6.62932014465332,12.026875495910645,9.642559051513672
rule__T005_S0027,rule_index,green_rule,scheduling_optimization,scheduling_optimization,T005_S0027,,,,T005_S0027,calendar_event_automation,,Green category: scheduling_optimization Topic: calendar_event_automation Rule: IF Every day of the week at from Date & Time THEN Set temperature using GE Appliances GeoSpring.,6.679813861846924,12.021028518676758,9.609335899353027
rule__T005_S0034,rule_index,green_rule,scheduling_optimization,scheduling_optimization,T005_S0034,,,,T005_S0034,calendar_event_automation,,Green category: scheduling_optimization Topic: calendar_event_automation Rule: IF Vacation mode selected from GE Appliances GeoSpring THEN Turn off lights using Philips Hue.,6.583690643310547,11.979473114013672,9.666746139526367
rule__T005_S0036,rule_index,green_rule,scheduling_optimization,scheduling_optimization,T005_S0036,,,,T005_S0036,calendar_event_automation,,Green category: scheduling_optimization Topic: calendar_event_automation Rule: IF Event from search starts from Google Calendar THEN Set temperature using Nest Thermostat.,6.908670902252197,12.224061965942383,9.490035057067871
rule__T005_S0037,rule_index,green_rule,scheduling_optimization,scheduling_optimization,T005_S0037,,,,T005_S0037,calendar_event_automation,,Green category: scheduling_optimization Topic: calendar_event_automation Rule: IF Event from search starts from Google Calendar THEN Set to frost-guard mode using Netatmo Thermostat.,6.933778762817383,12.236751556396484,9.459687232971191
rule__T005_S0038,rule_index,green_rule,scheduling_optimization,scheduling_optimization,T005_S0038,,,,T005_S0038,calendar_event_automation,,Green category: scheduling_optimization Topic: calendar_event_automation Rule: IF Event from search starts from Google Calendar THEN Set to away mode with a time limit using Netatmo Thermostat.,6.898900985717773,12.272589683532715,9.485551834106445
rule__T005_S0039,rule_index,green_rule,scheduling_optimization,scheduling_optimization,T005_S0039,,,,T005_S0039,calendar_event_automation,,Green category: scheduling_optimization Topic: calendar_event_automation Rule: IF Event from search starts from Google Calendar THEN Set to away mode using Netatmo Thermostat.,6.973443031311035,12.256921768188477,9.436493873596191
rule__T005_S0042,rule_index,green_rule,scheduling_optimization,scheduling_optimization,T005_S0042,,,,T005_S0042,calendar_event_automation,,Green category: scheduling_optimization Topic: calendar_event_automation Rule: IF Event from search starts from Google Calendar THEN Switch schedule using Netatmo Thermostat.,6.949791431427002,12.229544639587402,9.425004959106445
rule__T005_S0048,rule_index,green_rule,scheduling_optimization,scheduling_optimization,T005_S0048,,,,T005_S0048,calendar_event_automation,,Green category: scheduling_optimization Topic: calendar_event_automation Rule: IF Event from search starts from Google Calendar THEN Turn off oven using GE Appliances Cooking.,6.8246941566467285,12.336520195007324,9.591136932373047
rule__T005_S0050,rule_index,green_rule,scheduling_optimization,scheduling_optimization,T005_S0050,,,,T005_S0050,calendar_event_automation,,Green category: scheduling_optimization Topic: calendar_event_automation Rule: IF Every day at from Date & Time THEN Set temperature using GE Appliances GeoSpring.,6.674805164337158,12.033920288085938,9.62573528289795
rule__T005_S0053,rule_index,green_rule,scheduling_optimization,scheduling_optimization,T005_S0053,,,,T005_S0053,calendar_event_automation,,Green category: scheduling_optimization Topic: calendar_event_automation Rule: IF Event from search starts from Google Calendar THEN Turn off your thermostat using Hive Active Heating.,6.898308277130127,12.183772087097168,9.479373931884766
rule__T005_S0054,rule_index,green_rule,scheduling_optimization,scheduling_optimization,T005_S0054,,,,T005_S0054,calendar_event_automation,,Green category: scheduling_optimization Topic: calendar_event_automation Rule: IF Any event starts from Google Calendar THEN Turn lights off using LIFX.,6.843773365020752,12.413066864013672,9.62254524230957
rule__T005_S0074,rule_index,green_rule,scheduling_optimization,scheduling_optimization,T005_S0074,,,,T005_S0074,calendar_event_automation,,Green category: scheduling_optimization Topic: calendar_event_automation Rule: IF Event from search starts from Google Calendar THEN Set vacation mode using GE Appliances GeoSpring.,6.64881706237793,12.14505386352539,9.646470069885254
rule__T005_S0075,rule_index,green_rule,scheduling_optimization,scheduling_optimization,T005_S0075,,,,T005_S0075,calendar_event_automation,,Green category: scheduling_optimization Topic: calendar_event_automation Rule: IF Event from search starts from Google Calendar THEN Set temperature to a permanent hold using Honeywell Total Connect Comfort.,6.74484395980835,12.182822227478027,9.63776683807373
rule__T005_S0085,rule_index,green_rule,scheduling_optimization,scheduling_optimization,T005_S0085,,,,T005_S0085,calendar_event_automation,,Green category: scheduling_optimization Topic: calendar_event_automation Rule: IF Event from search starts from Google Calendar THEN Set comfort profile until next transition using ecobee.,6.692005634307861,12.209076881408691,9.63661003112793
rule__T005_S0087,rule_index,green_rule,scheduling_optimization,scheduling_optimization,T005_S0087,,,,T005_S0087,calendar_event_automation,,Green category: scheduling_optimization Topic: calendar_event_automation Rule: IF Event from search starts from Google Calendar THEN Enable a quick action using Honeywell evohome.,6.764553070068359,12.232915878295898,9.609428405761719
rule__T005_S0088,rule_index,green_rule,scheduling_optimization,scheduling_optimization,T005_S0088,,,,T005_S0088,calendar_event_automation,,Green category: scheduling_optimization Topic: calendar_event_automation Rule: IF Event from search starts from Google Calendar THEN Enable/Disable Holiday mode using Daikin Online Controller.,6.775868892669678,12.31015682220459,9.556936264038086
rule__T005_S0091,rule_index,green_rule,scheduling_optimization,scheduling_optimization,T005_S0091,,,,T005_S0091,calendar_event_automation,,Green category: scheduling_optimization Topic: calendar_event_automation Rule: IF Event from search starts from Google Calendar THEN Set comfort profile for X hours using ecobee.,6.660756587982178,12.29883098602295,9.546253204345703
rule__T005_S0096,rule_index,green_rule,scheduling_optimization,scheduling_optimization,T005_S0096,,,,T005_S0096,calendar_event_automation,,Green category: scheduling_optimization Topic: calendar_event_automation Rule: IF You enter an area from Location THEN Set operating mode using GE Appliances GeoSpring.,6.638660907745361,12.032017707824707,9.626749038696289
rule__T005_S0099,rule_index,green_rule,scheduling_optimization,scheduling_optimization,T005_S0099,,,,T005_S0099,calendar_event_automation,,Green category: scheduling_optimization Topic: calendar_event_automation Rule: IF Event from search starts from Google Calendar THEN Set temperature using ThermoSmart.,6.868310928344727,12.20030689239502,9.459064483642578
rule__T005_S0101,rule_index,green_rule,scheduling_optimization,scheduling_optimization,T005_S0101,,,,T005_S0101,calendar_event_automation,,Green category: scheduling_optimization Topic: calendar_event_automation Rule: IF Event from search starts from Google Calendar THEN Turn A/C on using Sensibo.,6.813163757324219,12.306841850280762,9.528092384338379
rule__T005_S0102,rule_index,green_rule,scheduling_optimization,scheduling_optimization,T005_S0102,,,,T005_S0102,calendar_event_automation,,Green category: scheduling_optimization Topic: calendar_event_automation Rule: IF Event from search starts from Google Calendar THEN Switch on using SmartThings.,6.827300071716309,12.366390228271484,9.590734481811523
rule__T005_S0110,rule_index,green_rule,scheduling_optimization,scheduling_optimization,T005_S0110,,,,T005_S0110,calendar_event_automation,,Green category: scheduling_optimization Topic: calendar_event_automation Rule: IF Pollution is high from Foobot THEN Quick add event using Google Calendar.,6.794918537139893,12.323223114013672,9.589386940002441
rule__T005_S0113,rule_index,green_rule,scheduling_optimization,scheduling_optimization,T005_S0113,,,,T005_S0113,calendar_event_automation,,Green category: scheduling_optimization Topic: calendar_event_automation Rule: IF Any event starts from Google Calendar THEN Set temperature using ThermoSmart.,6.907993793487549,12.241185188293457,9.487393379211426
rule__T005_S0116,rule_index,green_rule,scheduling_optimization,scheduling_optimization,T005_S0116,,,,T005_S0116,calendar_event_automation,,Green category: scheduling_optimization Topic: calendar_event_automation Rule: IF Event from search starts from Google Calendar THEN Set cook timer and mode using WeMo Slow Cooker.,6.916662216186523,12.3696870803833,9.56699275970459
rule__T005_S0122,rule_index,green_rule,scheduling_optimization,scheduling_optimization,T005_S0122,,,,T005_S0122,calendar_event_automation,,Green category: scheduling_optimization Topic: calendar_event_automation Rule: IF Every day at from Date & Time THEN Start vacuum cleaning using Samsung Robot Vacuum.,6.8421406745910645,12.301142692565918,9.513825416564941
rule__T005_S0123,rule_index,green_rule,scheduling_optimization,scheduling_optimization,T005_S0123,,,,T005_S0123,calendar_event_automation,,Green category: scheduling_optimization Topic: calendar_event_automation Rule: IF Any event starts from Google Calendar THEN Turn on using WeMo Light Switch.,6.92035436630249,12.338569641113281,9.527393341064453
rule__T005_S0124,rule_index,green_rule,scheduling_optimization,scheduling_optimization,T005_S0124,,,,T005_S0124,calendar_event_automation,,Green category: scheduling_optimization Topic: calendar_event_automation Rule: IF Event from search starts from Google Calendar THEN Turn off using WeMo Light Switch.,6.859351634979248,12.368341445922852,9.513611793518066
rule__T005_S0125,rule_index,green_rule,scheduling_optimization,scheduling_optimization,T005_S0125,,,,T005_S0125,calendar_event_automation,,Green category: scheduling_optimization Topic: calendar_event_automation Rule: IF Event from search starts from Google Calendar THEN Turn off using WeMo Smart Plug.,6.926671504974365,12.398579597473145,9.55308723449707
rule__T005_S0128,rule_index,green_rule,scheduling_optimization,scheduling_optimization,T005_S0128,,,,T005_S0128,calendar_event_automation,,Green category: scheduling_optimization Topic: calendar_event_automation Rule: IF Event from search starts from Google Calendar THEN Activate shortcut using Wink: Shortcuts.,6.817355632781982,12.375947952270508,9.558491706848145
rule__T005_S0130,rule_index,green_rule,scheduling_optimization,scheduling_optimization,T005_S0130,,,,T005_S0130,calendar_event_automation,,Green category: scheduling_optimization Topic: calendar_event_automation Rule: IF Washing cycle is over from Whirlpool Washer THEN Boost your hot water using Hive Active Heating.,6.950575828552246,12.17357063293457,9.430867195129395
rule__T005_S0137,rule_index,green_rule,scheduling_optimization,scheduling_optimization,T005_S0137,,,,T005_S0137,calendar_event_automation,,Green category: scheduling_optimization Topic: calendar_event_automation Rule: IF Event from search starts from Google Calendar THEN Set to vacation mode using NIBE Uplink.,6.720820903778076,12.21750259399414,9.588040351867676
rule__T009_S0001,rule_index,green_rule,lighting_efficiency,lighting_efficiency,T009_S0001,,,,T009_S0001,automated_light_control,,Green category: lighting_efficiency Topic: automated_light_control Rule: IF You exit an area from Location THEN Turn off lights using Philips Hue.,13.01878833770752,3.3868489265441895,6.859133243560791
rule__T009_S0002,rule_index,green_rule,lighting_efficiency,lighting_efficiency,T009_S0002,,,,T009_S0002,automated_light_control,,Green category: lighting_efficiency Topic: automated_light_control Rule: IF You exit an area from Location THEN Turn Hue lights off.,12.598625183105469,3.4265172481536865,7.036322593688965
rule__T009_S0003,rule_index,green_rule,lighting_efficiency,lighting_efficiency,T009_S0003,,,,T009_S0003,automated_light_control,,Green category: lighting_efficiency Topic: automated_light_control Rule: IF You enter an area from Location THEN Turn light on using Emberlight.,12.105426788330078,3.2293894290924072,7.237612247467041
rule__T009_S0008,rule_index,green_rule,lighting_efficiency,lighting_efficiency,T009_S0008,,,,T009_S0008,automated_light_control,,Green category: lighting_efficiency Topic: automated_light_control Rule: IF Ambient light level changes from Stack Lighting THEN Set shade position using Lutron Caseta Wireless.,12.195636749267578,3.3983099460601807,6.983042240142822
rule__T009_S0011,rule_index,green_rule,lighting_efficiency,lighting_efficiency,T009_S0011,,,,T009_S0011,automated_light_control,,Green category: lighting_efficiency Topic: automated_light_control Rule: IF You exit an area from Location THEN Turn off your Hue lights.,12.681085586547852,3.4518496990203857,6.986909866333008
rule__T009_S0014,rule_index,green_rule,lighting_efficiency,lighting_efficiency,T009_S0014,,,,T009_S0014,automated_light_control,,Green category: lighting_efficiency Topic: automated_light_control Rule: IF You exit an area from Location THEN Turn light off using Emberlight.,12.411064147949219,3.382021188735962,7.117500305175781
rule__T009_S0016,rule_index,green_rule,lighting_efficiency,lighting_efficiency,T009_S0016,,,,T009_S0016,automated_light_control,,Green category: lighting_efficiency Topic: automated_light_control Rule: IF You exit an area from Location THEN Turn off using D-Link Smart Plug.,12.419319152832031,3.3998630046844482,7.110052108764648
rule__T009_S0017,rule_index,green_rule,lighting_efficiency,lighting_efficiency,T009_S0017,,,,T009_S0017,automated_light_control,,Green category: lighting_efficiency Topic: automated_light_control Rule: IF You exit an area from Location THEN turn off hue lamps.,12.667194366455078,3.4657046794891357,6.993847370147705
rule__T009_S0018,rule_index,green_rule,lighting_efficiency,lighting_efficiency,T009_S0018,,,,T009_S0018,automated_light_control,,Green category: lighting_efficiency Topic: automated_light_control Rule: IF You enter an area from Location THEN Turn on plug using Smappee.,12.0468111038208,3.1840403079986572,7.269136905670166
rule__T009_S0020,rule_index,green_rule,lighting_efficiency,lighting_efficiency,T009_S0020,,,,T009_S0020,automated_light_control,,Green category: lighting_efficiency Topic: automated_light_control Rule: IF You exit an area from Location THEN Turn off your lights using Philips Hue.,13.007006645202637,3.36790132522583,6.850675582885742
rule__T009_S0021,rule_index,green_rule,lighting_efficiency,lighting_efficiency,T009_S0021,,,,T009_S0021,automated_light_control,,Green category: lighting_efficiency Topic: automated_light_control Rule: IF You exit an area from Location THEN Activate scene using Lutron Caseta Wireless.,12.338525772094727,3.405560255050659,7.065239906311035
rule__T009_S0024,rule_index,green_rule,lighting_efficiency,lighting_efficiency,T009_S0024,,,,T009_S0024,automated_light_control,,Green category: lighting_efficiency Topic: automated_light_control Rule: IF You enter an area from Location THEN Turn on light using LightwaveRF Lighting.,12.13677978515625,3.240412712097168,7.216609001159668
rule__T009_S0026,rule_index,green_rule,lighting_efficiency,lighting_efficiency,T009_S0026,,,,T009_S0026,automated_light_control,,Green category: lighting_efficiency Topic: automated_light_control Rule: IF You enter an area from Location THEN Switch on using SmartThings.,12.131380081176758,3.254760503768921,7.2418341636657715
rule__T009_S0027,rule_index,green_rule,lighting_efficiency,lighting_efficiency,T009_S0027,,,,T009_S0027,automated_light_control,,Green category: lighting_efficiency Topic: automated_light_control Rule: IF You enter an area from Location THEN Lights On.,12.10004711151123,3.227982759475708,7.228813648223877
rule__T009_S0031,rule_index,green_rule,lighting_efficiency,lighting_efficiency,T009_S0031,,,,T009_S0031,automated_light_control,,Green category: lighting_efficiency Topic: automated_light_control Rule: IF A/C turned off from IntesisHome THEN Turn off lights using Philips Hue.,13.635400772094727,3.3085529804229736,6.609235763549805
rule__T009_S0032,rule_index,green_rule,lighting_efficiency,lighting_efficiency,T009_S0032,,,,T009_S0032,automated_light_control,,Green category: lighting_efficiency Topic: automated_light_control Rule: IF You exit an area from Location THEN Turn off using WIFIPLUG.,12.410127639770508,3.3816208839416504,7.105027198791504
rule__T009_S0043,rule_index,green_rule,lighting_efficiency,lighting_efficiency,T009_S0043,,,,T009_S0043,automated_light_control,,Green category: lighting_efficiency Topic: automated_light_control Rule: IF You enter an area from Location THEN Turn on using WIFIPLUG.,12.093465805053711,3.1912693977355957,7.203439712524414
rule__T009_S0052,rule_index,green_rule,lighting_efficiency,lighting_efficiency,T009_S0052,,,,T009_S0052,automated_light_control,,Green category: lighting_efficiency Topic: automated_light_control Rule: IF You exit an area from Location THEN Switch off a socket using LightwaveRF Power.,12.354640007019043,3.376232862472534,7.139910697937012
rule__T009_S0053,rule_index,green_rule,lighting_efficiency,lighting_efficiency,T009_S0053,,,,T009_S0053,automated_light_control,,Green category: lighting_efficiency Topic: automated_light_control Rule: IF You enter an area from Location THEN Switch on a socket using LightwaveRF Power.,12.192374229431152,3.3007659912109375,7.246269226074219
rule__T009_S0054,rule_index,green_rule,lighting_efficiency,lighting_efficiency,T009_S0054,,,,T009_S0054,automated_light_control,,Green category: lighting_efficiency Topic: automated_light_control Rule: IF You enter an area from Location THEN Start an event using LightwaveRF Events.,12.090242385864258,3.2344467639923096,7.226643085479736
rule__T009_S0058,rule_index,green_rule,lighting_efficiency,lighting_efficiency,T009_S0058,,,,T009_S0058,automated_light_control,,Green category: lighting_efficiency Topic: automated_light_control Rule: IF You enter an area from Location THEN Turn on group of lights using Emberlight.,12.128449440002441,3.2454681396484375,7.262789249420166
rule__T009_S0059,rule_index,green_rule,lighting_efficiency,lighting_efficiency,T009_S0059,,,,T009_S0059,automated_light_control,,Green category: lighting_efficiency Topic: automated_light_control Rule: IF You exit an area from Location THEN Turn a LightwaveRF Electric Switch off.,12.418898582458496,3.4068384170532227,7.087719917297363
rule__T009_S0065,rule_index,green_rule,lighting_efficiency,lighting_efficiency,T009_S0065,,,,T009_S0065,automated_light_control,,Green category: lighting_efficiency Topic: automated_light_control Rule: IF You enter an area from Location THEN Power on device using Energenie Mi|Home.,12.090927124023438,3.2241923809051514,7.237646102905273
rule__T009_S0070,rule_index,green_rule,lighting_efficiency,lighting_efficiency,T009_S0070,,,,T009_S0070,automated_light_control,,Green category: lighting_efficiency Topic: automated_light_control Rule: IF You enter an area from Location THEN Turn on switch using Home8.,12.03665542602539,3.1850426197052,7.286698341369629
rule__T009_S0071,rule_index,green_rule,lighting_efficiency,lighting_efficiency,T009_S0071,,,,T009_S0071,automated_light_control,,Green category: lighting_efficiency Topic: automated_light_control Rule: IF You enter an area from Location THEN Activate Scene using Hunter Douglas PowerView.,12.097987174987793,3.2317147254943848,7.21814489364624
rule__T009_S0075,rule_index,green_rule,lighting_efficiency,lighting_efficiency,T009_S0075,,,,T009_S0075,automated_light_control,,Green category: lighting_efficiency Topic: automated_light_control Rule: IF You exit an area from Location THEN Turn off Hue lights.,12.68445873260498,3.4544432163238525,6.9862799644470215
rule__T009_S0076,rule_index,green_rule,lighting_efficiency,lighting_efficiency,T009_S0076,,,,T009_S0076,automated_light_control,,Green category: lighting_efficiency Topic: automated_light_control Rule: IF You exit an area from Location THEN Turn off light using LightwaveRF Lighting.,12.440628051757812,3.3923544883728027,7.104974269866943
rule__T009_S0084,rule_index,green_rule,lighting_efficiency,lighting_efficiency,T009_S0084,,,,T009_S0084,automated_light_control,,Green category: lighting_efficiency Topic: automated_light_control Rule: IF You exit an area from Location THEN Turn off hue lights.,12.650514602661133,3.4394583702087402,7.0038838386535645
